2025-04-27 06:05:45 INFO log.py:21: Yasb v1.7.0
2025-04-27 06:05:45 INFO config.py:61: Created default config file at C:\Users\Mimi\.config\yasb\config.yaml
2025-04-27 06:05:45 INFO config.py:75: Created default stylesheet at C:\Users\Mimi\.config\yasb\styles.css
2025-04-27 06:05:45 DEBUG win32.py:55: Looking up time zone info from registry
2025-04-27 06:05:45 INFO weather.py:349: Fetched new weather data at 2025-04-27 06:05:45.635785
2025-04-27 06:05:45 DEBUG __init__.py:149: CoInitializeEx(None, 2)
2025-04-27 06:05:46 INFO weather.py:349: Fetched new weather data at 2025-04-27 06:05:46.678012
2025-04-27 06:05:46 INFO watcher.py:39: Created file watcher for path C:\Users\Mimi\.config\yasb
2025-04-27 06:05:46 INFO event_listener.py:53: Created named pipe yasb-e5a5b2ff-231c-11f0-9b02-e884a50e5cc6
2025-04-27 06:05:46 DEBUG _windows.py:213: Starting (proactor: <_IocpProactor overlapped#=0 result#=0>)...
2025-04-27 06:05:46 DEBUG _windows.py:192: Thread started
2025-04-27 06:06:27 INFO controller.py:27: Exiting Application from CLI...
2025-04-27 06:06:27 DEBUG _windows.py:218: Stopping worker thread...
2025-04-27 06:06:27 DEBUG _windows.py:201: Exiting thread
2025-04-27 06:06:27 DEBUG _windows.py:75: Closing
2025-04-27 06:06:27 ERROR event_service.py:30: Failed to emit signal <bound PYQT_SIGNAL update_event of TaskbarWidget object at 0x000001C51F8BBD90>. Removing link to WinEvent.EventObjectHide.
2025-04-27 06:06:27 ERROR event_service.py:30: Failed to emit signal <bound PYQT_SIGNAL update_event of TaskbarWidget object at 0x000001C51F8BBD90>. Removing link to WinEvent.EventObjectDestroy.
2025-04-27 06:06:27 ERROR event_service.py:30: Failed to emit signal <bound PYQT_SIGNAL update_event of TaskbarWidget object at 0x000001C520D2FBB0>. Removing link to WinEvent.EventObjectDestroy.
2025-04-27 06:06:27 ERROR event_service.py:30: Failed to emit signal <bound PYQT_SIGNAL foreground_change of ActiveWindowWidget object at 0x000001C51ED4B2F0>. Removing link to WinEvent.EventSystemForeground.
2025-04-27 06:06:27 ERROR event_service.py:30: Failed to emit signal <bound PYQT_SIGNAL foreground_change of ActiveWindowWidget object at 0x000001C520D2D950>. Removing link to WinEvent.EventSystemForeground.
2025-04-27 06:06:27 ERROR event_service.py:30: Failed to emit signal <bound PYQT_SIGNAL update_event of TaskbarWidget object at 0x000001C51F8BBD90>. Removing link to WinEvent.EventObjectFocus.
2025-04-27 06:06:27 ERROR event_service.py:30: Failed to emit signal <bound PYQT_SIGNAL update_event of TaskbarWidget object at 0x000001C520D2FBB0>. Removing link to WinEvent.EventObjectFocus.
2025-04-27 06:06:29 INFO log.py:21: Yasb v1.7.0
2025-04-27 06:06:29 DEBUG win32.py:55: Looking up time zone info from registry
2025-04-27 06:06:29 INFO weather.py:349: Fetched new weather data at 2025-04-27 06:06:29.317464
2025-04-27 06:06:29 DEBUG __init__.py:149: CoInitializeEx(None, 2)
2025-04-27 06:06:30 INFO weather.py:349: Fetched new weather data at 2025-04-27 06:06:30.249170
2025-04-27 06:06:30 INFO watcher.py:39: Created file watcher for path C:\Users\Mimi\.config\yasb
2025-04-27 06:06:30 INFO event_listener.py:53: Created named pipe yasb-ff9f76a9-231c-11f0-83af-e884a50e5cc6
2025-04-27 06:06:30 DEBUG _windows.py:213: Starting (proactor: <_IocpProactor overlapped#=0 result#=0>)...
2025-04-27 06:06:30 DEBUG _windows.py:192: Thread started
2025-04-27 06:09:30 INFO controller.py:12: Reloading Application from tray...
2025-04-27 06:09:30 DEBUG _windows.py:218: Stopping worker thread...
2025-04-27 06:09:30 DEBUG _windows.py:201: Exiting thread
2025-04-27 06:09:30 DEBUG _windows.py:75: Closing
2025-04-27 06:09:30 INFO log.py:21: Yasb v1.7.0
2025-04-27 06:09:30 DEBUG win32.py:55: Looking up time zone info from registry
2025-04-27 06:09:30 INFO weather.py:349: Fetched new weather data at 2025-04-27 06:09:30.972144
2025-04-27 06:09:31 DEBUG __init__.py:149: CoInitializeEx(None, 2)
2025-04-27 06:09:31 INFO weather.py:349: Fetched new weather data at 2025-04-27 06:09:31.920031
2025-04-27 06:09:31 INFO watcher.py:39: Created file watcher for path C:\Users\Mimi\.config\yasb
2025-04-27 06:09:31 INFO event_listener.py:53: Created named pipe yasb-6be7789f-231d-11f0-bcbf-e884a50e5cc6
2025-04-27 06:09:32 DEBUG _windows.py:213: Starting (proactor: <_IocpProactor overlapped#=0 result#=0>)...
2025-04-27 06:09:32 DEBUG _windows.py:192: Thread started
2025-04-27 06:09:46 INFO controller.py:27: Exiting Application from tray...
2025-04-27 06:09:46 DEBUG _windows.py:218: Stopping worker thread...
2025-04-27 06:09:46 DEBUG _windows.py:201: Exiting thread
2025-04-27 06:09:46 DEBUG _windows.py:75: Closing
2025-04-27 06:09:46 ERROR event_service.py:30: Failed to emit signal <bound PYQT_SIGNAL window_name_change of ActiveWindowWidget object at 0x000001F550C67A70>. Removing link to WinEvent.EventObjectStateChange.
2025-04-27 06:09:46 ERROR event_service.py:30: Failed to emit signal <bound PYQT_SIGNAL window_name_change of ActiveWindowWidget object at 0x000001F550C67A70>. Removing link to WinEvent.EventObjectNameChange.
2025-04-27 19:59:51 INFO log.py:21: Yasb v1.7.0
2025-04-27 19:59:51 DEBUG win32.py:55: Looking up time zone info from registry
2025-04-27 19:59:51 INFO weather.py:349: Fetched new weather data at 2025-04-27 19:59:51.915516
2025-04-27 19:59:52 DEBUG __init__.py:149: CoInitializeEx(None, 2)
2025-04-27 19:59:52 INFO weather.py:349: Fetched new weather data at 2025-04-27 19:59:52.964812
2025-04-27 19:59:53 INFO watcher.py:39: Created file watcher for path C:\Users\Mimi\.config\yasb
2025-04-27 19:59:53 INFO event_listener.py:53: Created named pipe yasb-6b8fa062-2391-11f0-90a2-e884a50e5cc6
2025-04-27 19:59:53 DEBUG _windows.py:213: Starting (proactor: <_IocpProactor overlapped#=0 result#=0>)...
2025-04-27 19:59:53 DEBUG _windows.py:192: Thread started
2025-04-27 19:59:53 INFO event_listener.py:125: Komorebi connected to named pipe: yasb-6b8fa062-2391-11f0-90a2-e884a50e5cc6
2025-04-27 20:02:50 INFO controller.py:12: Reloading Application because of config update...
2025-04-27 20:02:50 DEBUG _windows.py:218: Stopping worker thread...
2025-04-27 20:02:50 DEBUG _windows.py:201: Exiting thread
2025-04-27 20:02:50 DEBUG _windows.py:75: Closing
2025-04-27 20:02:50 ERROR event_service.py:30: Failed to emit signal <bound PYQT_SIGNAL foreground_change of ActiveWindowWidget object at 0x000002368F813ED0>. Removing link to WinEvent.EventSystemForeground.
2025-04-27 20:02:50 INFO log.py:21: Yasb v1.7.0
2025-04-27 20:02:51 DEBUG win32.py:55: Looking up time zone info from registry
2025-04-27 20:02:51 DEBUG __init__.py:149: CoInitializeEx(None, 2)
2025-04-27 20:02:52 INFO watcher.py:39: Created file watcher for path C:\Users\Mimi\.config\yasb
2025-04-27 20:02:52 INFO event_listener.py:53: Created named pipe yasb-d65989d4-2391-11f0-8682-e884a50e5cc6
2025-04-27 20:02:52 DEBUG _windows.py:213: Starting (proactor: <_IocpProactor overlapped#=0 result#=0>)...
2025-04-27 20:02:52 DEBUG _windows.py:192: Thread started
2025-04-27 20:02:53 INFO event_listener.py:125: Komorebi connected to named pipe: yasb-d65989d4-2391-11f0-8682-e884a50e5cc6
2025-04-27 20:06:31 INFO controller.py:12: Reloading Application because of config update...
2025-04-27 20:06:31 DEBUG _windows.py:218: Stopping worker thread...
2025-04-27 20:06:31 DEBUG _windows.py:201: Exiting thread
2025-04-27 20:06:31 DEBUG _windows.py:75: Closing
2025-04-27 20:06:31 INFO log.py:21: Yasb v1.7.0
2025-04-27 20:06:31 DEBUG win32.py:55: Looking up time zone info from registry
2025-04-27 20:06:31 DEBUG __init__.py:149: CoInitializeEx(None, 2)
2025-04-27 20:06:32 INFO watcher.py:39: Created file watcher for path C:\Users\Mimi\.config\yasb
2025-04-27 20:06:32 INFO event_listener.py:53: Created named pipe yasb-59ced00f-2392-11f0-b9c0-e884a50e5cc6
2025-04-27 20:06:32 DEBUG _windows.py:213: Starting (proactor: <_IocpProactor overlapped#=0 result#=0>)...
2025-04-27 20:06:32 DEBUG _windows.py:192: Thread started
2025-04-27 20:06:32 INFO event_listener.py:125: Komorebi connected to named pipe: yasb-59ced00f-2392-11f0-b9c0-e884a50e5cc6
2025-04-27 20:06:54 INFO controller.py:12: Reloading Application because of config update...
2025-04-27 20:06:54 DEBUG _windows.py:218: Stopping worker thread...
2025-04-27 20:06:54 DEBUG _windows.py:201: Exiting thread
2025-04-27 20:06:54 DEBUG _windows.py:75: Closing
2025-04-27 20:06:54 ERROR event_service.py:30: Failed to emit signal <bound PYQT_SIGNAL window_name_change of ActiveWindowWidget object at 0x0000022A1E877A70>. Removing link to WinEvent.EventObjectNameChange.
2025-04-27 20:06:54 ERROR event_service.py:30: Failed to emit signal <bound PYQT_SIGNAL k_signal_update of WorkspaceWidget object at 0x0000022A1E877750>. Removing link to KomorebiEvent.KomorebiUpdate.
2025-04-27 20:06:54 INFO log.py:21: Yasb v1.7.0
2025-04-27 20:06:55 DEBUG win32.py:55: Looking up time zone info from registry
2025-04-27 20:06:55 DEBUG __init__.py:149: CoInitializeEx(None, 2)
2025-04-27 20:06:56 INFO watcher.py:39: Created file watcher for path C:\Users\Mimi\.config\yasb
2025-04-27 20:06:56 INFO event_listener.py:53: Created named pipe yasb-67bcdd7f-2392-11f0-8cfd-e884a50e5cc6
2025-04-27 20:06:56 DEBUG _windows.py:213: Starting (proactor: <_IocpProactor overlapped#=0 result#=0>)...
2025-04-27 20:06:56 DEBUG _windows.py:192: Thread started
2025-04-27 20:06:56 INFO event_listener.py:125: Komorebi connected to named pipe: yasb-67bcdd7f-2392-11f0-8cfd-e884a50e5cc6
2025-04-27 20:07:13 INFO controller.py:12: Reloading Application because of config update...
2025-04-27 20:07:13 DEBUG _windows.py:218: Stopping worker thread...
2025-04-27 20:07:13 DEBUG _windows.py:201: Exiting thread
2025-04-27 20:07:13 DEBUG _windows.py:75: Closing
2025-04-27 20:07:13 INFO log.py:21: Yasb v1.7.0
2025-04-27 20:07:13 DEBUG win32.py:55: Looking up time zone info from registry
2025-04-27 20:07:13 DEBUG __init__.py:149: CoInitializeEx(None, 2)
2025-04-27 20:07:14 INFO watcher.py:39: Created file watcher for path C:\Users\Mimi\.config\yasb
2025-04-27 20:07:14 INFO event_listener.py:53: Created named pipe yasb-72d8e80e-2392-11f0-9665-e884a50e5cc6
2025-04-27 20:07:14 DEBUG _windows.py:213: Starting (proactor: <_IocpProactor overlapped#=0 result#=0>)...
2025-04-27 20:07:14 DEBUG _windows.py:192: Thread started
2025-04-27 20:07:14 INFO event_listener.py:125: Komorebi connected to named pipe: yasb-72d8e80e-2392-11f0-9665-e884a50e5cc6
2025-04-27 20:07:34 INFO controller.py:12: Reloading Application because of config update...
2025-04-27 20:07:34 DEBUG _windows.py:218: Stopping worker thread...
2025-04-27 20:07:34 DEBUG _windows.py:201: Exiting thread
2025-04-27 20:07:34 DEBUG _windows.py:75: Closing
2025-04-27 20:07:35 INFO log.py:21: Yasb v1.7.0
2025-04-27 20:07:35 DEBUG win32.py:55: Looking up time zone info from registry
2025-04-27 20:07:35 WARNING widget_builder.py:38: No widget config could be found for widget '
2025-04-27 20:07:35 DEBUG __init__.py:149: CoInitializeEx(None, 2)
2025-04-27 20:07:36 WARNING widget_builder.py:35: Ignoring construction of invalid widget ''
2025-04-27 20:07:36 ERROR widget_builder.py:77: Failed to add undefined widget(s)  - The widget "" is undefined.
2025-04-27 20:07:36 INFO event_listener.py:53: Created named pipe yasb-7fa2d9b7-2392-11f0-adb5-e884a50e5cc6
2025-04-27 20:07:36 INFO event_listener.py:125: Komorebi connected to named pipe: yasb-7fa2d9b7-2392-11f0-adb5-e884a50e5cc6
2025-04-27 20:07:39 INFO watcher.py:39: Created file watcher for path C:\Users\Mimi\.config\yasb
2025-04-27 20:07:53 DEBUG _windows.py:213: Starting (proactor: <_IocpProactor overlapped#=0 result#=0>)...
2025-04-27 20:07:53 DEBUG _windows.py:192: Thread started
2025-04-27 20:07:54 INFO controller.py:12: Reloading Application because of config update...
2025-04-27 20:07:54 DEBUG _windows.py:218: Stopping worker thread...
2025-04-27 20:07:54 DEBUG _windows.py:201: Exiting thread
2025-04-27 20:07:54 DEBUG _windows.py:75: Closing
2025-04-27 20:07:54 INFO log.py:21: Yasb v1.7.0
2025-04-27 20:07:54 DEBUG win32.py:55: Looking up time zone info from registry
2025-04-27 20:07:54 DEBUG __init__.py:149: CoInitializeEx(None, 2)
2025-04-27 20:07:55 INFO watcher.py:39: Created file watcher for path C:\Users\Mimi\.config\yasb
2025-04-27 20:07:55 INFO event_listener.py:53: Created named pipe yasb-8b0cadd6-2392-11f0-8008-e884a50e5cc6
2025-04-27 20:07:55 DEBUG _windows.py:213: Starting (proactor: <_IocpProactor overlapped#=0 result#=0>)...
2025-04-27 20:07:55 DEBUG _windows.py:192: Thread started
2025-04-27 20:07:55 INFO event_listener.py:125: Komorebi connected to named pipe: yasb-8b0cadd6-2392-11f0-8008-e884a50e5cc6
2025-04-27 20:08:29 INFO controller.py:12: Reloading Application because of config update...
2025-04-27 20:08:29 DEBUG _windows.py:218: Stopping worker thread...
2025-04-27 20:08:29 DEBUG _windows.py:201: Exiting thread
2025-04-27 20:08:29 DEBUG _windows.py:75: Closing
2025-04-27 20:08:29 INFO log.py:21: Yasb v1.7.0
2025-04-27 20:08:29 DEBUG win32.py:55: Looking up time zone info from registry
2025-04-27 20:08:29 DEBUG __init__.py:149: CoInitializeEx(None, 2)
2025-04-27 20:08:30 INFO watcher.py:39: Created file watcher for path C:\Users\Mimi\.config\yasb
2025-04-27 20:08:30 INFO event_listener.py:53: Created named pipe yasb-a025a391-2392-11f0-80e7-e884a50e5cc6
2025-04-27 20:08:30 DEBUG _windows.py:213: Starting (proactor: <_IocpProactor overlapped#=0 result#=0>)...
2025-04-27 20:08:30 DEBUG _windows.py:192: Thread started
2025-04-27 20:08:30 INFO event_listener.py:125: Komorebi connected to named pipe: yasb-a025a391-2392-11f0-80e7-e884a50e5cc6
2025-04-27 20:08:50 INFO controller.py:12: Reloading Application because of config update...
2025-04-27 20:08:50 DEBUG _windows.py:218: Stopping worker thread...
2025-04-27 20:08:50 DEBUG _windows.py:201: Exiting thread
2025-04-27 20:08:50 DEBUG _windows.py:75: Closing
2025-04-27 20:08:50 ERROR event_service.py:30: Failed to emit signal <bound PYQT_SIGNAL k_signal_update of WorkspaceWidget object at 0x00000212403F7750>. Removing link to KomorebiEvent.KomorebiUpdate.
2025-04-27 20:08:50 ERROR event_service.py:30: Failed to emit signal <bound PYQT_SIGNAL k_signal_update of ActiveLayoutWidget object at 0x00000212403F79D0>. Removing link to KomorebiEvent.KomorebiUpdate.
2025-04-27 20:08:51 INFO log.py:21: Yasb v1.7.0
2025-04-27 20:08:51 DEBUG win32.py:55: Looking up time zone info from registry
2025-04-27 20:08:51 DEBUG __init__.py:149: CoInitializeEx(None, 2)
2025-04-27 20:08:52 INFO watcher.py:39: Created file watcher for path C:\Users\Mimi\.config\yasb
2025-04-27 20:08:52 INFO event_listener.py:53: Created named pipe yasb-ace8739a-2392-11f0-8ff3-e884a50e5cc6
2025-04-27 20:08:52 DEBUG _windows.py:213: Starting (proactor: <_IocpProactor overlapped#=0 result#=0>)...
2025-04-27 20:08:52 DEBUG _windows.py:192: Thread started
2025-04-27 20:08:52 INFO event_listener.py:125: Komorebi connected to named pipe: yasb-ace8739a-2392-11f0-8ff3-e884a50e5cc6
2025-04-27 20:39:19 INFO bar.py:99: Screen geometry changed. Updating position for bar (primary-bar_XB271HU A_ad4c7f82)
2025-04-27 20:39:19 INFO bar.py:99: Screen geometry changed. Updating position for bar (primary-bar_VG279QM_32943c75)
2025-04-27 20:40:02 INFO bar.py:99: Screen geometry changed. Updating position for bar (primary-bar_VG279QM_32943c75)
2025-04-27 20:40:17 INFO bar.py:99: Screen geometry changed. Updating position for bar (primary-bar_VG279QM_32943c75)
2025-04-27 20:45:31 CRITICAL tray_monitor.py:254: Could not find the real systray window
2025-04-27 21:02:54 INFO bar.py:99: Screen geometry changed. Updating position for bar (primary-bar_XB271HU A_ad4c7f82)
2025-04-28 02:13:40 WARNING event_listener.py:84: Pipe has been ended: (109, 'PeekNamedPipe', 'The pipe has been ended.')
2025-04-28 02:13:40 INFO event_listener.py:94: Attempting to reconnect to Komorebi...
2025-04-28 02:13:43 INFO event_listener.py:53: Created named pipe yasb-ace8739a-2392-11f0-8ff3-e884a50e5cc6
2025-04-28 02:14:04 INFO event_listener.py:125: Komorebi connected to named pipe: yasb-ace8739a-2392-11f0-8ff3-e884a50e5cc6
2025-04-28 02:19:39 WARNING event_listener.py:84: Pipe has been ended: (109, 'PeekNamedPipe', 'The pipe has been ended.')
2025-04-28 02:19:39 INFO event_listener.py:94: Attempting to reconnect to Komorebi...
2025-04-28 02:19:42 INFO event_listener.py:53: Created named pipe yasb-ace8739a-2392-11f0-8ff3-e884a50e5cc6
2025-04-28 02:20:43 INFO event_listener.py:125: Komorebi connected to named pipe: yasb-ace8739a-2392-11f0-8ff3-e884a50e5cc6
2025-04-28 02:31:04 INFO controller.py:27: Exiting Application from CLI...
2025-04-28 02:31:04 DEBUG _windows.py:218: Stopping worker thread...
2025-04-28 02:31:04 DEBUG _windows.py:201: Exiting thread
2025-04-28 02:31:04 DEBUG _windows.py:75: Closing
2025-04-28 02:31:04 ERROR event_service.py:30: Failed to emit signal <bound PYQT_SIGNAL window_name_change of ActiveWindowWidget object at 0x0000021F01D94690>. Removing link to WinEvent.EventObjectNameChange.
2025-04-28 02:31:04 ERROR event_service.py:30: Failed to emit signal <bound PYQT_SIGNAL k_signal_update of WorkspaceWidget object at 0x0000021F01D17930>. Removing link to KomorebiEvent.KomorebiUpdate.
2025-04-28 02:31:04 ERROR event_service.py:30: Failed to emit signal <bound PYQT_SIGNAL k_signal_update of WorkspaceWidget object at 0x0000021F01877750>. Removing link to KomorebiEvent.KomorebiUpdate.
2025-04-28 02:31:04 ERROR event_service.py:30: Failed to emit signal <bound PYQT_SIGNAL k_signal_update of ActiveLayoutWidget object at 0x0000021F01D17ED0>. Removing link to KomorebiEvent.KomorebiUpdate.
2025-04-28 02:31:05 INFO log.py:21: Yasb v1.7.0
2025-04-28 02:31:05 DEBUG win32.py:55: Looking up time zone info from registry
2025-04-28 02:31:06 INFO weather.py:349: Fetched new weather data at 2025-04-28 02:31:06.062246
2025-04-28 02:31:06 DEBUG __init__.py:149: CoInitializeEx(None, 2)
2025-04-28 02:31:06 ERROR weather.py:453: Error fetching weather data: HTTP Error 403: Forbidden
2025-04-28 02:31:06 INFO weather.py:349: Fetched new weather data at 2025-04-28 02:31:06.427925
2025-04-28 02:31:06 ERROR weather.py:453: Error fetching weather data: HTTP Error 403: Forbidden
2025-04-28 02:31:06 INFO watcher.py:39: Created file watcher for path C:\Users\Mimi\.config\yasb
2025-04-28 02:31:06 INFO event_listener.py:53: Created named pipe yasb-12d4e2d7-23c8-11f0-bbd8-e884a50e5cc6
2025-04-28 02:31:06 DEBUG _windows.py:213: Starting (proactor: <_IocpProactor overlapped#=0 result#=0>)...
2025-04-28 02:31:06 DEBUG _windows.py:192: Thread started
2025-04-28 02:31:07 INFO event_listener.py:125: Komorebi connected to named pipe: yasb-12d4e2d7-23c8-11f0-bbd8-e884a50e5cc6
2025-04-28 02:32:50 WARNING event_listener.py:84: Pipe has been ended: (109, 'PeekNamedPipe', 'The pipe has been ended.')
2025-04-28 02:32:50 INFO event_listener.py:94: Attempting to reconnect to Komorebi...
2025-04-28 02:32:53 INFO event_listener.py:53: Created named pipe yasb-12d4e2d7-23c8-11f0-bbd8-e884a50e5cc6
2025-04-28 02:32:53 INFO event_listener.py:125: Komorebi connected to named pipe: yasb-12d4e2d7-23c8-11f0-bbd8-e884a50e5cc6
2025-04-28 02:41:06 INFO weather.py:349: Fetched new weather data at 2025-04-28 02:41:06.067986
2025-04-28 02:41:06 ERROR weather.py:453: Error fetching weather data: HTTP Error 403: Forbidden
2025-04-28 02:41:06 INFO weather.py:349: Fetched new weather data at 2025-04-28 02:41:06.440646
2025-04-28 02:41:06 ERROR weather.py:453: Error fetching weather data: HTTP Error 403: Forbidden
2025-04-28 02:50:25 INFO controller.py:27: Exiting Application from CLI...
2025-04-28 02:50:25 DEBUG _windows.py:218: Stopping worker thread...
2025-04-28 02:50:25 DEBUG _windows.py:201: Exiting thread
2025-04-28 02:50:25 DEBUG _windows.py:75: Closing
2025-04-28 02:50:25 ERROR event_service.py:30: Failed to emit signal <bound PYQT_SIGNAL window_name_change of ActiveWindowWidget object at 0x000001ECB89B7B10>. Removing link to WinEvent.EventObjectNameChange.
2025-04-28 02:50:26 INFO log.py:21: Yasb v1.7.0
2025-04-28 02:50:26 DEBUG win32.py:55: Looking up time zone info from registry
2025-04-28 02:50:26 INFO weather.py:349: Fetched new weather data at 2025-04-28 02:50:26.836461
2025-04-28 02:50:26 DEBUG __init__.py:149: CoInitializeEx(None, 2)
2025-04-28 02:50:26 ERROR weather.py:453: Error fetching weather data: HTTP Error 403: Forbidden
2025-04-28 02:50:27 INFO weather.py:349: Fetched new weather data at 2025-04-28 02:50:27.903156
2025-04-28 02:50:27 ERROR weather.py:453: Error fetching weather data: HTTP Error 403: Forbidden
2025-04-28 02:50:27 INFO watcher.py:39: Created file watcher for path C:\Users\Mimi\.config\yasb
2025-04-28 02:50:28 INFO event_listener.py:53: Created named pipe yasb-c721cf61-23ca-11f0-8d88-e884a50e5cc6
2025-04-28 02:50:28 DEBUG _windows.py:213: Starting (proactor: <_IocpProactor overlapped#=0 result#=0>)...
2025-04-28 02:50:28 DEBUG _windows.py:192: Thread started
2025-04-28 02:50:28 INFO event_listener.py:125: Komorebi connected to named pipe: yasb-c721cf61-23ca-11f0-8d88-e884a50e5cc6
2025-04-28 02:50:55 INFO controller.py:27: Exiting Application from CLI...
2025-04-28 02:50:55 DEBUG _windows.py:218: Stopping worker thread...
2025-04-28 02:50:55 DEBUG _windows.py:201: Exiting thread
2025-04-28 02:50:55 DEBUG _windows.py:75: Closing
2025-04-28 02:50:56 INFO log.py:21: Yasb v1.7.0
2025-04-28 02:50:57 DEBUG win32.py:55: Looking up time zone info from registry
2025-04-28 02:50:57 DEBUG __init__.py:149: CoInitializeEx(None, 2)
2025-04-28 02:50:57 INFO weather.py:349: Fetched new weather data at 2025-04-28 02:50:57.323020
2025-04-28 02:50:57 ERROR weather.py:453: Error fetching weather data: HTTP Error 403: Forbidden
2025-04-28 02:51:01 ERROR github.py:396: HTTP Error occurred: 401 - {"message":"Bad credentials","documentation_url":"https://docs.github.com/rest","status":"401"}
2025-04-28 02:51:02 INFO weather.py:349: Fetched new weather data at 2025-04-28 02:51:02.278599
2025-04-28 02:51:02 ERROR weather.py:453: Error fetching weather data: HTTP Error 403: Forbidden
2025-04-28 02:51:02 INFO watcher.py:39: Created file watcher for path C:\Users\Mimi\.config\yasb
2025-04-28 02:51:02 INFO event_listener.py:53: Created named pipe yasb-db9cf4d6-23ca-11f0-a201-e884a50e5cc6
2025-04-28 02:51:02 DEBUG _windows.py:213: Starting (proactor: <_IocpProactor overlapped#=0 result#=0>)...
2025-04-28 02:51:02 DEBUG _windows.py:192: Thread started
2025-04-28 02:51:02 INFO event_listener.py:125: Komorebi connected to named pipe: yasb-db9cf4d6-23ca-11f0-a201-e884a50e5cc6
2025-04-28 02:51:02 ERROR github.py:396: HTTP Error occurred: 401 - {"message":"Bad credentials","documentation_url":"https://docs.github.com/rest","status":"401"}
2025-04-28 02:52:10 INFO controller.py:12: Reloading Application from tray...
2025-04-28 02:52:10 DEBUG _windows.py:218: Stopping worker thread...
2025-04-28 02:52:10 DEBUG _windows.py:201: Exiting thread
2025-04-28 02:52:10 DEBUG _windows.py:75: Closing
2025-04-28 02:52:10 ERROR event_service.py:30: Failed to emit signal <bound PYQT_SIGNAL foreground_change of ActiveWindowWidget object at 0x00000200459E6C10>. Removing link to WinEvent.EventSystemForeground.
2025-04-28 02:52:10 ERROR event_service.py:30: Failed to emit signal <bound PYQT_SIGNAL k_signal_update of WorkspaceWidget object at 0x00000200402A3890>. Removing link to KomorebiEvent.KomorebiUpdate.
2025-04-28 02:52:10 ERROR event_service.py:30: Failed to emit signal <bound PYQT_SIGNAL k_signal_update of WorkspaceWidget object at 0x00000200459E6490>. Removing link to KomorebiEvent.KomorebiUpdate.
2025-04-28 02:52:10 INFO log.py:21: Yasb v1.7.0
2025-04-28 02:52:10 DEBUG win32.py:55: Looking up time zone info from registry
2025-04-28 02:52:11 DEBUG __init__.py:149: CoInitializeEx(None, 2)
2025-04-28 02:52:11 INFO weather.py:349: Fetched new weather data at 2025-04-28 02:52:11.305623
2025-04-28 02:52:11 ERROR weather.py:453: Error fetching weather data: HTTP Error 403: Forbidden
2025-04-28 02:52:11 ERROR github.py:396: HTTP Error occurred: 401 - {"message":"Bad credentials","documentation_url":"https://docs.github.com/rest","status":"401"}
2025-04-28 02:52:12 INFO weather.py:349: Fetched new weather data at 2025-04-28 02:52:12.398697
2025-04-28 02:52:12 ERROR weather.py:453: Error fetching weather data: HTTP Error 403: Forbidden
2025-04-28 02:52:12 INFO watcher.py:39: Created file watcher for path C:\Users\Mimi\.config\yasb
2025-04-28 02:52:12 INFO event_listener.py:53: Created named pipe yasb-0568882e-23cb-11f0-a8de-e884a50e5cc6
2025-04-28 02:52:12 DEBUG _windows.py:213: Starting (proactor: <_IocpProactor overlapped#=0 result#=0>)...
2025-04-28 02:52:12 DEBUG _windows.py:192: Thread started
2025-04-28 02:52:12 INFO event_listener.py:125: Komorebi connected to named pipe: yasb-0568882e-23cb-11f0-a8de-e884a50e5cc6
2025-04-28 02:52:12 ERROR github.py:396: HTTP Error occurred: 401 - {"message":"Bad credentials","documentation_url":"https://docs.github.com/rest","status":"401"}
2025-04-28 02:56:34 INFO log.py:21: Yasb v1.7.0
2025-04-28 02:56:34 ERROR main.py:34: Another instance of the YASB is already running.
2025-04-28 02:56:54 INFO controller.py:27: Exiting Application from CLI...
2025-04-28 02:56:54 DEBUG _windows.py:218: Stopping worker thread...
2025-04-28 02:56:54 DEBUG _windows.py:201: Exiting thread
2025-04-28 02:56:54 DEBUG _windows.py:75: Closing
2025-04-28 02:56:54 ERROR event_service.py:30: Failed to emit signal <bound PYQT_SIGNAL window_name_change of ActiveWindowWidget object at 0x000002594D682AD0>. Removing link to WinEvent.EventObjectNameChange.
2025-04-28 02:56:54 ERROR event_service.py:30: Failed to emit signal <bound PYQT_SIGNAL foreground_change of ActiveWindowWidget object at 0x000002594D682AD0>. Removing link to WinEvent.EventSystemForeground.
2025-04-28 02:56:54 ERROR event_service.py:30: Failed to emit signal <bound PYQT_SIGNAL k_signal_update of WorkspaceWidget object at 0x000002594D183890>. Removing link to KomorebiEvent.KomorebiUpdate.
2025-04-28 02:56:55 INFO log.py:21: Yasb v1.7.0
2025-04-28 02:56:55 DEBUG win32.py:55: Looking up time zone info from registry
2025-04-28 02:56:56 INFO weather.py:349: Fetched new weather data at 2025-04-28 02:56:56.107503
2025-04-28 02:56:56 ERROR weather.py:453: Error fetching weather data: HTTP Error 403: Forbidden
2025-04-28 02:56:56 DEBUG __init__.py:149: CoInitializeEx(None, 2)
2025-04-28 02:56:57 INFO weather.py:349: Fetched new weather data at 2025-04-28 02:56:57.000077
2025-04-28 02:56:57 ERROR weather.py:453: Error fetching weather data: HTTP Error 403: Forbidden
2025-04-28 02:56:57 INFO watcher.py:39: Created file watcher for path C:\Users\Mimi\.config\yasb
2025-04-28 02:56:57 INFO event_listener.py:53: Created named pipe yasb-af0d1bbd-23cb-11f0-971e-e884a50e5cc6
2025-04-28 02:56:57 DEBUG _windows.py:213: Starting (proactor: <_IocpProactor overlapped#=0 result#=0>)...
2025-04-28 02:56:57 DEBUG _windows.py:192: Thread started
2025-04-28 02:56:57 INFO event_listener.py:125: Komorebi connected to named pipe: yasb-af0d1bbd-23cb-11f0-971e-e884a50e5cc6
2025-04-28 02:57:35 INFO controller.py:12: Reloading Application because of config update...
2025-04-28 02:57:35 DEBUG _windows.py:218: Stopping worker thread...
2025-04-28 02:57:35 DEBUG _windows.py:201: Exiting thread
2025-04-28 02:57:35 DEBUG _windows.py:75: Closing
2025-04-28 02:57:35 INFO log.py:21: Yasb v1.7.0
2025-04-28 02:57:35 DEBUG win32.py:55: Looking up time zone info from registry
2025-04-28 02:57:36 INFO weather.py:349: Fetched new weather data at 2025-04-28 02:57:36.045120
2025-04-28 02:57:36 DEBUG __init__.py:149: CoInitializeEx(None, 2)
2025-04-28 02:57:36 ERROR weather.py:453: Error fetching weather data: HTTP Error 403: Forbidden
2025-04-28 02:57:36 INFO weather.py:349: Fetched new weather data at 2025-04-28 02:57:36.879200
2025-04-28 02:57:36 ERROR weather.py:453: Error fetching weather data: HTTP Error 403: Forbidden
2025-04-28 02:57:36 INFO watcher.py:39: Created file watcher for path C:\Users\Mimi\.config\yasb
2025-04-28 02:57:36 INFO event_listener.py:53: Created named pipe yasb-c6d220b8-23cb-11f0-8bf2-e884a50e5cc6
2025-04-28 02:57:37 DEBUG _windows.py:213: Starting (proactor: <_IocpProactor overlapped#=0 result#=0>)...
2025-04-28 02:57:37 DEBUG _windows.py:192: Thread started
2025-04-28 02:57:37 INFO event_listener.py:125: Komorebi connected to named pipe: yasb-c6d220b8-23cb-11f0-8bf2-e884a50e5cc6
2025-04-28 02:57:40 INFO controller.py:12: Reloading Application because of config update...
2025-04-28 02:57:40 DEBUG _windows.py:218: Stopping worker thread...
2025-04-28 02:57:40 DEBUG _windows.py:201: Exiting thread
2025-04-28 02:57:40 DEBUG _windows.py:75: Closing
2025-04-28 02:57:40 INFO log.py:21: Yasb v1.7.0
2025-04-28 02:57:41 DEBUG win32.py:55: Looking up time zone info from registry
2025-04-28 02:57:41 INFO weather.py:349: Fetched new weather data at 2025-04-28 02:57:41.203080
2025-04-28 02:57:41 ERROR weather.py:453: Error fetching weather data: HTTP Error 403: Forbidden
2025-04-28 02:57:41 DEBUG __init__.py:149: CoInitializeEx(None, 2)
2025-04-28 02:57:42 INFO weather.py:349: Fetched new weather data at 2025-04-28 02:57:42.041780
2025-04-28 02:57:42 ERROR weather.py:453: Error fetching weather data: HTTP Error 403: Forbidden
2025-04-28 02:57:42 INFO watcher.py:39: Created file watcher for path C:\Users\Mimi\.config\yasb
2025-04-28 02:57:42 INFO event_listener.py:53: Created named pipe yasb-c9e6abf3-23cb-11f0-92b3-e884a50e5cc6
2025-04-28 02:57:42 DEBUG _windows.py:213: Starting (proactor: <_IocpProactor overlapped#=0 result#=0>)...
2025-04-28 02:57:42 DEBUG _windows.py:192: Thread started
2025-04-28 02:57:42 INFO event_listener.py:125: Komorebi connected to named pipe: yasb-c9e6abf3-23cb-11f0-92b3-e884a50e5cc6
2025-04-28 02:57:59 INFO controller.py:12: Reloading Application because of config update...
2025-04-28 02:57:59 DEBUG _windows.py:218: Stopping worker thread...
2025-04-28 02:57:59 DEBUG _windows.py:201: Exiting thread
2025-04-28 02:57:59 DEBUG _windows.py:75: Closing
2025-04-28 02:57:59 ERROR event_service.py:30: Failed to emit signal <bound PYQT_SIGNAL window_name_change of ActiveWindowWidget object at 0x000001DD40617A70>. Removing link to WinEvent.EventObjectNameChange.
2025-04-28 02:57:59 ERROR event_service.py:30: Failed to emit signal <bound PYQT_SIGNAL k_signal_update of WorkspaceWidget object at 0x000001DD40617750>. Removing link to KomorebiEvent.KomorebiUpdate.
2025-04-28 02:57:59 ERROR event_service.py:30: Failed to emit signal <bound PYQT_SIGNAL k_signal_update of WorkspaceWidget object at 0x000001DD4254E530>. Removing link to KomorebiEvent.KomorebiUpdate.
2025-04-28 02:57:59 INFO log.py:21: Yasb v1.7.0
2025-04-28 02:58:00 DEBUG win32.py:55: Looking up time zone info from registry
2025-04-28 02:58:00 INFO weather.py:349: Fetched new weather data at 2025-04-28 02:58:00.233343
2025-04-28 02:58:00 ERROR weather.py:453: Error fetching weather data: HTTP Error 403: Forbidden
2025-04-28 02:58:00 DEBUG __init__.py:149: CoInitializeEx(None, 2)
2025-04-28 02:58:01 INFO weather.py:349: Fetched new weather data at 2025-04-28 02:58:01.030739
2025-04-28 02:58:01 ERROR weather.py:453: Error fetching weather data: HTTP Error 403: Forbidden
2025-04-28 02:58:01 INFO watcher.py:39: Created file watcher for path C:\Users\Mimi\.config\yasb
2025-04-28 02:58:01 INFO event_listener.py:53: Created named pipe yasb-d537cc16-23cb-11f0-8f09-e884a50e5cc6
2025-04-28 02:58:01 DEBUG _windows.py:213: Starting (proactor: <_IocpProactor overlapped#=0 result#=0>)...
2025-04-28 02:58:01 DEBUG _windows.py:192: Thread started
2025-04-28 02:58:01 INFO event_listener.py:125: Komorebi connected to named pipe: yasb-d537cc16-23cb-11f0-8f09-e884a50e5cc6
2025-04-28 02:58:14 INFO controller.py:12: Reloading Application because of config update...
2025-04-28 02:58:14 DEBUG _windows.py:218: Stopping worker thread...
2025-04-28 02:58:14 DEBUG _windows.py:201: Exiting thread
2025-04-28 02:58:14 DEBUG _windows.py:75: Closing
2025-04-28 02:58:14 ERROR event_service.py:30: Failed to emit signal <bound PYQT_SIGNAL k_signal_update of WorkspaceWidget object at 0x00000176CEB32530>. Removing link to KomorebiEvent.KomorebiUpdate.
2025-04-28 02:58:14 ERROR event_service.py:30: Failed to emit signal <bound PYQT_SIGNAL window_name_change of ActiveWindowWidget object at 0x00000176CCC37A70>. Removing link to WinEvent.EventObjectNameChange.
2025-04-28 02:58:14 INFO log.py:21: Yasb v1.7.0
2025-04-28 02:58:14 DEBUG win32.py:55: Looking up time zone info from registry
2025-04-28 02:58:14 INFO weather.py:349: Fetched new weather data at 2025-04-28 02:58:14.768694
2025-04-28 02:58:14 ERROR weather.py:453: Error fetching weather data: HTTP Error 403: Forbidden
2025-04-28 02:58:14 DEBUG __init__.py:149: CoInitializeEx(None, 2)
2025-04-28 02:58:15 INFO weather.py:349: Fetched new weather data at 2025-04-28 02:58:15.623223
2025-04-28 02:58:15 ERROR weather.py:453: Error fetching weather data: HTTP Error 403: Forbidden
2025-04-28 02:58:15 INFO watcher.py:39: Created file watcher for path C:\Users\Mimi\.config\yasb
2025-04-28 02:58:15 INFO event_listener.py:53: Created named pipe yasb-dde9d466-23cb-11f0-9dea-e884a50e5cc6
2025-04-28 02:58:15 DEBUG _windows.py:213: Starting (proactor: <_IocpProactor overlapped#=0 result#=0>)...
2025-04-28 02:58:15 DEBUG _windows.py:192: Thread started
2025-04-28 02:58:15 INFO event_listener.py:125: Komorebi connected to named pipe: yasb-dde9d466-23cb-11f0-9dea-e884a50e5cc6
2025-04-28 02:58:39 INFO controller.py:12: Reloading Application because of config update...
2025-04-28 02:58:39 DEBUG _windows.py:218: Stopping worker thread...
2025-04-28 02:58:39 DEBUG _windows.py:201: Exiting thread
2025-04-28 02:58:39 DEBUG _windows.py:75: Closing
2025-04-28 02:58:39 ERROR event_service.py:30: Failed to emit signal <bound PYQT_SIGNAL k_signal_update of WorkspaceWidget object at 0x0000023A238C7750>. Removing link to KomorebiEvent.KomorebiUpdate.
2025-04-28 02:58:39 ERROR event_service.py:30: Failed to emit signal <bound PYQT_SIGNAL k_signal_update of WorkspaceWidget object at 0x0000023A257FE530>. Removing link to KomorebiEvent.KomorebiUpdate.
2025-04-28 02:58:39 ERROR event_service.py:30: Failed to emit signal <bound PYQT_SIGNAL k_signal_update of ActiveLayoutWidget object at 0x0000023A238C79D0>. Removing link to KomorebiEvent.KomorebiUpdate.
2025-04-28 02:58:39 INFO log.py:21: Yasb v1.7.0
2025-04-28 02:58:39 DEBUG win32.py:55: Looking up time zone info from registry
2025-04-28 02:58:39 INFO weather.py:349: Fetched new weather data at 2025-04-28 02:58:39.646740
2025-04-28 02:58:39 ERROR weather.py:453: Error fetching weather data: HTTP Error 403: Forbidden
2025-04-28 02:58:39 DEBUG __init__.py:149: CoInitializeEx(None, 2)
2025-04-28 02:58:40 INFO weather.py:349: Fetched new weather data at 2025-04-28 02:58:40.432778
2025-04-28 02:58:40 ERROR weather.py:453: Error fetching weather data: HTTP Error 403: Forbidden
2025-04-28 02:58:40 INFO watcher.py:39: Created file watcher for path C:\Users\Mimi\.config\yasb
2025-04-28 02:58:40 INFO event_listener.py:53: Created named pipe yasb-ecb373ce-23cb-11f0-996e-e884a50e5cc6
2025-04-28 02:58:40 DEBUG _windows.py:213: Starting (proactor: <_IocpProactor overlapped#=0 result#=0>)...
2025-04-28 02:58:40 DEBUG _windows.py:192: Thread started
2025-04-28 02:58:40 INFO event_listener.py:125: Komorebi connected to named pipe: yasb-ecb373ce-23cb-11f0-996e-e884a50e5cc6
2025-04-28 02:59:12 INFO controller.py:12: Reloading Application because of config update...
2025-04-28 02:59:12 DEBUG _windows.py:218: Stopping worker thread...
2025-04-28 02:59:12 DEBUG _windows.py:201: Exiting thread
2025-04-28 02:59:12 DEBUG _windows.py:75: Closing
2025-04-28 02:59:12 ERROR event_service.py:30: Failed to emit signal <bound PYQT_SIGNAL k_signal_update of WorkspaceWidget object at 0x00000228EA902530>. Removing link to KomorebiEvent.KomorebiUpdate.
2025-04-28 02:59:12 ERROR event_service.py:30: Failed to emit signal <bound PYQT_SIGNAL window_name_change of ActiveWindowWidget object at 0x00000228E89C7A70>. Removing link to WinEvent.EventObjectNameChange.
2025-04-28 02:59:13 INFO log.py:21: Yasb v1.7.0
2025-04-28 02:59:13 DEBUG win32.py:55: Looking up time zone info from registry
2025-04-28 02:59:13 INFO weather.py:349: Fetched new weather data at 2025-04-28 02:59:13.363851
2025-04-28 02:59:13 ERROR weather.py:453: Error fetching weather data: HTTP Error 403: Forbidden
2025-04-28 02:59:13 DEBUG __init__.py:149: CoInitializeEx(None, 2)
2025-04-28 02:59:14 INFO weather.py:349: Fetched new weather data at 2025-04-28 02:59:14.169977
2025-04-28 02:59:14 ERROR weather.py:453: Error fetching weather data: HTTP Error 403: Forbidden
2025-04-28 02:59:14 INFO watcher.py:39: Created file watcher for path C:\Users\Mimi\.config\yasb
2025-04-28 02:59:14 INFO event_listener.py:53: Created named pipe yasb-00cf676b-23cc-11f0-83d4-e884a50e5cc6
2025-04-28 02:59:14 DEBUG _windows.py:213: Starting (proactor: <_IocpProactor overlapped#=0 result#=0>)...
2025-04-28 02:59:14 DEBUG _windows.py:192: Thread started
2025-04-28 02:59:14 INFO event_listener.py:125: Komorebi connected to named pipe: yasb-00cf676b-23cc-11f0-83d4-e884a50e5cc6
2025-04-28 02:59:27 INFO controller.py:12: Reloading Application because of config update...
2025-04-28 02:59:27 DEBUG _windows.py:218: Stopping worker thread...
2025-04-28 02:59:27 DEBUG _windows.py:201: Exiting thread
2025-04-28 02:59:27 DEBUG _windows.py:75: Closing
2025-04-28 02:59:27 ERROR event_service.py:30: Failed to emit signal <bound PYQT_SIGNAL k_signal_update of WorkspaceWidget object at 0x00000221CCBCE530>. Removing link to KomorebiEvent.KomorebiUpdate.
2025-04-28 02:59:28 INFO log.py:21: Yasb v1.7.0
2025-04-28 02:59:28 DEBUG win32.py:55: Looking up time zone info from registry
2025-04-28 02:59:28 INFO weather.py:349: Fetched new weather data at 2025-04-28 02:59:28.427031
2025-04-28 02:59:28 ERROR weather.py:453: Error fetching weather data: HTTP Error 403: Forbidden
2025-04-28 02:59:28 DEBUG __init__.py:149: CoInitializeEx(None, 2)
2025-04-28 02:59:29 INFO weather.py:349: Fetched new weather data at 2025-04-28 02:59:29.208217
2025-04-28 02:59:29 ERROR weather.py:453: Error fetching weather data: HTTP Error 403: Forbidden
2025-04-28 02:59:29 INFO watcher.py:39: Created file watcher for path C:\Users\Mimi\.config\yasb
2025-04-28 02:59:29 INFO event_listener.py:53: Created named pipe yasb-09c60b14-23cc-11f0-bb42-e884a50e5cc6
2025-04-28 02:59:29 DEBUG _windows.py:213: Starting (proactor: <_IocpProactor overlapped#=0 result#=0>)...
2025-04-28 02:59:29 DEBUG _windows.py:192: Thread started
2025-04-28 02:59:29 INFO event_listener.py:125: Komorebi connected to named pipe: yasb-09c60b14-23cc-11f0-bb42-e884a50e5cc6
2025-04-28 02:59:32 INFO controller.py:12: Reloading Application because of config update...
2025-04-28 02:59:32 DEBUG _windows.py:218: Stopping worker thread...
2025-04-28 02:59:32 DEBUG _windows.py:201: Exiting thread
2025-04-28 02:59:32 DEBUG _windows.py:75: Closing
2025-04-28 02:59:32 INFO log.py:21: Yasb v1.7.0
2025-04-28 02:59:32 DEBUG win32.py:55: Looking up time zone info from registry
2025-04-28 02:59:33 INFO weather.py:349: Fetched new weather data at 2025-04-28 02:59:33.066870
2025-04-28 02:59:33 ERROR weather.py:453: Error fetching weather data: HTTP Error 403: Forbidden
2025-04-28 02:59:33 DEBUG __init__.py:149: CoInitializeEx(None, 2)
2025-04-28 02:59:33 INFO weather.py:349: Fetched new weather data at 2025-04-28 02:59:33.847760
2025-04-28 02:59:33 INFO watcher.py:39: Created file watcher for path C:\Users\Mimi\.config\yasb
2025-04-28 02:59:33 INFO event_listener.py:53: Created named pipe yasb-0c8947c1-23cc-11f0-b84a-e884a50e5cc6
2025-04-28 02:59:33 ERROR weather.py:453: Error fetching weather data: HTTP Error 403: Forbidden
2025-04-28 02:59:33 DEBUG _windows.py:213: Starting (proactor: <_IocpProactor overlapped#=0 result#=0>)...
2025-04-28 02:59:33 DEBUG _windows.py:192: Thread started
2025-04-28 02:59:34 INFO event_listener.py:125: Komorebi connected to named pipe: yasb-0c8947c1-23cc-11f0-b84a-e884a50e5cc6
2025-04-28 03:00:43 INFO controller.py:12: Reloading Application because of config update...
2025-04-28 03:00:43 DEBUG _windows.py:218: Stopping worker thread...
2025-04-28 03:00:43 DEBUG _windows.py:201: Exiting thread
2025-04-28 03:00:43 DEBUG _windows.py:75: Closing
2025-04-28 03:00:44 INFO log.py:21: Yasb v1.7.0
2025-04-28 03:00:44 DEBUG win32.py:55: Looking up time zone info from registry
2025-04-28 03:00:44 INFO weather.py:349: Fetched new weather data at 2025-04-28 03:00:44.350082
2025-04-28 03:00:44 ERROR weather.py:453: Error fetching weather data: HTTP Error 403: Forbidden
2025-04-28 03:00:44 DEBUG __init__.py:149: CoInitializeEx(None, 2)
2025-04-28 03:00:45 INFO weather.py:349: Fetched new weather data at 2025-04-28 03:00:45.155129
2025-04-28 03:00:45 ERROR weather.py:453: Error fetching weather data: HTTP Error 403: Forbidden
2025-04-28 03:00:45 INFO watcher.py:39: Created file watcher for path C:\Users\Mimi\.config\yasb
2025-04-28 03:00:45 INFO event_listener.py:53: Created named pipe yasb-370ad64d-23cc-11f0-971e-e884a50e5cc6
2025-04-28 03:00:45 DEBUG _windows.py:213: Starting (proactor: <_IocpProactor overlapped#=0 result#=0>)...
2025-04-28 03:00:45 DEBUG _windows.py:192: Thread started
2025-04-28 03:00:45 INFO event_listener.py:125: Komorebi connected to named pipe: yasb-370ad64d-23cc-11f0-971e-e884a50e5cc6
2025-04-28 03:02:03 INFO controller.py:12: Reloading Application because of config update...
2025-04-28 03:02:03 DEBUG _windows.py:218: Stopping worker thread...
2025-04-28 03:02:03 DEBUG _windows.py:201: Exiting thread
2025-04-28 03:02:03 DEBUG _windows.py:75: Closing
2025-04-28 03:02:03 INFO log.py:21: Yasb v1.7.0
2025-04-28 03:02:03 DEBUG win32.py:55: Looking up time zone info from registry
2025-04-28 03:02:03 INFO weather.py:349: Fetched new weather data at 2025-04-28 03:02:03.842698
2025-04-28 03:02:03 ERROR weather.py:453: Error fetching weather data: HTTP Error 403: Forbidden
2025-04-28 03:02:04 DEBUG __init__.py:149: CoInitializeEx(None, 2)
2025-04-28 03:02:04 INFO weather.py:349: Fetched new weather data at 2025-04-28 03:02:04.688410
2025-04-28 03:02:04 ERROR weather.py:453: Error fetching weather data: HTTP Error 403: Forbidden
2025-04-28 03:02:04 INFO watcher.py:39: Created file watcher for path C:\Users\Mimi\.config\yasb
2025-04-28 03:02:04 INFO event_listener.py:53: Created named pipe yasb-6672856b-23cc-11f0-af1c-e884a50e5cc6
2025-04-28 03:02:04 DEBUG _windows.py:213: Starting (proactor: <_IocpProactor overlapped#=0 result#=0>)...
2025-04-28 03:02:04 DEBUG _windows.py:192: Thread started
2025-04-28 03:02:04 INFO event_listener.py:125: Komorebi connected to named pipe: yasb-6672856b-23cc-11f0-af1c-e884a50e5cc6
2025-04-28 03:02:35 INFO controller.py:12: Reloading Application because of config update...
2025-04-28 03:02:35 DEBUG _windows.py:218: Stopping worker thread...
2025-04-28 03:02:35 DEBUG _windows.py:201: Exiting thread
2025-04-28 03:02:35 DEBUG _windows.py:75: Closing
2025-04-28 03:02:35 ERROR event_service.py:30: Failed to emit signal <bound PYQT_SIGNAL window_name_change of ActiveWindowWidget object at 0x000002282CE37A70>. Removing link to WinEvent.EventObjectNameChange.
2025-04-28 03:02:35 INFO log.py:21: Yasb v1.7.0
2025-04-28 03:02:35 DEBUG win32.py:55: Looking up time zone info from registry
2025-04-28 03:02:35 DEBUG __init__.py:149: CoInitializeEx(None, 2)
2025-04-28 03:02:36 INFO watcher.py:39: Created file watcher for path C:\Users\Mimi\.config\yasb
2025-04-28 03:02:36 INFO event_listener.py:53: Created named pipe yasb-7951666d-23cc-11f0-b04f-e884a50e5cc6
2025-04-28 03:02:36 DEBUG _windows.py:213: Starting (proactor: <_IocpProactor overlapped#=0 result#=0>)...
2025-04-28 03:02:36 DEBUG _windows.py:192: Thread started
2025-04-28 03:02:36 INFO event_listener.py:125: Komorebi connected to named pipe: yasb-7951666d-23cc-11f0-b04f-e884a50e5cc6
2025-04-28 03:02:47 INFO controller.py:12: Reloading Application because of config update...
2025-04-28 03:02:47 DEBUG _windows.py:218: Stopping worker thread...
2025-04-28 03:02:47 DEBUG _windows.py:201: Exiting thread
2025-04-28 03:02:47 DEBUG _windows.py:75: Closing
2025-04-28 03:02:47 ERROR event_service.py:30: Failed to emit signal <bound PYQT_SIGNAL k_signal_update of WorkspaceWidget object at 0x000001F2526A7750>. Removing link to KomorebiEvent.KomorebiUpdate.
2025-04-28 03:02:47 INFO log.py:21: Yasb v1.7.0
2025-04-28 03:02:47 ERROR main.py:34: Another instance of the YASB is already running.
2025-04-28 03:03:09 INFO log.py:21: Yasb v1.7.0
2025-04-28 03:03:09 DEBUG win32.py:55: Looking up time zone info from registry
2025-04-28 03:03:10 DEBUG __init__.py:149: CoInitializeEx(None, 2)
2025-04-28 03:03:10 INFO watcher.py:39: Created file watcher for path C:\Users\Mimi\.config\yasb
2025-04-28 03:03:10 INFO event_listener.py:53: Created named pipe yasb-8dc648da-23cc-11f0-9c12-e884a50e5cc6
2025-04-28 03:03:10 DEBUG _windows.py:213: Starting (proactor: <_IocpProactor overlapped#=0 result#=0>)...
2025-04-28 03:03:10 DEBUG _windows.py:192: Thread started
2025-04-28 03:03:10 INFO event_listener.py:125: Komorebi connected to named pipe: yasb-8dc648da-23cc-11f0-9c12-e884a50e5cc6
2025-04-28 03:03:33 INFO controller.py:12: Reloading Application because of config update...
2025-04-28 03:03:33 DEBUG _windows.py:218: Stopping worker thread...
2025-04-28 03:03:33 DEBUG _windows.py:201: Exiting thread
2025-04-28 03:03:33 DEBUG _windows.py:75: Closing
2025-04-28 03:03:34 INFO log.py:21: Yasb v1.7.0
2025-04-28 03:03:34 WARNING widget_builder.py:38: No widget config could be found for widget '
2025-04-28 03:03:34 DEBUG __init__.py:149: CoInitializeEx(None, 2)
2025-04-28 03:03:34 DEBUG win32.py:55: Looking up time zone info from registry
2025-04-28 03:03:34 WARNING widget_builder.py:35: Ignoring construction of invalid widget ''
2025-04-28 03:03:34 ERROR widget_builder.py:77: Failed to add undefined widget(s)  - The widget "" is undefined.
2025-04-28 03:03:34 INFO event_listener.py:53: Created named pipe yasb-9c325aca-23cc-11f0-bc1a-e884a50e5cc6
2025-04-28 03:03:35 INFO event_listener.py:125: Komorebi connected to named pipe: yasb-9c325aca-23cc-11f0-bc1a-e884a50e5cc6
2025-04-28 03:03:39 INFO watcher.py:39: Created file watcher for path C:\Users\Mimi\.config\yasb
2025-04-28 03:03:53 DEBUG _windows.py:213: Starting (proactor: <_IocpProactor overlapped#=0 result#=0>)...
2025-04-28 03:03:53 DEBUG _windows.py:192: Thread started
2025-04-28 03:22:06 CRITICAL tray_monitor.py:254: Could not find the real systray window
2025-04-28 03:22:06 CRITICAL tray_monitor.py:254: Could not find the real systray window
2025-04-28 03:22:06 CRITICAL tray_monitor.py:254: Could not find the real systray window
2025-04-28 03:22:06 CRITICAL tray_monitor.py:254: Could not find the real systray window
2025-04-28 03:22:06 CRITICAL tray_monitor.py:254: Could not find the real systray window
2025-04-28 03:24:26 CRITICAL tray_monitor.py:254: Could not find the real systray window
2025-04-28 03:24:26 CRITICAL tray_monitor.py:254: Could not find the real systray window
2025-04-28 03:24:26 CRITICAL tray_monitor.py:254: Could not find the real systray window
2025-04-28 03:24:26 CRITICAL tray_monitor.py:254: Could not find the real systray window
2025-04-28 03:24:26 CRITICAL tray_monitor.py:254: Could not find the real systray window
2025-04-28 03:24:33 CRITICAL tray_monitor.py:254: Could not find the real systray window
2025-04-28 03:24:33 CRITICAL tray_monitor.py:254: Could not find the real systray window
2025-04-28 03:24:33 CRITICAL tray_monitor.py:254: Could not find the real systray window
2025-04-28 03:24:33 CRITICAL tray_monitor.py:254: Could not find the real systray window
2025-04-28 03:24:33 CRITICAL tray_monitor.py:254: Could not find the real systray window
2025-04-28 03:43:55 INFO controller.py:12: Reloading Application because of config update...
2025-04-28 03:43:55 DEBUG _windows.py:218: Stopping worker thread...
2025-04-28 03:43:55 DEBUG _windows.py:201: Exiting thread
2025-04-28 03:43:55 DEBUG _windows.py:75: Closing
2025-04-28 03:43:55 ERROR event_service.py:30: Failed to emit signal <bound PYQT_SIGNAL window_name_change of ActiveWindowWidget object at 0x0000012FA7831130>. Removing link to WinEvent.EventObjectNameChange.
2025-04-28 03:43:55 ERROR event_service.py:30: Failed to emit signal <bound PYQT_SIGNAL k_signal_update of WorkspaceWidget object at 0x0000012FA73C7750>. Removing link to KomorebiEvent.KomorebiUpdate.
2025-04-28 03:43:55 ERROR event_service.py:30: Failed to emit signal <bound PYQT_SIGNAL k_signal_update of WorkspaceWidget object at 0x0000012FA78320D0>. Removing link to KomorebiEvent.KomorebiUpdate.
2025-04-28 03:43:55 ERROR event_service.py:30: Failed to emit signal <bound PYQT_SIGNAL k_signal_update of ActiveLayoutWidget object at 0x0000012FA73C79D0>. Removing link to KomorebiEvent.KomorebiUpdate.
2025-04-28 03:43:56 INFO log.py:21: Yasb v1.7.0
2025-04-28 03:43:56 WARNING widget_builder.py:38: No widget config could be found for widget '
2025-04-28 03:43:56 DEBUG __init__.py:149: CoInitializeEx(None, 2)
2025-04-28 03:43:56 DEBUG win32.py:55: Looking up time zone info from registry
2025-04-28 03:43:56 WARNING widget_builder.py:35: Ignoring construction of invalid widget ''
2025-04-28 03:43:56 ERROR widget_builder.py:77: Failed to add undefined widget(s)  - The widget "" is undefined.
2025-04-28 03:43:56 INFO event_listener.py:53: Created named pipe yasb-3fd56030-23d2-11f0-9afc-e884a50e5cc6
2025-04-28 03:43:57 INFO event_listener.py:125: Komorebi connected to named pipe: yasb-3fd56030-23d2-11f0-9afc-e884a50e5cc6
2025-04-28 03:44:01 INFO watcher.py:39: Created file watcher for path C:\Users\Mimi\.config\yasb
2025-04-28 03:44:15 DEBUG _windows.py:213: Starting (proactor: <_IocpProactor overlapped#=0 result#=0>)...
2025-04-28 03:44:15 DEBUG _windows.py:192: Thread started
2025-04-28 03:44:15 INFO controller.py:12: Reloading Application because of config update...
2025-04-28 03:44:15 DEBUG _windows.py:218: Stopping worker thread...
2025-04-28 03:44:15 DEBUG _windows.py:201: Exiting thread
2025-04-28 03:44:15 DEBUG _windows.py:75: Closing
2025-04-28 03:44:15 ERROR event_service.py:30: Failed to emit signal <bound PYQT_SIGNAL k_signal_update of WorkspaceWidget object at 0x00000232463D7750>. Removing link to KomorebiEvent.KomorebiUpdate.
2025-04-28 03:44:15 ERROR event_service.py:30: Failed to emit signal <bound PYQT_SIGNAL k_signal_update of WorkspaceWidget object at 0x00000232468420D0>. Removing link to KomorebiEvent.KomorebiUpdate.
2025-04-28 03:44:16 INFO log.py:21: Yasb v1.7.0
2025-04-28 03:44:16 WARNING widget_builder.py:38: No widget config could be found for widget '
2025-04-28 03:44:16 DEBUG __init__.py:149: CoInitializeEx(None, 2)
2025-04-28 03:44:16 DEBUG win32.py:55: Looking up time zone info from registry
2025-04-28 03:44:17 WARNING widget_builder.py:35: Ignoring construction of invalid widget ''
2025-04-28 03:44:17 ERROR widget_builder.py:77: Failed to add undefined widget(s)  - The widget "" is undefined.
2025-04-28 03:44:17 INFO event_listener.py:53: Created named pipe yasb-4bf25b44-23d2-11f0-b0ef-e884a50e5cc6
2025-04-28 03:44:17 INFO event_listener.py:125: Komorebi connected to named pipe: yasb-4bf25b44-23d2-11f0-b0ef-e884a50e5cc6
2025-04-28 03:44:20 INFO watcher.py:39: Created file watcher for path C:\Users\Mimi\.config\yasb
2025-04-28 03:44:34 DEBUG _windows.py:213: Starting (proactor: <_IocpProactor overlapped#=0 result#=0>)...
2025-04-28 03:44:34 DEBUG _windows.py:192: Thread started
2025-04-28 03:44:52 INFO controller.py:12: Reloading Application because of config update...
2025-04-28 03:44:52 DEBUG _windows.py:218: Stopping worker thread...
2025-04-28 03:44:52 DEBUG _windows.py:201: Exiting thread
2025-04-28 03:44:52 DEBUG _windows.py:75: Closing
2025-04-28 03:44:53 INFO log.py:21: Yasb v1.7.0
2025-04-28 03:44:53 DEBUG __init__.py:149: CoInitializeEx(None, 2)
2025-04-28 03:44:53 DEBUG win32.py:55: Looking up time zone info from registry
2025-04-28 03:44:54 INFO watcher.py:39: Created file watcher for path C:\Users\Mimi\.config\yasb
2025-04-28 03:44:54 INFO event_listener.py:53: Created named pipe yasb-61e87182-23d2-11f0-aa99-e884a50e5cc6
2025-04-28 03:44:54 DEBUG _windows.py:213: Starting (proactor: <_IocpProactor overlapped#=0 result#=0>)...
2025-04-28 03:44:54 DEBUG _windows.py:192: Thread started
2025-04-28 03:44:54 INFO event_listener.py:125: Komorebi connected to named pipe: yasb-61e87182-23d2-11f0-aa99-e884a50e5cc6
2025-04-28 03:47:10 INFO controller.py:12: Reloading Application because of config update...
2025-04-28 03:47:10 DEBUG _windows.py:218: Stopping worker thread...
2025-04-28 03:47:10 DEBUG _windows.py:201: Exiting thread
2025-04-28 03:47:10 DEBUG _windows.py:75: Closing
2025-04-28 03:47:10 INFO log.py:21: Yasb v1.7.0
2025-04-28 03:47:10 DEBUG __init__.py:149: CoInitializeEx(None, 2)
2025-04-28 03:47:10 DEBUG win32.py:55: Looking up time zone info from registry
2025-04-28 03:47:11 INFO watcher.py:39: Created file watcher for path C:\Users\Mimi\.config\yasb
2025-04-28 03:47:11 INFO event_listener.py:53: Created named pipe yasb-b3c68c99-23d2-11f0-a344-e884a50e5cc6
2025-04-28 03:47:11 DEBUG _windows.py:213: Starting (proactor: <_IocpProactor overlapped#=0 result#=0>)...
2025-04-28 03:47:11 DEBUG _windows.py:192: Thread started
2025-04-28 03:47:11 INFO event_listener.py:125: Komorebi connected to named pipe: yasb-b3c68c99-23d2-11f0-a344-e884a50e5cc6
2025-04-28 03:47:15 INFO controller.py:12: Reloading Application because of config update...
2025-04-28 03:47:15 DEBUG _windows.py:218: Stopping worker thread...
2025-04-28 03:47:15 DEBUG _windows.py:201: Exiting thread
2025-04-28 03:47:15 DEBUG _windows.py:75: Closing
2025-04-28 03:47:15 ERROR event_service.py:30: Failed to emit signal <bound PYQT_SIGNAL window_name_change of ActiveWindowWidget object at 0x000001FCAEC67A70>. Removing link to WinEvent.EventObjectNameChange.
2025-04-28 03:47:15 INFO log.py:21: Yasb v1.7.0
2025-04-28 03:47:15 DEBUG __init__.py:149: CoInitializeEx(None, 2)
2025-04-28 03:47:15 DEBUG win32.py:55: Looking up time zone info from registry
2025-04-28 03:47:16 INFO watcher.py:39: Created file watcher for path C:\Users\Mimi\.config\yasb
2025-04-28 03:47:16 INFO event_listener.py:53: Created named pipe yasb-b6ba5587-23d2-11f0-9525-e884a50e5cc6
2025-04-28 03:47:16 DEBUG _windows.py:213: Starting (proactor: <_IocpProactor overlapped#=0 result#=0>)...
2025-04-28 03:47:16 DEBUG _windows.py:192: Thread started
2025-04-28 03:47:16 INFO event_listener.py:125: Komorebi connected to named pipe: yasb-b6ba5587-23d2-11f0-9525-e884a50e5cc6
2025-04-28 03:49:26 CRITICAL tray_monitor.py:254: Could not find the real systray window
2025-04-28 04:27:13 CRITICAL tray_monitor.py:254: Could not find the real systray window
2025-04-28 04:39:37 CRITICAL tray_monitor.py:254: Could not find the real systray window
2025-04-28 05:46:00 CRITICAL tray_monitor.py:254: Could not find the real systray window
2025-04-28 07:22:09 INFO bar.py:99: Screen geometry changed. Updating position for bar (primary-bar_VG279QM_85461564)
2025-04-28 08:13:49 INFO bar.py:99: Screen geometry changed. Updating position for bar (primary-bar_VG279QM_85461564)
2025-04-28 08:13:57 INFO bar.py:99: Screen geometry changed. Updating position for bar (primary-bar_VG279QM_85461564)
2025-04-28 08:14:01 INFO bar.py:99: Screen geometry changed. Updating position for bar (primary-bar_XB271HU A_62cbbe0d)
2025-04-28 08:14:07 INFO bar.py:99: Screen geometry changed. Updating position for bar (primary-bar_VG279QM_85461564)
2025-04-28 08:14:07 INFO bar.py:99: Screen geometry changed. Updating position for bar (primary-bar_XB271HU A_62cbbe0d)
2025-04-28 08:14:10 INFO bar.py:99: Screen geometry changed. Updating position for bar (primary-bar_XB271HU A_62cbbe0d)
2025-04-28 08:14:12 INFO bar.py:99: Screen geometry changed. Updating position for bar (primary-bar_XB271HU A_62cbbe0d)
2025-04-28 08:14:35 INFO bar.py:99: Screen geometry changed. Updating position for bar (primary-bar_VG279QM_85461564)
2025-04-28 08:14:48 INFO bar.py:99: Screen geometry changed. Updating position for bar (primary-bar_XB271HU A_62cbbe0d)
2025-04-28 08:14:51 INFO bar.py:99: Screen geometry changed. Updating position for bar (primary-bar_XB271HU A_62cbbe0d)
2025-04-28 08:48:16 INFO bar.py:99: Screen geometry changed. Updating position for bar (primary-bar_VG279QM_85461564)
2025-04-28 19:12:14 INFO log.py:21: Yasb v1.7.0
2025-04-28 19:12:14 DEBUG __init__.py:149: CoInitializeEx(None, 2)
2025-04-28 19:12:14 DEBUG win32.py:55: Looking up time zone info from registry
2025-04-28 19:12:15 INFO watcher.py:39: Created file watcher for path C:\Users\Mimi\.config\yasb
2025-04-28 19:12:15 INFO event_listener.py:53: Created named pipe yasb-ee8bd250-2453-11f0-85f3-e884a50e5cc6
2025-04-28 19:12:15 DEBUG _windows.py:213: Starting (proactor: <_IocpProactor overlapped#=0 result#=0>)...
2025-04-28 19:12:15 DEBUG _windows.py:192: Thread started
2025-04-28 19:12:15 INFO event_listener.py:125: Komorebi connected to named pipe: yasb-ee8bd250-2453-11f0-85f3-e884a50e5cc6
2025-04-28 19:14:48 CRITICAL tray_monitor.py:254: Could not find the real systray window
2025-04-28 19:14:49 CRITICAL tray_monitor.py:254: Could not find the real systray window
2025-04-28 19:18:37 WARNING event_listener.py:84: Pipe has been ended: (109, 'PeekNamedPipe', 'The pipe has been ended.')
2025-04-28 19:18:37 INFO event_listener.py:94: Attempting to reconnect to Komorebi...
2025-04-28 19:18:37 ERROR event_service.py:30: Failed to emit signal <bound PYQT_SIGNAL window_name_change of ActiveWindowWidget object at 0x00000208D82F11D0>. Removing link to WinEvent.EventObjectStateChange.
2025-04-28 19:19:02 INFO log.py:21: Yasb v1.7.0
2025-04-28 19:19:02 DEBUG __init__.py:149: CoInitializeEx(None, 2)
2025-04-28 19:19:02 DEBUG win32.py:55: Looking up time zone info from registry
2025-04-28 19:19:02 INFO watcher.py:39: Created file watcher for path C:\Users\Mimi\.config\yasb
2025-04-28 19:19:02 INFO event_listener.py:53: Created named pipe yasb-e19a5b38-2454-11f0-9b06-e884a50e5cc6
2025-04-28 19:19:02 DEBUG _windows.py:213: Starting (proactor: <_IocpProactor overlapped#=0 result#=0>)...
2025-04-28 19:19:02 DEBUG _windows.py:192: Thread started
2025-04-28 19:19:49 INFO tray.py:180: Created shortcut at C:\Users\Mimi\AppData\Roaming\Microsoft\Windows\Start Menu\Programs\Startup\yasb.lnk
2025-04-28 19:20:21 INFO event_listener.py:125: Komorebi connected to named pipe: yasb-e19a5b38-2454-11f0-9b06-e884a50e5cc6
2025-04-29 00:47:24 WARNING event_listener.py:84: Pipe has been ended: (109, 'PeekNamedPipe', 'The pipe has been ended.')
2025-04-29 00:47:24 INFO event_listener.py:94: Attempting to reconnect to Komorebi...
2025-04-29 00:47:27 INFO event_listener.py:53: Created named pipe yasb-e19a5b38-2454-11f0-9b06-e884a50e5cc6
2025-04-29 00:48:28 INFO event_listener.py:125: Komorebi connected to named pipe: yasb-e19a5b38-2454-11f0-9b06-e884a50e5cc6
2025-04-29 04:25:47 INFO bar.py:99: Screen geometry changed. Updating position for bar (primary-bar_XB271HU A_3eb31c4d)
2025-04-29 04:25:50 INFO bar.py:99: Screen geometry changed. Updating position for bar (primary-bar_VG279QM_13f127b7)
2025-04-29 04:26:04 INFO controller.py:12: Reloading Application because of screen update...
2025-04-29 04:26:05 CRITICAL tray_monitor.py:254: Could not find the real systray window
2025-04-29 04:26:05 INFO bar.py:99: Screen geometry changed. Updating position for bar (primary-bar_VG279QM_13f127b7)
2025-04-29 04:26:06 INFO log.py:21: Yasb v1.7.0
2025-04-29 04:26:06 DEBUG __init__.py:149: CoInitializeEx(None, 2)
2025-04-29 04:26:06 DEBUG win32.py:55: Looking up time zone info from registry
2025-04-29 04:26:07 INFO watcher.py:39: Created file watcher for path C:\Users\Mimi\.config\yasb
2025-04-29 04:26:07 INFO event_listener.py:53: Created named pipe yasb-4ea46413-24a1-11f0-81f3-e884a50e5cc6
2025-04-29 04:26:07 DEBUG _windows.py:213: Starting (proactor: <_IocpProactor overlapped#=0 result#=0>)...
2025-04-29 04:26:07 DEBUG _windows.py:192: Thread started
2025-04-29 04:26:07 INFO event_listener.py:125: Komorebi connected to named pipe: yasb-4ea46413-24a1-11f0-81f3-e884a50e5cc6
2025-04-29 04:26:23 INFO controller.py:12: Reloading Application because of screen update...
2025-04-29 04:26:26 INFO log.py:21: Yasb v1.7.0
2025-04-29 04:26:27 DEBUG __init__.py:149: CoInitializeEx(None, 2)
2025-04-29 04:26:27 DEBUG win32.py:55: Looking up time zone info from registry
2025-04-29 04:26:28 INFO watcher.py:39: Created file watcher for path C:\Users\Mimi\.config\yasb
2025-04-29 04:26:28 INFO event_listener.py:53: Created named pipe yasb-5b1b3c75-24a1-11f0-80fc-e884a50e5cc6
2025-04-29 04:26:28 DEBUG _windows.py:213: Starting (proactor: <_IocpProactor overlapped#=0 result#=0>)...
2025-04-29 04:26:28 DEBUG _windows.py:192: Thread started
2025-04-29 04:26:28 INFO event_listener.py:125: Komorebi connected to named pipe: yasb-5b1b3c75-24a1-11f0-80fc-e884a50e5cc6
2025-04-29 07:11:55 INFO bar.py:99: Screen geometry changed. Updating position for bar (primary-bar_VG279QM_1a7e5a48)
2025-04-29 10:09:48 WARNING event_listener.py:84: Pipe has been ended: (109, 'PeekNamedPipe', 'The pipe has been ended.')
2025-04-29 10:09:48 INFO event_listener.py:94: Attempting to reconnect to Komorebi...
2025-04-29 22:08:41 INFO log.py:21: Yasb v1.7.0
2025-04-29 22:08:41 DEBUG __init__.py:149: CoInitializeEx(None, 2)
2025-04-29 22:08:41 DEBUG win32.py:55: Looking up time zone info from registry
2025-04-29 22:08:43 INFO watcher.py:39: Created file watcher for path C:\Users\Mimi\.config\yasb
2025-04-29 22:08:43 INFO event_listener.py:53: Created named pipe yasb-bff39813-2535-11f0-ba7d-e884a50e5cc6
2025-04-29 22:08:43 DEBUG _windows.py:213: Starting (proactor: <_IocpProactor overlapped#=0 result#=0>)...
2025-04-29 22:08:43 DEBUG _windows.py:192: Thread started
2025-04-29 22:17:39 INFO event_listener.py:125: Komorebi connected to named pipe: yasb-bff39813-2535-11f0-ba7d-e884a50e5cc6
2025-04-29 22:28:25 WARNING event_listener.py:84: Pipe has been ended: (109, 'PeekNamedPipe', 'The pipe has been ended.')
2025-04-29 22:28:25 INFO event_listener.py:94: Attempting to reconnect to Komorebi...
2025-04-29 22:28:28 INFO event_listener.py:53: Created named pipe yasb-bff39813-2535-11f0-ba7d-e884a50e5cc6
2025-04-29 22:28:33 INFO event_listener.py:125: Komorebi connected to named pipe: yasb-bff39813-2535-11f0-ba7d-e884a50e5cc6
2025-04-29 23:18:00 INFO bar.py:99: Screen geometry changed. Updating position for bar (primary-bar_XB271HU A_30ea7135)
2025-04-29 23:18:01 INFO bar.py:99: Screen geometry changed. Updating position for bar (primary-bar_VG279QM_295b67d8)
2025-04-29 23:18:49 INFO bar.py:99: Screen geometry changed. Updating position for bar (primary-bar_VG279QM_295b67d8)
2025-04-29 23:18:54 INFO bar.py:99: Screen geometry changed. Updating position for bar (primary-bar_VG279QM_295b67d8)
2025-04-29 23:24:08 CRITICAL tray_monitor.py:254: Could not find the real systray window
2025-04-30 00:48:34 INFO bar.py:99: Screen geometry changed. Updating position for bar (primary-bar_VG279QM_295b67d8)
2025-04-30 00:48:38 INFO bar.py:99: Screen geometry changed. Updating position for bar (primary-bar_VG279QM_295b67d8)
2025-04-30 01:36:35 INFO bar.py:99: Screen geometry changed. Updating position for bar (primary-bar_XB271HU A_30ea7135)
2025-04-30 02:51:24 INFO bar.py:99: Screen geometry changed. Updating position for bar (primary-bar_VG279QM_295b67d8)
2025-04-30 02:54:13 INFO bar.py:99: Screen geometry changed. Updating position for bar (primary-bar_VG279QM_295b67d8)
2025-04-30 05:34:04 WARNING event_listener.py:84: Pipe has been ended: (109, 'PeekNamedPipe', 'The pipe has been ended.')
2025-04-30 05:34:04 INFO event_listener.py:94: Attempting to reconnect to Komorebi...
2025-04-30 05:34:07 INFO event_listener.py:53: Created named pipe yasb-bff39813-2535-11f0-ba7d-e884a50e5cc6
2025-04-30 05:34:13 INFO event_listener.py:125: Komorebi connected to named pipe: yasb-bff39813-2535-11f0-ba7d-e884a50e5cc6
2025-04-30 05:34:50 INFO controller.py:27: Exiting Application from tray...
2025-04-30 05:34:50 DEBUG _windows.py:218: Stopping worker thread...
2025-04-30 05:34:50 DEBUG _windows.py:201: Exiting thread
2025-04-30 05:34:50 DEBUG _windows.py:75: Closing
2025-04-30 05:34:50 ERROR event_service.py:30: Failed to emit signal <bound PYQT_SIGNAL window_name_change of ActiveWindowWidget object at 0x000001CE7A7C11D0>. Removing link to WinEvent.EventObjectStateChange.
2025-04-30 05:34:50 ERROR event_service.py:30: Failed to emit signal <bound PYQT_SIGNAL k_signal_update of WorkspaceWidget object at 0x000001CE7A357750>. Removing link to KomorebiEvent.KomorebiUpdate.
2025-04-30 05:34:50 ERROR event_service.py:30: Failed to emit signal <bound PYQT_SIGNAL k_signal_update of WorkspaceWidget object at 0x000001CE7A7C20D0>. Removing link to KomorebiEvent.KomorebiUpdate.
2025-04-30 05:34:53 INFO log.py:21: Yasb v1.7.0
2025-04-30 05:34:53 DEBUG __init__.py:149: CoInitializeEx(None, 2)
2025-04-30 05:34:53 DEBUG win32.py:55: Looking up time zone info from registry
2025-04-30 05:34:54 INFO watcher.py:39: Created file watcher for path C:\Users\Mimi\.config\yasb
2025-04-30 05:34:54 INFO event_listener.py:53: Created named pipe yasb-1504efa5-2574-11f0-8783-e884a50e5cc6
2025-04-30 05:34:54 DEBUG _windows.py:213: Starting (proactor: <_IocpProactor overlapped#=0 result#=0>)...
2025-04-30 05:34:54 DEBUG _windows.py:192: Thread started
2025-04-30 05:34:54 INFO event_listener.py:125: Komorebi connected to named pipe: yasb-1504efa5-2574-11f0-8783-e884a50e5cc6
2025-04-30 05:36:51 INFO bar.py:99: Screen geometry changed. Updating position for bar (primary-bar_VG279QM_da522b29)
2025-04-30 05:38:08 INFO bar.py:99: Screen geometry changed. Updating position for bar (primary-bar_XB271HU A_3ba0ea5c)
2025-04-30 05:38:11 INFO bar.py:99: Screen geometry changed. Updating position for bar (primary-bar_XB271HU A_3ba0ea5c)
2025-04-30 05:38:51 INFO bar.py:99: Screen geometry changed. Updating position for bar (primary-bar_XB271HU A_3ba0ea5c)
2025-04-30 05:38:52 CRITICAL tray_monitor.py:254: Could not find the real systray window
2025-04-30 05:38:55 INFO bar.py:99: Screen geometry changed. Updating position for bar (primary-bar_XB271HU A_3ba0ea5c)
2025-04-30 06:15:30 INFO bar.py:99: Screen geometry changed. Updating position for bar (primary-bar_VG279QM_da522b29)
2025-04-30 07:11:19 INFO bar.py:99: Screen geometry changed. Updating position for bar (primary-bar_VG279QM_da522b29)
2025-04-30 07:11:42 INFO bar.py:99: Screen geometry changed. Updating position for bar (primary-bar_XB271HU A_3ba0ea5c)
2025-04-30 07:11:47 INFO bar.py:99: Screen geometry changed. Updating position for bar (primary-bar_XB271HU A_3ba0ea5c)
2025-04-30 07:58:49 INFO bar.py:99: Screen geometry changed. Updating position for bar (primary-bar_XB271HU A_3ba0ea5c)
2025-04-30 07:58:54 INFO bar.py:99: Screen geometry changed. Updating position for bar (primary-bar_XB271HU A_3ba0ea5c)
2025-04-30 10:18:57 INFO bar.py:99: Screen geometry changed. Updating position for bar (primary-bar_XB271HU A_3ba0ea5c)
2025-04-30 10:19:01 INFO bar.py:99: Screen geometry changed. Updating position for bar (primary-bar_XB271HU A_3ba0ea5c)
2025-04-30 11:47:39 INFO bar.py:99: Screen geometry changed. Updating position for bar (primary-bar_XB271HU A_3ba0ea5c)
2025-04-30 11:47:43 INFO bar.py:99: Screen geometry changed. Updating position for bar (primary-bar_XB271HU A_3ba0ea5c)
2025-04-30 11:50:27 CRITICAL tray_monitor.py:254: Could not find the real systray window
2025-04-30 12:17:50 CRITICAL tray_monitor.py:254: Could not find the real systray window
2025-04-30 14:04:29 WARNING event_listener.py:84: Pipe has been ended: (109, 'PeekNamedPipe', 'The pipe has been ended.')
2025-04-30 14:04:29 INFO event_listener.py:94: Attempting to reconnect to Komorebi...
2025-05-01 00:02:35 INFO log.py:21: Yasb v1.7.0
2025-05-01 00:02:35 DEBUG __init__.py:149: CoInitializeEx(None, 2)
2025-05-01 00:02:35 DEBUG win32.py:55: Looking up time zone info from registry
2025-05-01 00:02:37 INFO watcher.py:39: Created file watcher for path C:\Users\Mimi\.config\yasb
2025-05-01 00:02:37 INFO event_listener.py:53: Created named pipe yasb-d3c4efcb-260e-11f0-b2e3-e884a50e5cc6
2025-05-01 00:02:37 DEBUG _windows.py:213: Starting (proactor: <_IocpProactor overlapped#=0 result#=0>)...
2025-05-01 00:02:37 DEBUG _windows.py:192: Thread started
2025-05-01 00:05:43 INFO event_listener.py:125: Komorebi connected to named pipe: yasb-d3c4efcb-260e-11f0-b2e3-e884a50e5cc6
2025-05-01 00:36:56 INFO controller.py:12: Reloading Application because of screen update...
2025-05-01 00:36:56 INFO bar.py:99: Screen geometry changed. Updating position for bar (primary-bar_XB271HU A_f3221c25)
2025-05-01 00:36:56 INFO log.py:21: Yasb v1.7.0
2025-05-01 00:36:57 DEBUG __init__.py:149: CoInitializeEx(None, 2)
2025-05-01 00:36:57 DEBUG win32.py:55: Looking up time zone info from registry
2025-05-01 00:36:57 INFO watcher.py:39: Created file watcher for path C:\Users\Mimi\.config\yasb
2025-05-01 00:36:57 INFO event_listener.py:53: Created named pipe yasb-9fdbe780-2613-11f0-bc4c-e884a50e5cc6
2025-05-01 00:36:57 DEBUG _windows.py:213: Starting (proactor: <_IocpProactor overlapped#=0 result#=0>)...
2025-05-01 00:36:57 DEBUG _windows.py:192: Thread started
2025-05-01 00:36:57 INFO event_listener.py:125: Komorebi connected to named pipe: yasb-9fdbe780-2613-11f0-bc4c-e884a50e5cc6
2025-05-01 00:37:15 INFO controller.py:12: Reloading Application because of screen update...
2025-05-01 00:37:15 INFO log.py:21: Yasb v1.7.0
2025-05-01 00:37:16 DEBUG __init__.py:149: CoInitializeEx(None, 2)
2025-05-01 00:37:16 DEBUG win32.py:55: Looking up time zone info from registry
2025-05-01 00:37:16 INFO watcher.py:39: Created file watcher for path C:\Users\Mimi\.config\yasb
2025-05-01 00:37:16 INFO event_listener.py:53: Created named pipe yasb-ab53bd71-2613-11f0-a77e-e884a50e5cc6
2025-05-01 00:37:16 DEBUG _windows.py:213: Starting (proactor: <_IocpProactor overlapped#=0 result#=0>)...
2025-05-01 00:37:16 DEBUG _windows.py:192: Thread started
2025-05-01 00:37:17 INFO event_listener.py:125: Komorebi connected to named pipe: yasb-ab53bd71-2613-11f0-a77e-e884a50e5cc6
2025-05-01 00:38:41 WARNING event_listener.py:84: Pipe has been ended: (109, 'PeekNamedPipe', 'The pipe has been ended.')
2025-05-01 00:38:41 INFO event_listener.py:94: Attempting to reconnect to Komorebi...
2025-05-01 00:38:44 INFO event_listener.py:53: Created named pipe yasb-ab53bd71-2613-11f0-a77e-e884a50e5cc6
2025-05-01 00:38:44 INFO event_listener.py:125: Komorebi connected to named pipe: yasb-ab53bd71-2613-11f0-a77e-e884a50e5cc6
2025-05-01 00:45:08 INFO bar.py:99: Screen geometry changed. Updating position for bar (primary-bar_XB271HU A_cedc6c00)
2025-05-01 00:45:21 INFO bar.py:99: Screen geometry changed. Updating position for bar (primary-bar_XB271HU A_cedc6c00)
2025-05-01 02:02:17 INFO bar.py:99: Screen geometry changed. Updating position for bar (primary-bar_XB271HU A_cedc6c00)
2025-05-01 02:02:26 INFO bar.py:99: Screen geometry changed. Updating position for bar (primary-bar_XB271HU A_cedc6c00)
2025-05-01 03:35:53 WARNING event_listener.py:84: Pipe has been ended: (109, 'PeekNamedPipe', 'The pipe has been ended.')
2025-05-01 03:35:53 INFO event_listener.py:94: Attempting to reconnect to Komorebi...
2025-05-01 03:35:56 INFO event_listener.py:53: Created named pipe yasb-ab53bd71-2613-11f0-a77e-e884a50e5cc6
2025-05-01 03:37:47 INFO controller.py:27: Exiting Application from tray...
2025-05-01 03:37:47 DEBUG _windows.py:218: Stopping worker thread...
2025-05-01 03:37:48 DEBUG _windows.py:201: Exiting thread
2025-05-01 03:37:48 DEBUG _windows.py:75: Closing
2025-05-01 03:38:00 INFO log.py:21: Yasb v1.7.0
2025-05-01 03:38:00 DEBUG __init__.py:149: CoInitializeEx(None, 2)
2025-05-01 03:38:00 DEBUG win32.py:55: Looking up time zone info from registry
2025-05-01 03:38:01 INFO watcher.py:39: Created file watcher for path C:\Users\Mimi\.config\yasb
2025-05-01 03:38:01 INFO event_listener.py:53: Created named pipe yasb-eb39af6a-262c-11f0-83f1-e884a50e5cc6
2025-05-01 03:38:01 DEBUG _windows.py:213: Starting (proactor: <_IocpProactor overlapped#=0 result#=0>)...
2025-05-01 03:38:01 DEBUG _windows.py:192: Thread started
2025-05-01 03:38:19 INFO tray.py:190: Removed shortcut from C:\Users\Mimi\AppData\Roaming\Microsoft\Windows\Start Menu\Programs\Startup\yasb.lnk
2025-05-01 03:38:20 INFO controller.py:27: Exiting Application from tray...
2025-05-01 03:38:20 DEBUG _windows.py:218: Stopping worker thread...
2025-05-01 03:38:20 DEBUG _windows.py:201: Exiting thread
2025-05-01 03:38:20 DEBUG _windows.py:75: Closing
2025-07-09 07:20:48,108 [INFO] [MainThread] [root/log.py:59]: YASB v1.7.7
2025-07-09 07:20:48,109 [INFO] [Thread-1 (_run_server)] [cli_server/cli_server.py:212]: CLI server started v1.1.2
2025-07-09 07:20:48,109 [INFO] [MainThread] [cli_server/cli_server.py:104]: Log pipe server started
2025-07-09 07:20:48,254 [DEBUG] [MainThread] [comtypes/__init__.py:149]: CoInitializeEx(None, 2)
2025-07-09 07:20:48,324 [DEBUG] [MainThread] [tzlocal/win32.py:55]: Looking up time zone info from registry
2025-07-09 07:20:49,192 [INFO] [MainThread] [root/bar_manager.py:74]: Starting KomorebiEventListener...
2025-07-09 07:20:49,193 [INFO] [MainThread] [root/bar_manager.py:74]: Starting SystemEventListener...
2025-07-09 07:20:49,193 [INFO] [MainThread] [root/watcher.py:54]: Created file watcher for path C:\Users\Mimi\.config\yasb
2025-07-09 07:20:49,208 [INFO] [Dummy-5] [root/event_listener.py:51]: Created named pipe yasb-79797286-5c84-11f0-8fd6-10ffe07f117f
2025-07-09 07:20:49,232 [DEBUG] [MainThread] [qasync._windows._EventPoller/_windows.py:213]: Starting (proactor: <_IocpProactor overlapped#=0 result#=0>)...
2025-07-09 07:20:49,233 [DEBUG] [Dummy-9] [qasync._windows._EventWorker/_windows.py:192]: Thread started
2025-07-09 07:20:49,250 [DEBUG] [MainThread] [systray_widget/systray.py:517]: Loading state from C:\Users\Mimi\AppData\Local\YASB\systray_state_ASUSTEKCOMPUTERINCVG279QMNALMQS093971.json
2025-07-09 07:20:49,253 [DEBUG] [TaskbarService] [systray_widget/systray.py:72]: TaskbarService thread is starting...
2025-07-09 07:20:49,253 [DEBUG] [TrayMonitor] [systray_widget/systray.py:58]: Systray thread is starting...
2025-07-09 07:20:49,289 [DEBUG] [TaskbarService] [root/tasks_service.py:75]: Found yasb systray hwnd: 498403532
2025-07-09 07:20:49,289 [DEBUG] [TaskbarService] [systray_widget/tasks_service.py:81]: Adding TaskbandHWND prop to hwnd 498403532
2025-07-09 07:20:49,303 [DEBUG] [MainThread] [systray_widget/systray.py:267]: Systray thread started
2025-07-09 07:20:49,470 [DEBUG] [TrayMonitor] [systray_widget/tray_monitor.py:208]: Finding real tray hwnd
2025-07-09 07:20:49,504 [DEBUG] [TaskbarService] [systray_widget/tasks_service.py:81]: Adding TaskbandHWND prop to hwnd 498403532
2025-07-09 07:20:49,511 [DEBUG] [MainThread] [systray_widget/tray_monitor.py:144]: Sending TaskbarCreated message: 49245
2025-07-09 07:20:51,222 [DEBUG] [MainThread] [systray_widget/systray.py:455]: Re-sorting widgets
2025-07-09 07:20:51,222 [DEBUG] [MainThread] [systray_widget/systray.py:477]: Updating current state
2025-07-09 07:20:53,084 [DEBUG] [MainThread] [systray_widget/systray.py:455]: Re-sorting widgets
2025-07-09 07:20:53,084 [DEBUG] [MainThread] [systray_widget/systray.py:477]: Updating current state
2025-07-09 07:21:12,068 [DEBUG] [MainThread] [systray_widget/systray.py:455]: Re-sorting widgets
2025-07-09 07:21:12,068 [DEBUG] [MainThread] [systray_widget/systray.py:477]: Updating current state
2025-07-09 07:22:53,286 [INFO] [Thread-1 (_run_server)] [cli_server/cli_server.py:253]: CLI server received command: stop
2025-07-09 07:22:53,286 [INFO] [Thread-1 (_run_server)] [root/controller.py:30]: Exiting Application from CLI...
2025-07-09 07:22:53,394 [INFO] [Thread-1 (_run_server)] [cli_server/cli_server.py:112]: Log pipe server stopped
2025-07-09 07:22:53,394 [DEBUG] [Thread-1 (_run_server)] [cli_server/cli_server.py:206]: CLI server stopped
2025-07-09 07:22:53,395 [DEBUG] [MainThread] [qasync._windows._EventPoller/_windows.py:218]: Stopping worker thread...
2025-07-09 07:22:53,409 [DEBUG] [Dummy-9] [qasync._windows._EventWorker/_windows.py:201]: Exiting thread
2025-07-09 07:22:53,409 [DEBUG] [MainThread] [qasync._windows._IocpProactor/_windows.py:75]: Closing
2025-07-09 07:22:53,420 [DEBUG] [MainThread] [systray_widget/utils.py:96]: Destroying window 498928006
2025-07-09 07:22:53,420 [DEBUG] [MainThread] [systray_widget/utils.py:96]: Destroying window 498403532
2025-07-09 07:22:53,971 [INFO] [MainThread] [root/log.py:59]: YASB v1.7.7
2025-07-09 07:22:53,972 [INFO] [Thread-1 (_run_server)] [cli_server/cli_server.py:212]: CLI server started v1.1.2
2025-07-09 07:22:53,972 [INFO] [MainThread] [cli_server/cli_server.py:104]: Log pipe server started
2025-07-09 07:22:54,381 [DEBUG] [MainThread] [tzlocal/win32.py:55]: Looking up time zone info from registry
2025-07-09 07:22:54,430 [DEBUG] [MainThread] [comtypes/__init__.py:149]: CoInitializeEx(None, 2)
2025-07-09 07:22:55,174 [INFO] [MainThread] [root/bar_manager.py:74]: Starting SystemEventListener...
2025-07-09 07:22:55,174 [INFO] [MainThread] [root/watcher.py:54]: Created file watcher for path C:\Users\Mimi\.config\yasb
2025-07-09 07:22:55,211 [DEBUG] [MainThread] [qasync._windows._EventPoller/_windows.py:213]: Starting (proactor: <_IocpProactor overlapped#=0 result#=0>)...
2025-07-09 07:22:55,212 [DEBUG] [Dummy-10] [qasync._windows._EventWorker/_windows.py:192]: Thread started
2025-07-09 07:22:55,311 [ERROR] [MainThread] [root/weather.py:77]: Weather response error: ContentAccessDenied 201.
2025-07-09 07:22:55,311 [WARNING] [MainThread] [root/weather.py:544]: Error processing weather data: Weather data is empty.. Retrying fetch in 10 seconds.
2025-07-09 07:23:05,325 [ERROR] [MainThread] [root/weather.py:77]: Weather response error: ContentAccessDenied 201.
2025-07-09 07:23:05,325 [WARNING] [MainThread] [root/weather.py:544]: Error processing weather data: Weather data is empty.. Retrying fetch in 10 seconds.
2025-07-09 07:23:15,338 [ERROR] [MainThread] [root/weather.py:77]: Weather response error: ContentAccessDenied 201.
2025-07-09 07:23:15,338 [WARNING] [MainThread] [root/weather.py:544]: Error processing weather data: Weather data is empty.. Retrying fetch in 10 seconds.
2025-07-09 07:23:25,353 [ERROR] [MainThread] [root/weather.py:77]: Weather response error: AuthenticationRequiredError 204.
2025-07-09 07:23:25,353 [WARNING] [MainThread] [root/weather.py:544]: Error processing weather data: Weather data is empty.. Retrying fetch in 10 seconds.
2025-07-09 07:23:35,369 [ERROR] [MainThread] [root/weather.py:77]: Weather response error: ContentAccessDenied 201.
2025-07-09 07:23:35,369 [WARNING] [MainThread] [root/weather.py:544]: Error processing weather data: Weather data is empty.. Retrying fetch in 10 seconds.
2025-07-09 07:23:45,386 [ERROR] [MainThread] [root/weather.py:77]: Weather response error: ContentAccessDenied 201.
2025-07-09 07:23:45,386 [WARNING] [MainThread] [root/weather.py:544]: Error processing weather data: Weather data is empty.. Retrying fetch in 10 seconds.
2025-07-09 07:23:55,401 [ERROR] [MainThread] [root/weather.py:77]: Weather response error: ContentAccessDenied 201.
2025-07-09 07:23:55,402 [WARNING] [MainThread] [root/weather.py:544]: Error processing weather data: Weather data is empty.. Retrying fetch in 10 seconds.
2025-07-09 07:24:05,416 [ERROR] [MainThread] [root/weather.py:77]: Weather response error: ContentAccessDenied 201.
2025-07-09 07:24:05,416 [WARNING] [MainThread] [root/weather.py:544]: Error processing weather data: Weather data is empty.. Retrying fetch in 10 seconds.
2025-07-09 07:24:15,441 [ERROR] [MainThread] [root/weather.py:77]: Weather response error: ContentAccessDenied 201.
2025-07-09 07:24:15,441 [WARNING] [MainThread] [root/weather.py:544]: Error processing weather data: Weather data is empty.. Retrying fetch in 10 seconds.
2025-07-09 07:24:25,463 [ERROR] [MainThread] [root/weather.py:77]: Weather response error: ContentAccessDenied 201.
2025-07-09 07:24:25,463 [WARNING] [MainThread] [root/weather.py:544]: Error processing weather data: Weather data is empty.. Retrying fetch in 10 seconds.
2025-07-09 07:24:29,356 [INFO] [Thread-1 (_run_server)] [cli_server/cli_server.py:253]: CLI server received command: stop
2025-07-09 07:24:29,356 [INFO] [Thread-1 (_run_server)] [root/controller.py:30]: Exiting Application from CLI...
2025-07-09 07:24:29,464 [INFO] [Thread-1 (_run_server)] [cli_server/cli_server.py:112]: Log pipe server stopped
2025-07-09 07:24:29,464 [DEBUG] [Thread-1 (_run_server)] [cli_server/cli_server.py:206]: CLI server stopped
2025-07-09 07:24:29,561 [DEBUG] [MainThread] [qasync._windows._EventPoller/_windows.py:218]: Stopping worker thread...
2025-07-09 07:24:29,573 [DEBUG] [Dummy-10] [qasync._windows._EventWorker/_windows.py:201]: Exiting thread
2025-07-09 07:24:29,573 [DEBUG] [MainThread] [qasync._windows._IocpProactor/_windows.py:75]: Closing
2025-07-09 07:24:30,031 [INFO] [MainThread] [root/log.py:59]: YASB v1.7.7
2025-07-09 07:24:30,031 [INFO] [Thread-1 (_run_server)] [cli_server/cli_server.py:212]: CLI server started v1.1.2
2025-07-09 07:24:30,031 [INFO] [MainThread] [cli_server/cli_server.py:104]: Log pipe server started
2025-07-09 07:24:32,511 [DEBUG] [MainThread] [tzlocal/win32.py:55]: Looking up time zone info from registry
2025-07-09 07:24:32,605 [DEBUG] [MainThread] [comtypes/__init__.py:149]: CoInitializeEx(None, 2)
2025-07-09 07:24:33,307 [INFO] [MainThread] [root/bar_manager.py:74]: Starting SystemEventListener...
2025-07-09 07:24:33,307 [INFO] [MainThread] [root/bar_manager.py:74]: Starting KomorebiEventListener...
2025-07-09 07:24:33,307 [INFO] [MainThread] [root/watcher.py:54]: Created file watcher for path C:\Users\Mimi\.config\yasb
2025-07-09 07:24:33,308 [INFO] [Dummy-6] [root/event_listener.py:51]: Created named pipe yasb-ff0e9c5c-5c84-11f0-97b2-10ffe07f117f
2025-07-09 07:24:33,331 [DEBUG] [MainThread] [qasync._windows._EventPoller/_windows.py:213]: Starting (proactor: <_IocpProactor overlapped#=0 result#=0>)...
2025-07-09 07:24:33,331 [DEBUG] [Dummy-10] [qasync._windows._EventWorker/_windows.py:192]: Thread started
2025-07-09 07:24:33,335 [DEBUG] [MainThread] [systray_widget/systray.py:517]: Loading state from C:\Users\Mimi\AppData\Local\YASB\systray_state_ASUSTEKCOMPUTERINCVG279QMNALMQS093971.json
2025-07-09 07:24:33,353 [DEBUG] [TrayMonitor] [systray_widget/systray.py:58]: Systray thread is starting...
2025-07-09 07:24:33,354 [DEBUG] [TaskbarService] [systray_widget/systray.py:72]: TaskbarService thread is starting...
2025-07-09 07:24:33,359 [DEBUG] [TaskbarService] [root/tasks_service.py:75]: Found yasb systray hwnd: 475859302
2025-07-09 07:24:33,359 [DEBUG] [TaskbarService] [systray_widget/tasks_service.py:81]: Adding TaskbandHWND prop to hwnd 475859302
2025-07-09 07:24:33,373 [DEBUG] [MainThread] [systray_widget/systray.py:267]: Systray thread started
2025-07-09 07:24:33,480 [DEBUG] [TrayMonitor] [systray_widget/tray_monitor.py:208]: Finding real tray hwnd
2025-07-09 07:24:33,573 [DEBUG] [TaskbarService] [systray_widget/tasks_service.py:81]: Adding TaskbandHWND prop to hwnd 475859302
2025-07-09 07:24:33,579 [DEBUG] [MainThread] [systray_widget/tray_monitor.py:144]: Sending TaskbarCreated message: 49245
2025-07-09 07:24:35,221 [DEBUG] [MainThread] [systray_widget/systray.py:455]: Re-sorting widgets
2025-07-09 07:24:35,221 [DEBUG] [MainThread] [systray_widget/systray.py:477]: Updating current state
2025-07-09 07:25:05,866 [INFO] [Thread-1 (_run_server)] [cli_server/cli_server.py:253]: CLI server received command: stop
2025-07-09 07:25:05,866 [INFO] [Thread-1 (_run_server)] [root/controller.py:30]: Exiting Application from CLI...
2025-07-09 07:25:05,975 [INFO] [Thread-1 (_run_server)] [cli_server/cli_server.py:112]: Log pipe server stopped
2025-07-09 07:25:05,975 [DEBUG] [Thread-1 (_run_server)] [cli_server/cli_server.py:206]: CLI server stopped
2025-07-09 07:25:06,268 [DEBUG] [MainThread] [qasync._windows._EventPoller/_windows.py:218]: Stopping worker thread...
2025-07-09 07:25:06,271 [DEBUG] [Dummy-10] [qasync._windows._EventWorker/_windows.py:201]: Exiting thread
2025-07-09 07:25:06,271 [DEBUG] [MainThread] [qasync._windows._IocpProactor/_windows.py:75]: Closing
2025-07-09 07:25:06,281 [DEBUG] [MainThread] [systray_widget/utils.py:96]: Destroying window 394228
2025-07-09 07:25:06,281 [ERROR] [Dummy-25] [root/event_service.py:32]: Failed to emit signal <bound PYQT_SIGNAL window_name_change of ActiveWindowWidget object at 0x000001BC6C7E37F0>. Removing link to WinEvent.EventObjectNameChange.
2025-07-09 07:25:06,282 [DEBUG] [MainThread] [systray_widget/utils.py:96]: Destroying window 475859302
2025-07-09 07:25:06,477 [INFO] [MainThread] [root/log.py:59]: YASB v1.7.7
2025-07-09 07:25:06,478 [INFO] [Thread-1 (_run_server)] [cli_server/cli_server.py:212]: CLI server started v1.1.2
2025-07-09 07:25:06,478 [INFO] [MainThread] [cli_server/cli_server.py:104]: Log pipe server started
2025-07-09 07:25:06,589 [DEBUG] [MainThread] [tzlocal/win32.py:55]: Looking up time zone info from registry
2025-07-09 07:25:06,680 [ERROR] [MainThread] [root/weather.py:168]: API key or location is missing. Please provide a valid API key and location.
2025-07-09 07:25:06,682 [DEBUG] [MainThread] [comtypes/__init__.py:149]: CoInitializeEx(None, 2)
2025-07-09 07:25:07,374 [INFO] [MainThread] [root/bar_manager.py:74]: Starting KomorebiEventListener...
2025-07-09 07:25:07,374 [INFO] [MainThread] [root/bar_manager.py:74]: Starting WindowsNotificationEventListener...
2025-07-09 07:25:07,374 [INFO] [Dummy-3] [root/event_listener.py:51]: Created named pipe yasb-135ced0d-5c85-11f0-bba4-10ffe07f117f
2025-07-09 07:25:07,375 [INFO] [MainThread] [root/watcher.py:54]: Created file watcher for path C:\Users\Mimi\.config\yasb
2025-07-09 07:25:07,406 [DEBUG] [MainThread] [qasync._windows._EventPoller/_windows.py:213]: Starting (proactor: <_IocpProactor overlapped#=0 result#=0>)...
2025-07-09 07:25:07,407 [DEBUG] [Dummy-9] [qasync._windows._EventWorker/_windows.py:192]: Thread started
2025-07-09 07:25:35,848 [INFO] [Thread-1 (_run_server)] [cli_server/cli_server.py:253]: CLI server received command: stop
2025-07-09 07:25:35,848 [INFO] [Thread-1 (_run_server)] [root/controller.py:30]: Exiting Application from CLI...
2025-07-09 07:25:35,960 [INFO] [Thread-1 (_run_server)] [cli_server/cli_server.py:112]: Log pipe server stopped
2025-07-09 07:25:35,960 [DEBUG] [Thread-1 (_run_server)] [cli_server/cli_server.py:206]: CLI server stopped
2025-07-09 07:25:35,960 [DEBUG] [MainThread] [qasync._windows._EventPoller/_windows.py:218]: Stopping worker thread...
2025-07-09 07:25:35,975 [DEBUG] [Dummy-9] [qasync._windows._EventWorker/_windows.py:201]: Exiting thread
2025-07-09 07:25:35,975 [DEBUG] [MainThread] [qasync._windows._IocpProactor/_windows.py:75]: Closing
2025-07-09 07:25:36,456 [INFO] [MainThread] [root/log.py:59]: YASB v1.7.7
2025-07-09 07:25:36,457 [INFO] [Thread-1 (_run_server)] [cli_server/cli_server.py:212]: CLI server started v1.1.2
2025-07-09 07:25:36,457 [INFO] [MainThread] [cli_server/cli_server.py:104]: Log pipe server started
2025-07-09 07:25:36,562 [DEBUG] [MainThread] [tzlocal/win32.py:55]: Looking up time zone info from registry
2025-07-09 07:25:36,700 [DEBUG] [MainThread] [comtypes/__init__.py:149]: CoInitializeEx(None, 2)
2025-07-09 07:25:37,383 [INFO] [MainThread] [root/bar_manager.py:74]: Starting WindowsNotificationEventListener...
2025-07-09 07:25:37,383 [INFO] [MainThread] [root/bar_manager.py:74]: Starting SystemEventListener...
2025-07-09 07:25:37,383 [INFO] [MainThread] [root/watcher.py:54]: Created file watcher for path C:\Users\Mimi\.config\yasb
2025-07-09 07:25:37,410 [DEBUG] [MainThread] [qasync._windows._EventPoller/_windows.py:213]: Starting (proactor: <_IocpProactor overlapped#=0 result#=0>)...
2025-07-09 07:25:37,410 [DEBUG] [Dummy-6] [qasync._windows._EventWorker/_windows.py:192]: Thread started
2025-07-09 07:25:37,421 [DEBUG] [MainThread] [systray_widget/systray.py:517]: Loading state from C:\Users\Mimi\AppData\Local\YASB\systray_state_ASUSTEKCOMPUTERINCVG279QMNALMQS093971.json
2025-07-09 07:25:37,434 [DEBUG] [TrayMonitor] [systray_widget/systray.py:58]: Systray thread is starting...
2025-07-09 07:25:37,434 [DEBUG] [TaskbarService] [systray_widget/systray.py:72]: TaskbarService thread is starting...
2025-07-09 07:25:37,440 [DEBUG] [TaskbarService] [root/tasks_service.py:75]: Found yasb systray hwnd: 1246088
2025-07-09 07:25:37,440 [DEBUG] [TaskbarService] [systray_widget/tasks_service.py:81]: Adding TaskbandHWND prop to hwnd 1246088
2025-07-09 07:25:37,455 [DEBUG] [MainThread] [systray_widget/systray.py:267]: Systray thread started
2025-07-09 07:25:37,655 [DEBUG] [TaskbarService] [systray_widget/tasks_service.py:81]: Adding TaskbandHWND prop to hwnd 1246088
2025-07-09 07:25:37,655 [DEBUG] [TrayMonitor] [systray_widget/tray_monitor.py:208]: Finding real tray hwnd
2025-07-09 07:25:37,661 [DEBUG] [MainThread] [systray_widget/tray_monitor.py:144]: Sending TaskbarCreated message: 49245
2025-07-09 07:25:38,677 [DEBUG] [MainThread] [systray_widget/systray.py:455]: Re-sorting widgets
2025-07-09 07:25:38,677 [DEBUG] [MainThread] [systray_widget/systray.py:477]: Updating current state
2025-07-09 07:25:41,081 [DEBUG] [MainThread] [systray_widget/systray.py:455]: Re-sorting widgets
2025-07-09 07:25:41,081 [DEBUG] [MainThread] [systray_widget/systray.py:477]: Updating current state
2025-07-09 07:26:27,910 [INFO] [Thread-1 (_run_server)] [cli_server/cli_server.py:253]: CLI server received command: stop
2025-07-09 07:26:27,910 [INFO] [Thread-1 (_run_server)] [root/controller.py:30]: Exiting Application from CLI...
2025-07-09 07:26:28,024 [INFO] [Thread-1 (_run_server)] [cli_server/cli_server.py:112]: Log pipe server stopped
2025-07-09 07:26:28,024 [DEBUG] [Thread-1 (_run_server)] [cli_server/cli_server.py:206]: CLI server stopped
2025-07-09 07:26:28,024 [DEBUG] [MainThread] [qasync._windows._EventPoller/_windows.py:218]: Stopping worker thread...
2025-07-09 07:26:28,040 [DEBUG] [Dummy-6] [qasync._windows._EventWorker/_windows.py:201]: Exiting thread
2025-07-09 07:26:28,040 [DEBUG] [MainThread] [qasync._windows._IocpProactor/_windows.py:75]: Closing
2025-07-09 07:26:28,051 [DEBUG] [MainThread] [systray_widget/utils.py:96]: Destroying window 394100
2025-07-09 07:26:28,051 [DEBUG] [MainThread] [systray_widget/utils.py:96]: Destroying window 1246088
2025-07-09 07:26:28,568 [INFO] [MainThread] [root/log.py:59]: YASB v1.7.7
2025-07-09 07:26:28,568 [INFO] [Thread-1 (_run_server)] [cli_server/cli_server.py:212]: CLI server started v1.1.2
2025-07-09 07:26:28,568 [INFO] [MainThread] [cli_server/cli_server.py:104]: Log pipe server started
2025-07-09 07:26:28,732 [DEBUG] [MainThread] [tzlocal/win32.py:55]: Looking up time zone info from registry
2025-07-09 07:26:29,030 [DEBUG] [MainThread] [comtypes/__init__.py:149]: CoInitializeEx(None, 2)
2025-07-09 07:26:29,167 [INFO] [MainThread] [root/bar_manager.py:74]: Starting SystemEventListener...
2025-07-09 07:26:29,169 [INFO] [MainThread] [root/bar_manager.py:74]: Starting KomorebiEventListener...
2025-07-09 07:26:29,169 [INFO] [MainThread] [root/watcher.py:54]: Created file watcher for path C:\Users\Mimi\.config\yasb
2025-07-09 07:26:29,199 [INFO] [Dummy-6] [root/event_listener.py:51]: Created named pipe yasb-441dbbe8-5c85-11f0-8496-10ffe07f117f
2025-07-09 07:26:29,228 [DEBUG] [MainThread] [qasync._windows._EventPoller/_windows.py:213]: Starting (proactor: <_IocpProactor overlapped#=0 result#=0>)...
2025-07-09 07:26:29,230 [DEBUG] [Dummy-10] [qasync._windows._EventWorker/_windows.py:192]: Thread started
2025-07-09 07:26:29,437 [ERROR] [MainThread] [root/weather.py:77]: Weather response error: ContentAccessDenied 201.
2025-07-09 07:26:29,437 [WARNING] [MainThread] [root/weather.py:544]: Error processing weather data: Weather data is empty.. Retrying fetch in 10 seconds.
2025-07-09 07:26:39,448 [ERROR] [MainThread] [root/weather.py:77]: Weather response error: ContentAccessDenied 201.
2025-07-09 07:26:39,448 [WARNING] [MainThread] [root/weather.py:544]: Error processing weather data: Weather data is empty.. Retrying fetch in 10 seconds.
2025-07-09 07:26:49,456 [ERROR] [MainThread] [root/weather.py:77]: Weather response error: AuthenticationRequiredError 204.
2025-07-09 07:26:49,457 [WARNING] [MainThread] [root/weather.py:544]: Error processing weather data: Weather data is empty.. Retrying fetch in 10 seconds.
2025-07-09 07:26:59,472 [ERROR] [MainThread] [root/weather.py:77]: Weather response error: AuthenticationRequiredError 204.
2025-07-09 07:26:59,472 [WARNING] [MainThread] [root/weather.py:544]: Error processing weather data: Weather data is empty.. Retrying fetch in 10 seconds.
2025-07-09 07:27:09,485 [ERROR] [MainThread] [root/weather.py:77]: Weather response error: AuthenticationRequiredError 204.
2025-07-09 07:27:09,485 [WARNING] [MainThread] [root/weather.py:544]: Error processing weather data: Weather data is empty.. Retrying fetch in 10 seconds.
2025-07-09 07:27:19,493 [ERROR] [MainThread] [root/weather.py:77]: Weather response error: ContentAccessDenied 201.
2025-07-09 07:27:19,493 [WARNING] [MainThread] [root/weather.py:544]: Error processing weather data: Weather data is empty.. Retrying fetch in 10 seconds.
2025-07-09 07:27:30,300 [ERROR] [MainThread] [root/weather.py:77]: Weather response error: AuthenticationRequiredError 204.
2025-07-09 07:27:30,300 [WARNING] [MainThread] [root/weather.py:544]: Error processing weather data: Weather data is empty.. Retrying fetch in 10 seconds.
2025-07-09 07:27:40,316 [ERROR] [MainThread] [root/weather.py:77]: Weather response error: AuthenticationRequiredError 204.
2025-07-09 07:27:40,316 [WARNING] [MainThread] [root/weather.py:544]: Error processing weather data: Weather data is empty.. Retrying fetch in 10 seconds.
2025-07-09 07:27:50,329 [ERROR] [MainThread] [root/weather.py:77]: Weather response error: ContentAccessDenied 201.
2025-07-09 07:27:50,330 [WARNING] [MainThread] [root/weather.py:544]: Error processing weather data: Weather data is empty.. Retrying fetch in 10 seconds.
2025-07-09 07:28:00,345 [ERROR] [MainThread] [root/weather.py:77]: Weather response error: AuthenticationRequiredError 204.
2025-07-09 07:28:00,345 [WARNING] [MainThread] [root/weather.py:544]: Error processing weather data: Weather data is empty.. Retrying fetch in 10 seconds.
2025-07-09 07:28:10,347 [ERROR] [MainThread] [root/weather.py:77]: Weather response error: AuthenticationRequiredError 204.
2025-07-09 07:28:10,347 [WARNING] [MainThread] [root/weather.py:544]: Error processing weather data: Weather data is empty.. Retrying fetch in 10 seconds.
2025-07-09 07:28:20,360 [ERROR] [MainThread] [root/weather.py:77]: Weather response error: AuthenticationRequiredError 204.
2025-07-09 07:28:20,360 [WARNING] [MainThread] [root/weather.py:544]: Error processing weather data: Weather data is empty.. Retrying fetch in 10 seconds.
2025-07-09 07:28:30,377 [ERROR] [MainThread] [root/weather.py:77]: Weather response error: AuthenticationRequiredError 204.
2025-07-09 07:28:30,377 [WARNING] [MainThread] [root/weather.py:544]: Error processing weather data: Weather data is empty.. Retrying fetch in 10 seconds.
2025-07-09 07:28:40,391 [ERROR] [MainThread] [root/weather.py:77]: Weather response error: AuthenticationRequiredError 204.
2025-07-09 07:28:40,391 [WARNING] [MainThread] [root/weather.py:544]: Error processing weather data: Weather data is empty.. Retrying fetch in 10 seconds.
2025-07-09 07:28:50,390 [ERROR] [MainThread] [root/weather.py:77]: Weather response error: AuthenticationRequiredError 204.
2025-07-09 07:28:50,391 [WARNING] [MainThread] [root/weather.py:544]: Error processing weather data: Weather data is empty.. Retrying fetch in 10 seconds.
2025-07-09 07:29:00,399 [ERROR] [MainThread] [root/weather.py:77]: Weather response error: AuthenticationRequiredError 204.
2025-07-09 07:29:00,399 [WARNING] [MainThread] [root/weather.py:544]: Error processing weather data: Weather data is empty.. Retrying fetch in 10 seconds.
2025-07-09 07:29:10,417 [ERROR] [MainThread] [root/weather.py:77]: Weather response error: AuthenticationRequiredError 204.
2025-07-09 07:29:10,417 [WARNING] [MainThread] [root/weather.py:544]: Error processing weather data: Weather data is empty.. Retrying fetch in 10 seconds.
2025-07-09 07:29:20,426 [ERROR] [MainThread] [root/weather.py:77]: Weather response error: AuthenticationRequiredError 204.
2025-07-09 07:29:20,426 [WARNING] [MainThread] [root/weather.py:544]: Error processing weather data: Weather data is empty.. Retrying fetch in 10 seconds.
2025-07-09 07:29:30,441 [ERROR] [MainThread] [root/weather.py:77]: Weather response error: AuthenticationRequiredError 204.
2025-07-09 07:29:30,441 [WARNING] [MainThread] [root/weather.py:544]: Error processing weather data: Weather data is empty.. Retrying fetch in 10 seconds.
2025-07-09 07:29:40,456 [ERROR] [MainThread] [root/weather.py:77]: Weather response error: AuthenticationRequiredError 204.
2025-07-09 07:29:40,457 [WARNING] [MainThread] [root/weather.py:544]: Error processing weather data: Weather data is empty.. Retrying fetch in 10 seconds.
2025-07-09 07:29:50,473 [ERROR] [MainThread] [root/weather.py:77]: Weather response error: AuthenticationRequiredError 204.
2025-07-09 07:29:50,473 [WARNING] [MainThread] [root/weather.py:544]: Error processing weather data: Weather data is empty.. Retrying fetch in 10 seconds.
2025-07-09 07:30:00,498 [ERROR] [MainThread] [root/weather.py:77]: Weather response error: AuthenticationRequiredError 204.
2025-07-09 07:30:00,499 [WARNING] [MainThread] [root/weather.py:544]: Error processing weather data: Weather data is empty.. Retrying fetch in 10 seconds.
2025-07-09 07:30:10,503 [ERROR] [MainThread] [root/weather.py:77]: Weather response error: AuthenticationRequiredError 204.
2025-07-09 07:30:10,504 [WARNING] [MainThread] [root/weather.py:544]: Error processing weather data: Weather data is empty.. Retrying fetch in 10 seconds.
2025-07-09 07:30:20,522 [ERROR] [MainThread] [root/weather.py:77]: Weather response error: AuthenticationRequiredError 204.
2025-07-09 07:30:20,522 [WARNING] [MainThread] [root/weather.py:544]: Error processing weather data: Weather data is empty.. Retrying fetch in 10 seconds.
2025-07-09 07:30:30,532 [ERROR] [MainThread] [root/weather.py:77]: Weather response error: AuthenticationRequiredError 204.
2025-07-09 07:30:30,532 [WARNING] [MainThread] [root/weather.py:544]: Error processing weather data: Weather data is empty.. Retrying fetch in 10 seconds.
2025-07-09 07:30:40,534 [ERROR] [MainThread] [root/weather.py:77]: Weather response error: AuthenticationRequiredError 204.
2025-07-09 07:30:40,535 [WARNING] [MainThread] [root/weather.py:544]: Error processing weather data: Weather data is empty.. Retrying fetch in 10 seconds.
2025-07-09 07:30:50,549 [ERROR] [MainThread] [root/weather.py:77]: Weather response error: ContentAccessDenied 201.
2025-07-09 07:30:50,549 [WARNING] [MainThread] [root/weather.py:544]: Error processing weather data: Weather data is empty.. Retrying fetch in 10 seconds.
2025-07-09 07:31:00,566 [ERROR] [MainThread] [root/weather.py:77]: Weather response error: ContentAccessDenied 201.
2025-07-09 07:31:00,566 [WARNING] [MainThread] [root/weather.py:544]: Error processing weather data: Weather data is empty.. Retrying fetch in 10 seconds.
2025-07-09 07:31:10,582 [ERROR] [MainThread] [root/weather.py:77]: Weather response error: AuthenticationRequiredError 204.
2025-07-09 07:31:10,582 [WARNING] [MainThread] [root/weather.py:544]: Error processing weather data: Weather data is empty.. Retrying fetch in 10 seconds.
2025-07-09 07:31:20,601 [ERROR] [MainThread] [root/weather.py:77]: Weather response error: AuthenticationRequiredError 204.
2025-07-09 07:31:20,602 [WARNING] [MainThread] [root/weather.py:544]: Error processing weather data: Weather data is empty.. Retrying fetch in 10 seconds.
2025-07-09 07:31:30,619 [ERROR] [MainThread] [root/weather.py:77]: Weather response error: AuthenticationRequiredError 204.
2025-07-09 07:31:30,620 [WARNING] [MainThread] [root/weather.py:544]: Error processing weather data: Weather data is empty.. Retrying fetch in 10 seconds.
2025-07-09 07:31:40,632 [ERROR] [MainThread] [root/weather.py:77]: Weather response error: AuthenticationRequiredError 204.
2025-07-09 07:31:40,633 [WARNING] [MainThread] [root/weather.py:544]: Error processing weather data: Weather data is empty.. Retrying fetch in 10 seconds.
2025-07-09 07:31:50,646 [ERROR] [MainThread] [root/weather.py:77]: Weather response error: AuthenticationRequiredError 204.
2025-07-09 07:31:50,647 [WARNING] [MainThread] [root/weather.py:544]: Error processing weather data: Weather data is empty.. Retrying fetch in 10 seconds.
2025-07-09 07:32:00,658 [ERROR] [MainThread] [root/weather.py:77]: Weather response error: AuthenticationRequiredError 204.
2025-07-09 07:32:00,658 [WARNING] [MainThread] [root/weather.py:544]: Error processing weather data: Weather data is empty.. Retrying fetch in 10 seconds.
2025-07-09 07:32:10,677 [ERROR] [MainThread] [root/weather.py:77]: Weather response error: AuthenticationRequiredError 204.
2025-07-09 07:32:10,677 [WARNING] [MainThread] [root/weather.py:544]: Error processing weather data: Weather data is empty.. Retrying fetch in 10 seconds.
2025-07-09 07:32:20,691 [ERROR] [MainThread] [root/weather.py:77]: Weather response error: ContentAccessDenied 201.
2025-07-09 07:32:20,691 [WARNING] [MainThread] [root/weather.py:544]: Error processing weather data: Weather data is empty.. Retrying fetch in 10 seconds.
2025-07-09 07:32:30,705 [ERROR] [MainThread] [root/weather.py:77]: Weather response error: AuthenticationRequiredError 204.
2025-07-09 07:32:30,705 [WARNING] [MainThread] [root/weather.py:544]: Error processing weather data: Weather data is empty.. Retrying fetch in 10 seconds.
2025-07-09 07:32:40,720 [ERROR] [MainThread] [root/weather.py:77]: Weather response error: AuthenticationRequiredError 204.
2025-07-09 07:32:40,720 [WARNING] [MainThread] [root/weather.py:544]: Error processing weather data: Weather data is empty.. Retrying fetch in 10 seconds.
2025-07-09 07:32:50,721 [ERROR] [MainThread] [root/weather.py:77]: Weather response error: AuthenticationRequiredError 204.
2025-07-09 07:32:50,721 [WARNING] [MainThread] [root/weather.py:544]: Error processing weather data: Weather data is empty.. Retrying fetch in 10 seconds.
2025-07-09 07:33:00,741 [ERROR] [MainThread] [root/weather.py:77]: Weather response error: AuthenticationRequiredError 204.
2025-07-09 07:33:00,741 [WARNING] [MainThread] [root/weather.py:544]: Error processing weather data: Weather data is empty.. Retrying fetch in 10 seconds.
2025-07-09 07:33:10,752 [ERROR] [MainThread] [root/weather.py:77]: Weather response error: ContentAccessDenied 201.
2025-07-09 07:33:10,752 [WARNING] [MainThread] [root/weather.py:544]: Error processing weather data: Weather data is empty.. Retrying fetch in 10 seconds.
2025-07-09 07:33:20,768 [ERROR] [MainThread] [root/weather.py:77]: Weather response error: ContentAccessDenied 201.
2025-07-09 07:33:20,768 [WARNING] [MainThread] [root/weather.py:544]: Error processing weather data: Weather data is empty.. Retrying fetch in 10 seconds.
2025-07-09 07:33:30,783 [ERROR] [MainThread] [root/weather.py:77]: Weather response error: AuthenticationRequiredError 204.
2025-07-09 07:33:30,783 [WARNING] [MainThread] [root/weather.py:544]: Error processing weather data: Weather data is empty.. Retrying fetch in 10 seconds.
2025-07-09 07:33:40,798 [ERROR] [MainThread] [root/weather.py:77]: Weather response error: ContentAccessDenied 201.
2025-07-09 07:33:40,798 [WARNING] [MainThread] [root/weather.py:544]: Error processing weather data: Weather data is empty.. Retrying fetch in 10 seconds.
2025-07-09 07:33:50,798 [ERROR] [MainThread] [root/weather.py:77]: Weather response error: ContentAccessDenied 201.
2025-07-09 07:33:50,798 [WARNING] [MainThread] [root/weather.py:544]: Error processing weather data: Weather data is empty.. Retrying fetch in 10 seconds.
2025-07-09 07:34:00,797 [ERROR] [MainThread] [root/weather.py:77]: Weather response error: ContentAccessDenied 201.
2025-07-09 07:34:00,798 [WARNING] [MainThread] [root/weather.py:544]: Error processing weather data: Weather data is empty.. Retrying fetch in 10 seconds.
2025-07-09 07:34:10,798 [ERROR] [MainThread] [root/weather.py:77]: Weather response error: AuthenticationRequiredError 204.
2025-07-09 07:34:10,798 [WARNING] [MainThread] [root/weather.py:544]: Error processing weather data: Weather data is empty.. Retrying fetch in 10 seconds.
2025-07-09 07:34:20,800 [ERROR] [MainThread] [root/weather.py:77]: Weather response error: AuthenticationRequiredError 204.
2025-07-09 07:34:20,800 [WARNING] [MainThread] [root/weather.py:544]: Error processing weather data: Weather data is empty.. Retrying fetch in 10 seconds.
2025-07-09 07:34:30,816 [ERROR] [MainThread] [root/weather.py:77]: Weather response error: AuthenticationRequiredError 204.
2025-07-09 07:34:30,816 [WARNING] [MainThread] [root/weather.py:544]: Error processing weather data: Weather data is empty.. Retrying fetch in 10 seconds.
2025-07-09 07:34:40,831 [ERROR] [MainThread] [root/weather.py:77]: Weather response error: AuthenticationRequiredError 204.
2025-07-09 07:34:40,831 [WARNING] [MainThread] [root/weather.py:544]: Error processing weather data: Weather data is empty.. Retrying fetch in 10 seconds.
2025-07-09 07:34:50,845 [ERROR] [MainThread] [root/weather.py:77]: Weather response error: AuthenticationRequiredError 204.
2025-07-09 07:34:50,845 [WARNING] [MainThread] [root/weather.py:544]: Error processing weather data: Weather data is empty.. Retrying fetch in 10 seconds.
2025-07-09 07:35:00,843 [ERROR] [MainThread] [root/weather.py:77]: Weather response error: AuthenticationRequiredError 204.
2025-07-09 07:35:00,843 [WARNING] [MainThread] [root/weather.py:544]: Error processing weather data: Weather data is empty.. Retrying fetch in 10 seconds.
2025-07-09 07:35:10,845 [ERROR] [MainThread] [root/weather.py:77]: Weather response error: AuthenticationRequiredError 204.
2025-07-09 07:35:10,845 [WARNING] [MainThread] [root/weather.py:544]: Error processing weather data: Weather data is empty.. Retrying fetch in 10 seconds.
2025-07-09 07:35:20,860 [ERROR] [MainThread] [root/weather.py:77]: Weather response error: AuthenticationRequiredError 204.
2025-07-09 07:35:20,860 [WARNING] [MainThread] [root/weather.py:544]: Error processing weather data: Weather data is empty.. Retrying fetch in 10 seconds.
2025-07-09 07:35:30,863 [ERROR] [MainThread] [root/weather.py:77]: Weather response error: AuthenticationRequiredError 204.
2025-07-09 07:35:30,863 [WARNING] [MainThread] [root/weather.py:544]: Error processing weather data: Weather data is empty.. Retrying fetch in 10 seconds.
2025-07-09 07:35:40,877 [ERROR] [MainThread] [root/weather.py:77]: Weather response error: AuthenticationRequiredError 204.
2025-07-09 07:35:40,877 [WARNING] [MainThread] [root/weather.py:544]: Error processing weather data: Weather data is empty.. Retrying fetch in 10 seconds.
2025-07-09 07:35:50,892 [ERROR] [MainThread] [root/weather.py:77]: Weather response error: AuthenticationRequiredError 204.
2025-07-09 07:35:50,893 [WARNING] [MainThread] [root/weather.py:544]: Error processing weather data: Weather data is empty.. Retrying fetch in 10 seconds.
2025-07-09 07:36:00,908 [ERROR] [MainThread] [root/weather.py:77]: Weather response error: AuthenticationRequiredError 204.
2025-07-09 07:36:00,908 [WARNING] [MainThread] [root/weather.py:544]: Error processing weather data: Weather data is empty.. Retrying fetch in 10 seconds.
2025-07-09 07:36:10,924 [ERROR] [MainThread] [root/weather.py:77]: Weather response error: AuthenticationRequiredError 204.
2025-07-09 07:36:10,924 [WARNING] [MainThread] [root/weather.py:544]: Error processing weather data: Weather data is empty.. Retrying fetch in 10 seconds.
2025-07-09 07:36:20,939 [ERROR] [MainThread] [root/weather.py:77]: Weather response error: AuthenticationRequiredError 204.
2025-07-09 07:36:20,939 [WARNING] [MainThread] [root/weather.py:544]: Error processing weather data: Weather data is empty.. Retrying fetch in 10 seconds.
2025-07-09 07:36:29,032 [ERROR] [MainThread] [root/weather.py:77]: Weather response error: AuthenticationRequiredError 204.
2025-07-09 07:36:30,954 [ERROR] [MainThread] [root/weather.py:77]: Weather response error: AuthenticationRequiredError 204.
2025-07-09 07:36:30,954 [WARNING] [MainThread] [root/weather.py:544]: Error processing weather data: Weather data is empty.. Retrying fetch in 10 seconds.
2025-07-09 07:36:40,956 [ERROR] [MainThread] [root/weather.py:77]: Weather response error: AuthenticationRequiredError 204.
2025-07-09 07:36:40,956 [WARNING] [MainThread] [root/weather.py:544]: Error processing weather data: Weather data is empty.. Retrying fetch in 10 seconds.
2025-07-09 07:36:50,971 [ERROR] [MainThread] [root/weather.py:77]: Weather response error: AuthenticationRequiredError 204.
2025-07-09 07:36:50,971 [WARNING] [MainThread] [root/weather.py:544]: Error processing weather data: Weather data is empty.. Retrying fetch in 10 seconds.
2025-07-09 07:37:00,986 [ERROR] [MainThread] [root/weather.py:77]: Weather response error: AuthenticationRequiredError 204.
2025-07-09 07:37:00,986 [WARNING] [MainThread] [root/weather.py:544]: Error processing weather data: Weather data is empty.. Retrying fetch in 10 seconds.
2025-07-09 07:37:11,002 [ERROR] [MainThread] [root/weather.py:77]: Weather response error: AuthenticationRequiredError 204.
2025-07-09 07:37:11,002 [WARNING] [MainThread] [root/weather.py:544]: Error processing weather data: Weather data is empty.. Retrying fetch in 10 seconds.
2025-07-09 07:37:15,158 [WARNING] [MainThread] [root/weather.py:126]: Failed to fetch icon N/A: ProtocolUnknownError 301
2025-07-09 07:37:15,158 [WARNING] [MainThread] [root/weather.py:126]: Failed to fetch icon N/A: ProtocolUnknownError 301
2025-07-09 07:37:15,158 [WARNING] [MainThread] [root/weather.py:126]: Failed to fetch icon N/A: ProtocolUnknownError 301
2025-07-09 07:37:21,016 [ERROR] [MainThread] [root/weather.py:77]: Weather response error: ContentAccessDenied 201.
2025-07-09 07:37:21,016 [WARNING] [MainThread] [root/weather.py:544]: Error processing weather data: Weather data is empty.. Retrying fetch in 10 seconds.
2025-07-09 07:37:29,181 [INFO] [MainThread] [root/log.py:59]: YASB v1.7.7
2025-07-09 07:37:29,182 [INFO] [Thread-1 (_run_server)] [cli_server/cli_server.py:212]: CLI server started v1.1.2
2025-07-09 07:37:29,182 [INFO] [MainThread] [cli_server/cli_server.py:104]: Log pipe server started
2025-07-09 07:37:29,182 [ERROR] [MainThread] [root/main.py:36]: Another instance of the YASB is already running.
2025-07-09 07:37:31,019 [ERROR] [MainThread] [root/weather.py:77]: Weather response error: AuthenticationRequiredError 204.
2025-07-09 07:37:31,019 [WARNING] [MainThread] [root/weather.py:544]: Error processing weather data: Weather data is empty.. Retrying fetch in 10 seconds.
2025-07-09 07:37:41,034 [ERROR] [MainThread] [root/weather.py:77]: Weather response error: ContentAccessDenied 201.
2025-07-09 07:37:41,034 [WARNING] [MainThread] [root/weather.py:544]: Error processing weather data: Weather data is empty.. Retrying fetch in 10 seconds.
2025-07-09 07:37:51,049 [ERROR] [MainThread] [root/weather.py:77]: Weather response error: AuthenticationRequiredError 204.
2025-07-09 07:37:51,049 [WARNING] [MainThread] [root/weather.py:544]: Error processing weather data: Weather data is empty.. Retrying fetch in 10 seconds.
2025-07-09 07:38:01,065 [ERROR] [MainThread] [root/weather.py:77]: Weather response error: AuthenticationRequiredError 204.
2025-07-09 07:38:01,065 [WARNING] [MainThread] [root/weather.py:544]: Error processing weather data: Weather data is empty.. Retrying fetch in 10 seconds.
2025-07-09 07:38:11,098 [ERROR] [MainThread] [root/weather.py:77]: Weather response error: AuthenticationRequiredError 204.
2025-07-09 07:38:11,098 [WARNING] [MainThread] [root/weather.py:544]: Error processing weather data: Weather data is empty.. Retrying fetch in 10 seconds.
2025-07-09 07:38:21,111 [ERROR] [MainThread] [root/weather.py:77]: Weather response error: AuthenticationRequiredError 204.
2025-07-09 07:38:21,111 [WARNING] [MainThread] [root/weather.py:544]: Error processing weather data: Weather data is empty.. Retrying fetch in 10 seconds.
2025-07-09 07:38:31,134 [ERROR] [MainThread] [root/weather.py:77]: Weather response error: AuthenticationRequiredError 204.
2025-07-09 07:38:31,134 [WARNING] [MainThread] [root/weather.py:544]: Error processing weather data: Weather data is empty.. Retrying fetch in 10 seconds.
2025-07-09 07:38:41,141 [ERROR] [MainThread] [root/weather.py:77]: Weather response error: AuthenticationRequiredError 204.
2025-07-09 07:38:41,141 [WARNING] [MainThread] [root/weather.py:544]: Error processing weather data: Weather data is empty.. Retrying fetch in 10 seconds.
2025-07-09 07:38:51,151 [ERROR] [MainThread] [root/weather.py:77]: Weather response error: AuthenticationRequiredError 204.
2025-07-09 07:38:51,151 [WARNING] [MainThread] [root/weather.py:544]: Error processing weather data: Weather data is empty.. Retrying fetch in 10 seconds.
2025-07-09 07:39:01,158 [ERROR] [MainThread] [root/weather.py:77]: Weather response error: AuthenticationRequiredError 204.
2025-07-09 07:39:01,158 [WARNING] [MainThread] [root/weather.py:544]: Error processing weather data: Weather data is empty.. Retrying fetch in 10 seconds.
2025-07-09 07:39:11,171 [ERROR] [MainThread] [root/weather.py:77]: Weather response error: AuthenticationRequiredError 204.
2025-07-09 07:39:11,171 [WARNING] [MainThread] [root/weather.py:544]: Error processing weather data: Weather data is empty.. Retrying fetch in 10 seconds.
2025-07-09 07:39:11,779 [INFO] [MainThread] [root/log.py:59]: YASB v1.7.7
2025-07-09 07:39:11,779 [INFO] [Thread-1 (_run_server)] [cli_server/cli_server.py:212]: CLI server started v1.1.2
2025-07-09 07:39:11,780 [INFO] [MainThread] [cli_server/cli_server.py:104]: Log pipe server started
2025-07-09 07:39:11,780 [ERROR] [MainThread] [root/main.py:36]: Another instance of the YASB is already running.
2025-07-09 07:39:21,174 [ERROR] [MainThread] [root/weather.py:77]: Weather response error: AuthenticationRequiredError 204.
2025-07-09 07:39:21,174 [WARNING] [MainThread] [root/weather.py:544]: Error processing weather data: Weather data is empty.. Retrying fetch in 10 seconds.
2025-07-09 07:39:30,047 [WARNING] [MainThread] [root/weather.py:126]: Failed to fetch icon N/A: ProtocolUnknownError 301
2025-07-09 07:39:30,047 [WARNING] [MainThread] [root/weather.py:126]: Failed to fetch icon N/A: ProtocolUnknownError 301
2025-07-09 07:39:30,047 [WARNING] [MainThread] [root/weather.py:126]: Failed to fetch icon N/A: ProtocolUnknownError 301
2025-07-09 07:39:31,196 [ERROR] [MainThread] [root/weather.py:77]: Weather response error: AuthenticationRequiredError 204.
2025-07-09 07:39:31,197 [WARNING] [MainThread] [root/weather.py:544]: Error processing weather data: Weather data is empty.. Retrying fetch in 10 seconds.
2025-07-09 07:39:41,210 [ERROR] [MainThread] [root/weather.py:77]: Weather response error: AuthenticationRequiredError 204.
2025-07-09 07:39:41,210 [WARNING] [MainThread] [root/weather.py:544]: Error processing weather data: Weather data is empty.. Retrying fetch in 10 seconds.
2025-07-09 07:39:51,231 [ERROR] [MainThread] [root/weather.py:77]: Weather response error: AuthenticationRequiredError 204.
2025-07-09 07:39:51,231 [WARNING] [MainThread] [root/weather.py:544]: Error processing weather data: Weather data is empty.. Retrying fetch in 10 seconds.
2025-07-09 07:40:01,237 [ERROR] [MainThread] [root/weather.py:77]: Weather response error: AuthenticationRequiredError 204.
2025-07-09 07:40:01,237 [WARNING] [MainThread] [root/weather.py:544]: Error processing weather data: Weather data is empty.. Retrying fetch in 10 seconds.
2025-07-09 07:40:11,252 [ERROR] [MainThread] [root/weather.py:77]: Weather response error: AuthenticationRequiredError 204.
2025-07-09 07:40:11,252 [WARNING] [MainThread] [root/weather.py:544]: Error processing weather data: Weather data is empty.. Retrying fetch in 10 seconds.
2025-07-09 07:40:14,659 [WARNING] [MainThread] [root/weather.py:126]: Failed to fetch icon N/A: ProtocolUnknownError 301
2025-07-09 07:40:14,659 [WARNING] [MainThread] [root/weather.py:126]: Failed to fetch icon N/A: ProtocolUnknownError 301
2025-07-09 07:40:14,660 [WARNING] [MainThread] [root/weather.py:126]: Failed to fetch icon N/A: ProtocolUnknownError 301
2025-07-09 07:40:21,276 [ERROR] [MainThread] [root/weather.py:77]: Weather response error: AuthenticationRequiredError 204.
2025-07-09 07:40:21,276 [WARNING] [MainThread] [root/weather.py:544]: Error processing weather data: Weather data is empty.. Retrying fetch in 10 seconds.
2025-07-09 07:40:31,283 [ERROR] [MainThread] [root/weather.py:77]: Weather response error: AuthenticationRequiredError 204.
2025-07-09 07:40:31,283 [WARNING] [MainThread] [root/weather.py:544]: Error processing weather data: Weather data is empty.. Retrying fetch in 10 seconds.
2025-07-09 07:40:41,307 [ERROR] [MainThread] [root/weather.py:77]: Weather response error: AuthenticationRequiredError 204.
2025-07-09 07:40:41,307 [WARNING] [MainThread] [root/weather.py:544]: Error processing weather data: Weather data is empty.. Retrying fetch in 10 seconds.
2025-07-09 07:40:51,322 [ERROR] [MainThread] [root/weather.py:77]: Weather response error: AuthenticationRequiredError 204.
2025-07-09 07:40:51,322 [WARNING] [MainThread] [root/weather.py:544]: Error processing weather data: Weather data is empty.. Retrying fetch in 10 seconds.
2025-07-09 07:41:01,338 [ERROR] [MainThread] [root/weather.py:77]: Weather response error: AuthenticationRequiredError 204.
2025-07-09 07:41:01,338 [WARNING] [MainThread] [root/weather.py:544]: Error processing weather data: Weather data is empty.. Retrying fetch in 10 seconds.
2025-07-09 07:41:11,346 [ERROR] [MainThread] [root/weather.py:77]: Weather response error: AuthenticationRequiredError 204.
2025-07-09 07:41:11,347 [WARNING] [MainThread] [root/weather.py:544]: Error processing weather data: Weather data is empty.. Retrying fetch in 10 seconds.
2025-07-09 07:41:21,373 [ERROR] [MainThread] [root/weather.py:77]: Weather response error: AuthenticationRequiredError 204.
2025-07-09 07:41:21,373 [WARNING] [MainThread] [root/weather.py:544]: Error processing weather data: Weather data is empty.. Retrying fetch in 10 seconds.
2025-07-09 07:41:26,905 [INFO] [MainThread] [root/utilities.py:196]: YASB added to startup
2025-07-09 07:41:31,374 [ERROR] [MainThread] [root/weather.py:77]: Weather response error: AuthenticationRequiredError 204.
2025-07-09 07:41:31,374 [WARNING] [MainThread] [root/weather.py:544]: Error processing weather data: Weather data is empty.. Retrying fetch in 10 seconds.
2025-07-09 07:41:40,468 [INFO] [Thread-1 (_run_server)] [cli_server/cli_server.py:253]: CLI server received command: stop
2025-07-09 07:41:40,468 [INFO] [Thread-1 (_run_server)] [root/controller.py:30]: Exiting Application from CLI...
2025-07-09 07:41:40,578 [INFO] [Thread-1 (_run_server)] [cli_server/cli_server.py:112]: Log pipe server stopped
2025-07-09 07:41:40,578 [DEBUG] [Thread-1 (_run_server)] [cli_server/cli_server.py:206]: CLI server stopped
2025-07-09 07:41:40,762 [DEBUG] [MainThread] [qasync._windows._EventPoller/_windows.py:218]: Stopping worker thread...
2025-07-09 07:41:40,766 [DEBUG] [Dummy-10] [qasync._windows._EventWorker/_windows.py:201]: Exiting thread
2025-07-09 07:41:40,767 [DEBUG] [MainThread] [qasync._windows._IocpProactor/_windows.py:75]: Closing
2025-07-09 07:41:40,772 [ERROR] [Dummy-371] [root/event_service.py:32]: Failed to emit signal <bound PYQT_SIGNAL update_event of TaskbarWidget object at 0x0000015C75D14B90>. Removing link to WinEvent.EventObjectDestroy.
2025-07-09 07:41:41,105 [INFO] [MainThread] [root/log.py:59]: YASB v1.7.7
2025-07-09 07:41:41,106 [INFO] [Thread-1 (_run_server)] [cli_server/cli_server.py:212]: CLI server started v1.1.2
2025-07-09 07:41:41,106 [INFO] [MainThread] [cli_server/cli_server.py:104]: Log pipe server started
2025-07-09 07:41:42,068 [DEBUG] [MainThread] [comtypes/__init__.py:149]: CoInitializeEx(None, 2)
2025-07-09 07:41:42,123 [DEBUG] [MainThread] [tzlocal/win32.py:55]: Looking up time zone info from registry
2025-07-09 07:41:42,941 [INFO] [MainThread] [root/bar_manager.py:74]: Starting WindowsNotificationEventListener...
2025-07-09 07:41:42,942 [INFO] [MainThread] [root/bar_manager.py:74]: Starting KomorebiEventListener...
2025-07-09 07:41:42,942 [INFO] [MainThread] [root/bar_manager.py:74]: Starting SystemEventListener...
2025-07-09 07:41:42,942 [INFO] [MainThread] [root/watcher.py:54]: Created file watcher for path C:\Users\Mimi\.config\yasb
2025-07-09 07:41:42,943 [INFO] [Dummy-5] [root/event_listener.py:51]: Created named pipe yasb-64c477bc-5c87-11f0-8ad2-10ffe07f117f
2025-07-09 07:41:42,970 [DEBUG] [MainThread] [qasync._windows._EventPoller/_windows.py:213]: Starting (proactor: <_IocpProactor overlapped#=0 result#=0>)...
2025-07-09 07:41:42,972 [DEBUG] [Dummy-9] [qasync._windows._EventWorker/_windows.py:192]: Thread started
2025-07-09 07:41:42,972 [DEBUG] [MainThread] [systray_widget/systray.py:517]: Loading state from C:\Users\Mimi\AppData\Local\YASB\systray_state_ASUSTEKCOMPUTERINCVG279QMNALMQS093971.json
2025-07-09 07:41:42,976 [DEBUG] [TaskbarService] [systray_widget/systray.py:72]: TaskbarService thread is starting...
2025-07-09 07:41:42,976 [DEBUG] [TrayMonitor] [systray_widget/systray.py:58]: Systray thread is starting...
2025-07-09 07:41:43,007 [DEBUG] [TaskbarService] [root/tasks_service.py:75]: Found yasb systray hwnd: 471009548
2025-07-09 07:41:43,007 [DEBUG] [TaskbarService] [systray_widget/tasks_service.py:81]: Adding TaskbandHWND prop to hwnd 471009548
2025-07-09 07:41:43,015 [DEBUG] [MainThread] [systray_widget/systray.py:267]: Systray thread started
2025-07-09 07:41:43,216 [DEBUG] [TaskbarService] [systray_widget/tasks_service.py:81]: Adding TaskbandHWND prop to hwnd 471009548
2025-07-09 07:41:43,216 [DEBUG] [TrayMonitor] [systray_widget/tray_monitor.py:208]: Finding real tray hwnd
2025-07-09 07:41:43,223 [DEBUG] [MainThread] [systray_widget/tray_monitor.py:144]: Sending TaskbarCreated message: 49245
2025-07-09 07:41:44,254 [DEBUG] [MainThread] [systray_widget/systray.py:455]: Re-sorting widgets
2025-07-09 07:41:44,255 [DEBUG] [MainThread] [systray_widget/systray.py:477]: Updating current state
2025-07-09 07:41:47,048 [DEBUG] [MainThread] [systray_widget/systray.py:455]: Re-sorting widgets
2025-07-09 07:41:47,048 [DEBUG] [MainThread] [systray_widget/systray.py:477]: Updating current state
2025-07-09 07:49:05,320 [DEBUG] [MainThread] [systray_widget/systray.py:477]: Updating current state
2025-07-09 07:49:05,320 [DEBUG] [MainThread] [systray_widget/systray.py:495]: Saving state to disk
2025-07-09 07:49:05,321 [DEBUG] [MainThread] [systray_widget/systray.py:499]: Saving state to C:\Users\Mimi\AppData\Local\YASB\systray_state_ASUSTEKCOMPUTERINCVG279QMNALMQS093971.json
2025-07-09 07:49:05,393 [DEBUG] [MainThread] [qasync._windows._EventPoller/_windows.py:218]: Stopping worker thread...
2025-07-09 07:49:05,397 [DEBUG] [Dummy-9] [qasync._windows._EventWorker/_windows.py:201]: Exiting thread
2025-07-09 07:49:05,404 [DEBUG] [MainThread] [qasync._windows._IocpProactor/_windows.py:75]: Closing
2025-07-09 07:49:20,385 [INFO] [MainThread] [root/log.py:59]: YASB v1.7.7
2025-07-09 07:49:20,385 [INFO] [Thread-1 (_run_server)] [cli_server/cli_server.py:212]: CLI server started v1.1.2
2025-07-09 07:49:20,385 [INFO] [MainThread] [cli_server/cli_server.py:104]: Log pipe server started
2025-07-09 07:49:22,091 [DEBUG] [MainThread] [comtypes/__init__.py:149]: CoInitializeEx(None, 2)
2025-07-09 07:49:22,163 [DEBUG] [MainThread] [tzlocal/win32.py:55]: Looking up time zone info from registry
2025-07-09 07:49:23,041 [INFO] [MainThread] [root/bar_manager.py:74]: Starting SystemEventListener...
2025-07-09 07:49:23,042 [INFO] [MainThread] [root/bar_manager.py:74]: Starting WindowsNotificationEventListener...
2025-07-09 07:49:23,042 [INFO] [MainThread] [root/bar_manager.py:74]: Starting KomorebiEventListener...
2025-07-09 07:49:23,042 [INFO] [MainThread] [root/watcher.py:54]: Created file watcher for path C:\Users\Mimi\.config\yasb
2025-07-09 07:49:23,044 [INFO] [Dummy-5] [root/event_listener.py:51]: Created named pipe yasb-77024217-5c88-11f0-86b8-10ffe07f117f
2025-07-09 07:49:23,069 [DEBUG] [MainThread] [qasync._windows._EventPoller/_windows.py:213]: Starting (proactor: <_IocpProactor overlapped#=0 result#=0>)...
2025-07-09 07:49:23,070 [DEBUG] [Dummy-9] [qasync._windows._EventWorker/_windows.py:192]: Thread started
2025-07-09 07:49:23,070 [DEBUG] [MainThread] [systray_widget/systray.py:517]: Loading state from C:\Users\Mimi\AppData\Local\YASB\systray_state_ASUSTEKCOMPUTERINCVG279QMNALMQS093971.json
2025-07-09 07:49:23,074 [DEBUG] [TaskbarService] [systray_widget/systray.py:72]: TaskbarService thread is starting...
2025-07-09 07:49:23,074 [DEBUG] [TrayMonitor] [systray_widget/systray.py:58]: Systray thread is starting...
2025-07-09 07:49:23,103 [DEBUG] [TaskbarService] [root/tasks_service.py:75]: Found yasb systray hwnd: 67018
2025-07-09 07:49:23,103 [DEBUG] [TaskbarService] [systray_widget/tasks_service.py:81]: Adding TaskbandHWND prop to hwnd 67018
2025-07-09 07:49:23,113 [DEBUG] [MainThread] [systray_widget/systray.py:267]: Systray thread started
2025-07-09 07:49:23,314 [DEBUG] [TaskbarService] [systray_widget/tasks_service.py:81]: Adding TaskbandHWND prop to hwnd 67018
2025-07-09 07:49:23,314 [DEBUG] [TrayMonitor] [systray_widget/tray_monitor.py:208]: Finding real tray hwnd
2025-07-09 07:49:23,319 [DEBUG] [MainThread] [systray_widget/tray_monitor.py:144]: Sending TaskbarCreated message: 49338
2025-07-09 07:49:23,832 [DEBUG] [TaskbarService] [systray_widget/tasks_service.py:81]: Adding TaskbandHWND prop to hwnd 67018
2025-07-09 07:49:25,564 [DEBUG] [MainThread] [systray_widget/systray.py:455]: Re-sorting widgets
2025-07-09 07:49:25,564 [DEBUG] [MainThread] [systray_widget/systray.py:477]: Updating current state
2025-07-09 07:49:46,095 [DEBUG] [MainThread] [systray_widget/systray.py:455]: Re-sorting widgets
2025-07-09 07:49:46,095 [DEBUG] [MainThread] [systray_widget/systray.py:477]: Updating current state
2025-07-09 07:51:25,234 [INFO] [Dummy-5] [root/event_listener.py:125]: Komorebi connected to named pipe: yasb-77024217-5c88-11f0-86b8-10ffe07f117f
2025-07-09 07:52:25,873 [INFO] [Thread-1 (_run_server)] [cli_server/cli_server.py:253]: CLI server received command: stop
2025-07-09 07:52:25,873 [INFO] [Thread-1 (_run_server)] [root/controller.py:30]: Exiting Application from CLI...
2025-07-09 07:52:26,080 [INFO] [Thread-1 (_run_server)] [cli_server/cli_server.py:112]: Log pipe server stopped
2025-07-09 07:52:26,085 [DEBUG] [Thread-1 (_run_server)] [cli_server/cli_server.py:206]: CLI server stopped
2025-07-09 07:52:26,111 [DEBUG] [MainThread] [qasync._windows._EventPoller/_windows.py:218]: Stopping worker thread...
2025-07-09 07:52:26,123 [DEBUG] [Dummy-9] [qasync._windows._EventWorker/_windows.py:201]: Exiting thread
2025-07-09 07:52:26,123 [DEBUG] [MainThread] [qasync._windows._IocpProactor/_windows.py:75]: Closing
2025-07-09 07:52:26,164 [DEBUG] [MainThread] [systray_widget/utils.py:96]: Destroying window 67016
2025-07-09 07:52:26,164 [DEBUG] [MainThread] [systray_widget/utils.py:96]: Destroying window 67018
2025-07-09 07:52:26,447 [INFO] [MainThread] [root/log.py:59]: YASB v1.7.7
2025-07-09 07:52:26,448 [INFO] [Thread-1 (_run_server)] [cli_server/cli_server.py:212]: CLI server started v1.1.2
2025-07-09 07:52:26,448 [INFO] [MainThread] [cli_server/cli_server.py:104]: Log pipe server started
2025-07-09 07:52:26,630 [DEBUG] [MainThread] [tzlocal/win32.py:55]: Looking up time zone info from registry
2025-07-09 07:52:26,711 [DEBUG] [MainThread] [comtypes/__init__.py:149]: CoInitializeEx(None, 2)
2025-07-09 07:52:26,825 [INFO] [MainThread] [root/bar_manager.py:74]: Starting SystemEventListener...
2025-07-09 07:52:26,825 [INFO] [MainThread] [root/watcher.py:54]: Created file watcher for path C:\Users\Mimi\.config\yasb
2025-07-09 07:52:26,870 [DEBUG] [MainThread] [qasync._windows._EventPoller/_windows.py:213]: Starting (proactor: <_IocpProactor overlapped#=0 result#=0>)...
2025-07-09 07:52:26,870 [DEBUG] [Dummy-6] [qasync._windows._EventWorker/_windows.py:192]: Thread started
2025-07-09 07:52:26,889 [DEBUG] [MainThread] [systray_widget/systray.py:517]: Loading state from C:\Users\Mimi\AppData\Local\YASB\systray_state_ASUSTEKCOMPUTERINCVG279QMNALMQS093971.json
2025-07-09 07:52:26,900 [DEBUG] [TrayMonitor] [systray_widget/systray.py:58]: Systray thread is starting...
2025-07-09 07:52:26,900 [DEBUG] [TaskbarService] [systray_widget/systray.py:72]: TaskbarService thread is starting...
2025-07-09 07:52:26,903 [DEBUG] [TaskbarService] [root/tasks_service.py:75]: Found yasb systray hwnd: 132118
2025-07-09 07:52:26,903 [DEBUG] [TaskbarService] [systray_widget/tasks_service.py:81]: Adding TaskbandHWND prop to hwnd 132118
2025-07-09 07:52:26,915 [DEBUG] [MainThread] [systray_widget/systray.py:267]: Systray thread started
2025-07-09 07:52:27,115 [DEBUG] [TaskbarService] [systray_widget/tasks_service.py:81]: Adding TaskbandHWND prop to hwnd 132118
2025-07-09 07:52:27,116 [DEBUG] [TrayMonitor] [systray_widget/tray_monitor.py:208]: Finding real tray hwnd
2025-07-09 07:52:27,119 [DEBUG] [MainThread] [systray_widget/tray_monitor.py:144]: Sending TaskbarCreated message: 49338
2025-07-09 07:52:28,130 [DEBUG] [MainThread] [systray_widget/systray.py:455]: Re-sorting widgets
2025-07-09 07:52:28,130 [DEBUG] [MainThread] [systray_widget/systray.py:477]: Updating current state
2025-07-09 07:52:40,312 [INFO] [Thread-1 (_run_server)] [cli_server/cli_server.py:253]: CLI server received command: stop
2025-07-09 07:52:40,312 [INFO] [Thread-1 (_run_server)] [root/controller.py:30]: Exiting Application from CLI...
2025-07-09 07:52:40,425 [INFO] [Thread-1 (_run_server)] [cli_server/cli_server.py:112]: Log pipe server stopped
2025-07-09 07:52:40,425 [DEBUG] [Thread-1 (_run_server)] [cli_server/cli_server.py:206]: CLI server stopped
2025-07-09 07:52:40,425 [DEBUG] [MainThread] [qasync._windows._EventPoller/_windows.py:218]: Stopping worker thread...
2025-07-09 07:52:40,440 [DEBUG] [Dummy-6] [qasync._windows._EventWorker/_windows.py:201]: Exiting thread
2025-07-09 07:52:40,440 [DEBUG] [MainThread] [qasync._windows._IocpProactor/_windows.py:75]: Closing
2025-07-09 07:52:40,443 [ERROR] [Dummy-9] [root/event_service.py:32]: Failed to emit signal <bound PYQT_SIGNAL update_event of TaskbarWidget object at 0x000002301D2A7F70>. Removing link to WinEvent.EventObjectDestroy.
2025-07-09 07:52:40,466 [DEBUG] [MainThread] [systray_widget/utils.py:96]: Destroying window 132120
2025-07-09 07:52:40,466 [DEBUG] [MainThread] [systray_widget/utils.py:96]: Destroying window 132118
2025-07-09 07:52:40,986 [INFO] [MainThread] [root/log.py:59]: YASB v1.7.7
2025-07-09 07:52:40,987 [INFO] [Thread-1 (_run_server)] [cli_server/cli_server.py:212]: CLI server started v1.1.2
2025-07-09 07:52:40,987 [INFO] [MainThread] [cli_server/cli_server.py:104]: Log pipe server started
2025-07-09 07:52:41,103 [DEBUG] [MainThread] [tzlocal/win32.py:55]: Looking up time zone info from registry
2025-07-09 07:52:41,375 [DEBUG] [MainThread] [comtypes/__init__.py:149]: CoInitializeEx(None, 2)
2025-07-09 07:52:41,497 [INFO] [MainThread] [root/bar_manager.py:74]: Starting SystemEventListener...
2025-07-09 07:52:41,497 [INFO] [MainThread] [root/watcher.py:54]: Created file watcher for path C:\Users\Mimi\.config\yasb
2025-07-09 07:52:41,524 [DEBUG] [MainThread] [qasync._windows._EventPoller/_windows.py:213]: Starting (proactor: <_IocpProactor overlapped#=0 result#=0>)...
2025-07-09 07:52:41,525 [DEBUG] [Dummy-6] [qasync._windows._EventWorker/_windows.py:192]: Thread started
2025-07-09 07:52:41,696 [ERROR] [MainThread] [root/weather.py:77]: Weather response error: ContentAccessDenied 201.
2025-07-09 07:52:41,696 [WARNING] [MainThread] [root/weather.py:544]: Error processing weather data: Weather data is empty.. Retrying fetch in 10 seconds.
2025-07-09 07:52:49,302 [INFO] [Thread-1 (_run_server)] [cli_server/cli_server.py:253]: CLI server received command: stop
2025-07-09 07:52:49,303 [INFO] [Thread-1 (_run_server)] [root/controller.py:30]: Exiting Application from CLI...
2025-07-09 07:52:49,408 [INFO] [Thread-1 (_run_server)] [cli_server/cli_server.py:112]: Log pipe server stopped
2025-07-09 07:52:49,408 [DEBUG] [Thread-1 (_run_server)] [cli_server/cli_server.py:206]: CLI server stopped
2025-07-09 07:52:49,877 [DEBUG] [MainThread] [qasync._windows._EventPoller/_windows.py:218]: Stopping worker thread...
2025-07-09 07:52:49,880 [DEBUG] [Dummy-6] [qasync._windows._EventWorker/_windows.py:201]: Exiting thread
2025-07-09 07:52:49,881 [DEBUG] [MainThread] [qasync._windows._IocpProactor/_windows.py:75]: Closing
2025-07-09 07:52:49,904 [ERROR] [Dummy-7] [root/event_service.py:32]: Failed to emit signal <bound PYQT_SIGNAL window_name_change of ActiveWindowWidget object at 0x00000170621531B0>. Removing link to WinEvent.EventObjectNameChange.
2025-07-09 07:52:50,037 [INFO] [MainThread] [root/log.py:59]: YASB v1.7.7
2025-07-09 07:52:50,037 [INFO] [Thread-1 (_run_server)] [cli_server/cli_server.py:212]: CLI server started v1.1.2
2025-07-09 07:52:50,038 [INFO] [MainThread] [cli_server/cli_server.py:104]: Log pipe server started
2025-07-09 07:52:50,428 [DEBUG] [MainThread] [tzlocal/win32.py:55]: Looking up time zone info from registry
2025-07-09 07:52:50,476 [DEBUG] [MainThread] [comtypes/__init__.py:149]: CoInitializeEx(None, 2)
2025-07-09 07:52:51,132 [INFO] [MainThread] [root/bar_manager.py:74]: Starting SystemEventListener...
2025-07-09 07:52:51,132 [INFO] [MainThread] [root/watcher.py:54]: Created file watcher for path C:\Users\Mimi\.config\yasb
2025-07-09 07:52:51,168 [DEBUG] [MainThread] [qasync._windows._EventPoller/_windows.py:213]: Starting (proactor: <_IocpProactor overlapped#=0 result#=0>)...
2025-07-09 07:52:51,169 [DEBUG] [Dummy-10] [qasync._windows._EventWorker/_windows.py:192]: Thread started
2025-07-09 07:52:51,229 [ERROR] [MainThread] [root/weather.py:77]: Weather response error: ContentAccessDenied 201.
2025-07-09 07:52:51,229 [WARNING] [MainThread] [root/weather.py:544]: Error processing weather data: Weather data is empty.. Retrying fetch in 10 seconds.
2025-07-09 07:53:01,234 [ERROR] [MainThread] [root/weather.py:77]: Weather response error: ContentAccessDenied 201.
2025-07-09 07:53:01,234 [WARNING] [MainThread] [root/weather.py:544]: Error processing weather data: Weather data is empty.. Retrying fetch in 10 seconds.
2025-07-09 07:53:11,400 [ERROR] [MainThread] [root/weather.py:77]: Weather response error: ContentAccessDenied 201.
2025-07-09 07:53:11,400 [WARNING] [MainThread] [root/weather.py:544]: Error processing weather data: Weather data is empty.. Retrying fetch in 10 seconds.
2025-07-09 07:53:12,454 [DEBUG] [MainThread] [root/blurWindow.py:127]: Failed to apply settings: invalid literal for int() with base 16: ''
2025-07-09 07:53:21,417 [ERROR] [MainThread] [root/weather.py:77]: Weather response error: AuthenticationRequiredError 204.
2025-07-09 07:53:21,417 [WARNING] [MainThread] [root/weather.py:544]: Error processing weather data: Weather data is empty.. Retrying fetch in 10 seconds.
2025-07-09 07:53:31,433 [ERROR] [MainThread] [root/weather.py:77]: Weather response error: ContentAccessDenied 201.
2025-07-09 07:53:31,433 [WARNING] [MainThread] [root/weather.py:544]: Error processing weather data: Weather data is empty.. Retrying fetch in 10 seconds.
2025-07-09 07:53:42,020 [ERROR] [MainThread] [root/weather.py:77]: Weather response error: ContentAccessDenied 201.
2025-07-09 07:53:42,020 [WARNING] [MainThread] [root/weather.py:544]: Error processing weather data: Weather data is empty.. Retrying fetch in 10 seconds.
2025-07-09 07:53:52,042 [ERROR] [MainThread] [root/weather.py:77]: Weather response error: AuthenticationRequiredError 204.
2025-07-09 07:53:52,042 [WARNING] [MainThread] [root/weather.py:544]: Error processing weather data: Weather data is empty.. Retrying fetch in 10 seconds.
2025-07-09 07:54:02,058 [ERROR] [MainThread] [root/weather.py:77]: Weather response error: AuthenticationRequiredError 204.
2025-07-09 07:54:02,058 [WARNING] [MainThread] [root/weather.py:544]: Error processing weather data: Weather data is empty.. Retrying fetch in 10 seconds.
2025-07-09 07:54:12,086 [ERROR] [MainThread] [root/weather.py:77]: Weather response error: ContentAccessDenied 201.
2025-07-09 07:54:12,086 [WARNING] [MainThread] [root/weather.py:544]: Error processing weather data: Weather data is empty.. Retrying fetch in 10 seconds.
2025-07-09 07:54:22,103 [ERROR] [MainThread] [root/weather.py:77]: Weather response error: ContentAccessDenied 201.
2025-07-09 07:54:22,103 [WARNING] [MainThread] [root/weather.py:544]: Error processing weather data: Weather data is empty.. Retrying fetch in 10 seconds.
2025-07-09 07:54:32,118 [ERROR] [MainThread] [root/weather.py:77]: Weather response error: ContentAccessDenied 201.
2025-07-09 07:54:32,118 [WARNING] [MainThread] [root/weather.py:544]: Error processing weather data: Weather data is empty.. Retrying fetch in 10 seconds.
2025-07-09 07:54:44,678 [ERROR] [MainThread] [root/weather.py:77]: Weather response error: ContentAccessDenied 201.
2025-07-09 07:54:44,678 [WARNING] [MainThread] [root/weather.py:544]: Error processing weather data: Weather data is empty.. Retrying fetch in 10 seconds.
2025-07-09 07:54:54,697 [ERROR] [MainThread] [root/weather.py:77]: Weather response error: ContentAccessDenied 201.
2025-07-09 07:54:54,697 [WARNING] [MainThread] [root/weather.py:544]: Error processing weather data: Weather data is empty.. Retrying fetch in 10 seconds.
2025-07-09 07:55:04,721 [ERROR] [MainThread] [root/weather.py:77]: Weather response error: ContentAccessDenied 201.
2025-07-09 07:55:04,721 [WARNING] [MainThread] [root/weather.py:544]: Error processing weather data: Weather data is empty.. Retrying fetch in 10 seconds.
2025-07-09 07:55:14,746 [ERROR] [MainThread] [root/weather.py:77]: Weather response error: ContentAccessDenied 201.
2025-07-09 07:55:14,746 [WARNING] [MainThread] [root/weather.py:544]: Error processing weather data: Weather data is empty.. Retrying fetch in 10 seconds.
2025-07-09 07:55:24,762 [ERROR] [MainThread] [root/weather.py:77]: Weather response error: ContentAccessDenied 201.
2025-07-09 07:55:24,762 [WARNING] [MainThread] [root/weather.py:544]: Error processing weather data: Weather data is empty.. Retrying fetch in 10 seconds.
2025-07-09 07:55:34,787 [ERROR] [MainThread] [root/weather.py:77]: Weather response error: ContentAccessDenied 201.
2025-07-09 07:55:34,787 [WARNING] [MainThread] [root/weather.py:544]: Error processing weather data: Weather data is empty.. Retrying fetch in 10 seconds.
2025-07-09 07:55:44,807 [ERROR] [MainThread] [root/weather.py:77]: Weather response error: ContentAccessDenied 201.
2025-07-09 07:55:44,807 [WARNING] [MainThread] [root/weather.py:544]: Error processing weather data: Weather data is empty.. Retrying fetch in 10 seconds.
2025-07-09 07:55:54,821 [ERROR] [MainThread] [root/weather.py:77]: Weather response error: ContentAccessDenied 201.
2025-07-09 07:55:54,821 [WARNING] [MainThread] [root/weather.py:544]: Error processing weather data: Weather data is empty.. Retrying fetch in 10 seconds.
2025-07-09 07:56:07,527 [ERROR] [MainThread] [root/weather.py:77]: Weather response error: ContentAccessDenied 201.
2025-07-09 07:56:07,527 [WARNING] [MainThread] [root/weather.py:544]: Error processing weather data: Weather data is empty.. Retrying fetch in 10 seconds.
2025-07-09 07:56:17,540 [ERROR] [MainThread] [root/weather.py:77]: Weather response error: ContentAccessDenied 201.
2025-07-09 07:56:17,540 [WARNING] [MainThread] [root/weather.py:544]: Error processing weather data: Weather data is empty.. Retrying fetch in 10 seconds.
2025-07-09 07:56:27,560 [ERROR] [MainThread] [root/weather.py:77]: Weather response error: ContentAccessDenied 201.
2025-07-09 07:56:27,560 [WARNING] [MainThread] [root/weather.py:544]: Error processing weather data: Weather data is empty.. Retrying fetch in 10 seconds.
2025-07-09 07:56:37,582 [ERROR] [MainThread] [root/weather.py:77]: Weather response error: ContentAccessDenied 201.
2025-07-09 07:56:37,583 [WARNING] [MainThread] [root/weather.py:544]: Error processing weather data: Weather data is empty.. Retrying fetch in 10 seconds.
2025-07-09 07:56:47,605 [ERROR] [MainThread] [root/weather.py:77]: Weather response error: ContentAccessDenied 201.
2025-07-09 07:56:47,605 [WARNING] [MainThread] [root/weather.py:544]: Error processing weather data: Weather data is empty.. Retrying fetch in 10 seconds.
2025-07-09 07:56:57,621 [ERROR] [MainThread] [root/weather.py:77]: Weather response error: ContentAccessDenied 201.
2025-07-09 07:56:57,621 [WARNING] [MainThread] [root/weather.py:544]: Error processing weather data: Weather data is empty.. Retrying fetch in 10 seconds.
2025-07-09 07:57:07,636 [ERROR] [MainThread] [root/weather.py:77]: Weather response error: ContentAccessDenied 201.
2025-07-09 07:57:07,636 [WARNING] [MainThread] [root/weather.py:544]: Error processing weather data: Weather data is empty.. Retrying fetch in 10 seconds.
2025-07-09 07:57:17,652 [ERROR] [MainThread] [root/weather.py:77]: Weather response error: ContentAccessDenied 201.
2025-07-09 07:57:17,652 [WARNING] [MainThread] [root/weather.py:544]: Error processing weather data: Weather data is empty.. Retrying fetch in 10 seconds.
2025-07-09 07:57:27,666 [ERROR] [MainThread] [root/weather.py:77]: Weather response error: ContentAccessDenied 201.
2025-07-09 07:57:27,666 [WARNING] [MainThread] [root/weather.py:544]: Error processing weather data: Weather data is empty.. Retrying fetch in 10 seconds.
2025-07-09 07:57:37,684 [ERROR] [MainThread] [root/weather.py:77]: Weather response error: ContentAccessDenied 201.
2025-07-09 07:57:37,684 [WARNING] [MainThread] [root/weather.py:544]: Error processing weather data: Weather data is empty.. Retrying fetch in 10 seconds.
2025-07-09 07:57:48,913 [ERROR] [MainThread] [root/weather.py:77]: Weather response error: ContentAccessDenied 201.
2025-07-09 07:57:48,913 [WARNING] [MainThread] [root/weather.py:544]: Error processing weather data: Weather data is empty.. Retrying fetch in 10 seconds.
2025-07-09 07:57:58,932 [ERROR] [MainThread] [root/weather.py:77]: Weather response error: ContentAccessDenied 201.
2025-07-09 07:57:58,932 [WARNING] [MainThread] [root/weather.py:544]: Error processing weather data: Weather data is empty.. Retrying fetch in 10 seconds.
2025-07-09 07:58:08,947 [ERROR] [MainThread] [root/weather.py:77]: Weather response error: ContentAccessDenied 201.
2025-07-09 07:58:08,948 [WARNING] [MainThread] [root/weather.py:544]: Error processing weather data: Weather data is empty.. Retrying fetch in 10 seconds.
2025-07-09 07:58:18,962 [ERROR] [MainThread] [root/weather.py:77]: Weather response error: ContentAccessDenied 201.
2025-07-09 07:58:18,962 [WARNING] [MainThread] [root/weather.py:544]: Error processing weather data: Weather data is empty.. Retrying fetch in 10 seconds.
2025-07-09 07:58:28,978 [ERROR] [MainThread] [root/weather.py:77]: Weather response error: ContentAccessDenied 201.
2025-07-09 07:58:28,978 [WARNING] [MainThread] [root/weather.py:544]: Error processing weather data: Weather data is empty.. Retrying fetch in 10 seconds.
2025-07-09 07:58:38,995 [ERROR] [MainThread] [root/weather.py:77]: Weather response error: ContentAccessDenied 201.
2025-07-09 07:58:38,995 [WARNING] [MainThread] [root/weather.py:544]: Error processing weather data: Weather data is empty.. Retrying fetch in 10 seconds.
2025-07-09 07:58:49,009 [ERROR] [MainThread] [root/weather.py:77]: Weather response error: ContentAccessDenied 201.
2025-07-09 07:58:49,009 [WARNING] [MainThread] [root/weather.py:544]: Error processing weather data: Weather data is empty.. Retrying fetch in 10 seconds.
2025-07-09 07:58:59,025 [ERROR] [MainThread] [root/weather.py:77]: Weather response error: ContentAccessDenied 201.
2025-07-09 07:58:59,025 [WARNING] [MainThread] [root/weather.py:544]: Error processing weather data: Weather data is empty.. Retrying fetch in 10 seconds.
2025-07-09 07:59:09,040 [ERROR] [MainThread] [root/weather.py:77]: Weather response error: ContentAccessDenied 201.
2025-07-09 07:59:09,040 [WARNING] [MainThread] [root/weather.py:544]: Error processing weather data: Weather data is empty.. Retrying fetch in 10 seconds.
2025-07-09 07:59:19,056 [ERROR] [MainThread] [root/weather.py:77]: Weather response error: ContentAccessDenied 201.
2025-07-09 07:59:19,056 [WARNING] [MainThread] [root/weather.py:544]: Error processing weather data: Weather data is empty.. Retrying fetch in 10 seconds.
2025-07-09 07:59:29,121 [ERROR] [MainThread] [root/weather.py:77]: Weather response error: ContentAccessDenied 201.
2025-07-09 07:59:29,121 [WARNING] [MainThread] [root/weather.py:544]: Error processing weather data: Weather data is empty.. Retrying fetch in 10 seconds.
2025-07-09 07:59:39,142 [ERROR] [MainThread] [root/weather.py:77]: Weather response error: ContentAccessDenied 201.
2025-07-09 07:59:39,142 [WARNING] [MainThread] [root/weather.py:544]: Error processing weather data: Weather data is empty.. Retrying fetch in 10 seconds.
2025-07-09 07:59:49,168 [ERROR] [MainThread] [root/weather.py:77]: Weather response error: ContentAccessDenied 201.
2025-07-09 07:59:49,169 [WARNING] [MainThread] [root/weather.py:544]: Error processing weather data: Weather data is empty.. Retrying fetch in 10 seconds.
2025-07-09 07:59:59,183 [ERROR] [MainThread] [root/weather.py:77]: Weather response error: ContentAccessDenied 201.
2025-07-09 07:59:59,183 [WARNING] [MainThread] [root/weather.py:544]: Error processing weather data: Weather data is empty.. Retrying fetch in 10 seconds.
2025-07-09 08:00:12,180 [ERROR] [MainThread] [root/weather.py:77]: Weather response error: ContentAccessDenied 201.
2025-07-09 08:00:12,181 [WARNING] [MainThread] [root/weather.py:544]: Error processing weather data: Weather data is empty.. Retrying fetch in 10 seconds.
2025-07-09 08:00:22,196 [ERROR] [MainThread] [root/weather.py:77]: Weather response error: ContentAccessDenied 201.
2025-07-09 08:00:22,196 [WARNING] [MainThread] [root/weather.py:544]: Error processing weather data: Weather data is empty.. Retrying fetch in 10 seconds.
2025-07-09 08:00:32,233 [ERROR] [MainThread] [root/weather.py:77]: Weather response error: ContentAccessDenied 201.
2025-07-09 08:00:32,233 [WARNING] [MainThread] [root/weather.py:544]: Error processing weather data: Weather data is empty.. Retrying fetch in 10 seconds.
2025-07-09 08:00:42,249 [ERROR] [MainThread] [root/weather.py:77]: Weather response error: ContentAccessDenied 201.
2025-07-09 08:00:42,249 [WARNING] [MainThread] [root/weather.py:544]: Error processing weather data: Weather data is empty.. Retrying fetch in 10 seconds.
2025-07-09 08:00:52,262 [ERROR] [MainThread] [root/weather.py:77]: Weather response error: ContentAccessDenied 201.
2025-07-09 08:00:52,262 [WARNING] [MainThread] [root/weather.py:544]: Error processing weather data: Weather data is empty.. Retrying fetch in 10 seconds.
2025-07-09 08:01:02,274 [ERROR] [MainThread] [root/weather.py:77]: Weather response error: ContentAccessDenied 201.
2025-07-09 08:01:02,274 [WARNING] [MainThread] [root/weather.py:544]: Error processing weather data: Weather data is empty.. Retrying fetch in 10 seconds.
2025-07-09 08:01:12,292 [ERROR] [MainThread] [root/weather.py:77]: Weather response error: ContentAccessDenied 201.
2025-07-09 08:01:12,293 [WARNING] [MainThread] [root/weather.py:544]: Error processing weather data: Weather data is empty.. Retrying fetch in 10 seconds.
2025-07-09 08:01:22,305 [ERROR] [MainThread] [root/weather.py:77]: Weather response error: ContentAccessDenied 201.
2025-07-09 08:01:22,306 [WARNING] [MainThread] [root/weather.py:544]: Error processing weather data: Weather data is empty.. Retrying fetch in 10 seconds.
2025-07-09 08:01:35,791 [ERROR] [MainThread] [root/weather.py:77]: Weather response error: ContentAccessDenied 201.
2025-07-09 08:01:35,791 [WARNING] [MainThread] [root/weather.py:544]: Error processing weather data: Weather data is empty.. Retrying fetch in 10 seconds.
2025-07-09 08:01:45,810 [ERROR] [MainThread] [root/weather.py:77]: Weather response error: ContentAccessDenied 201.
2025-07-09 08:01:45,810 [WARNING] [MainThread] [root/weather.py:544]: Error processing weather data: Weather data is empty.. Retrying fetch in 10 seconds.
2025-07-09 08:01:55,823 [ERROR] [MainThread] [root/weather.py:77]: Weather response error: ContentAccessDenied 201.
2025-07-09 08:01:55,823 [WARNING] [MainThread] [root/weather.py:544]: Error processing weather data: Weather data is empty.. Retrying fetch in 10 seconds.
2025-07-09 08:02:05,839 [ERROR] [MainThread] [root/weather.py:77]: Weather response error: ContentAccessDenied 201.
2025-07-09 08:02:05,839 [WARNING] [MainThread] [root/weather.py:544]: Error processing weather data: Weather data is empty.. Retrying fetch in 10 seconds.
2025-07-09 08:02:15,862 [ERROR] [MainThread] [root/weather.py:77]: Weather response error: ContentAccessDenied 201.
2025-07-09 08:02:15,862 [WARNING] [MainThread] [root/weather.py:544]: Error processing weather data: Weather data is empty.. Retrying fetch in 10 seconds.
2025-07-09 08:02:32,008 [ERROR] [MainThread] [root/weather.py:77]: Weather response error: ContentAccessDenied 201.
2025-07-09 08:02:32,008 [WARNING] [MainThread] [root/weather.py:544]: Error processing weather data: Weather data is empty.. Retrying fetch in 10 seconds.
2025-07-09 08:02:42,028 [ERROR] [MainThread] [root/weather.py:77]: Weather response error: ContentAccessDenied 201.
2025-07-09 08:02:42,028 [WARNING] [MainThread] [root/weather.py:544]: Error processing weather data: Weather data is empty.. Retrying fetch in 10 seconds.
2025-07-09 08:02:50,432 [ERROR] [MainThread] [root/weather.py:77]: Weather response error: ContentAccessDenied 201.
2025-07-09 08:02:52,033 [ERROR] [MainThread] [root/weather.py:77]: Weather response error: ContentAccessDenied 201.
2025-07-09 08:02:52,033 [WARNING] [MainThread] [root/weather.py:544]: Error processing weather data: Weather data is empty.. Retrying fetch in 10 seconds.
2025-07-09 08:03:02,048 [ERROR] [MainThread] [root/weather.py:77]: Weather response error: ContentAccessDenied 201.
2025-07-09 08:03:02,048 [WARNING] [MainThread] [root/weather.py:544]: Error processing weather data: Weather data is empty.. Retrying fetch in 10 seconds.
2025-07-09 08:03:12,050 [ERROR] [MainThread] [root/weather.py:77]: Weather response error: ContentAccessDenied 201.
2025-07-09 08:03:12,050 [WARNING] [MainThread] [root/weather.py:544]: Error processing weather data: Weather data is empty.. Retrying fetch in 10 seconds.
2025-07-09 08:03:22,065 [ERROR] [MainThread] [root/weather.py:77]: Weather response error: ContentAccessDenied 201.
2025-07-09 08:03:22,065 [WARNING] [MainThread] [root/weather.py:544]: Error processing weather data: Weather data is empty.. Retrying fetch in 10 seconds.
2025-07-09 08:03:32,078 [ERROR] [MainThread] [root/weather.py:77]: Weather response error: ContentAccessDenied 201.
2025-07-09 08:03:32,078 [WARNING] [MainThread] [root/weather.py:544]: Error processing weather data: Weather data is empty.. Retrying fetch in 10 seconds.
2025-07-09 08:03:42,078 [ERROR] [MainThread] [root/weather.py:77]: Weather response error: ContentAccessDenied 201.
2025-07-09 08:03:42,078 [WARNING] [MainThread] [root/weather.py:544]: Error processing weather data: Weather data is empty.. Retrying fetch in 10 seconds.
2025-07-09 08:03:52,078 [ERROR] [MainThread] [root/weather.py:77]: Weather response error: ContentAccessDenied 201.
2025-07-09 08:03:52,078 [WARNING] [MainThread] [root/weather.py:544]: Error processing weather data: Weather data is empty.. Retrying fetch in 10 seconds.
2025-07-09 08:04:02,086 [ERROR] [MainThread] [root/weather.py:77]: Weather response error: ContentAccessDenied 201.
2025-07-09 08:04:02,087 [WARNING] [MainThread] [root/weather.py:544]: Error processing weather data: Weather data is empty.. Retrying fetch in 10 seconds.
2025-07-09 08:04:12,095 [ERROR] [MainThread] [root/weather.py:77]: Weather response error: ContentAccessDenied 201.
2025-07-09 08:04:12,095 [WARNING] [MainThread] [root/weather.py:544]: Error processing weather data: Weather data is empty.. Retrying fetch in 10 seconds.
2025-07-09 08:04:22,113 [ERROR] [MainThread] [root/weather.py:77]: Weather response error: ContentAccessDenied 201.
2025-07-09 08:04:22,113 [WARNING] [MainThread] [root/weather.py:544]: Error processing weather data: Weather data is empty.. Retrying fetch in 10 seconds.
2025-07-09 08:04:32,136 [ERROR] [MainThread] [root/weather.py:77]: Weather response error: ContentAccessDenied 201.
2025-07-09 08:04:32,136 [WARNING] [MainThread] [root/weather.py:544]: Error processing weather data: Weather data is empty.. Retrying fetch in 10 seconds.
2025-07-09 08:04:42,149 [ERROR] [MainThread] [root/weather.py:77]: Weather response error: ContentAccessDenied 201.
2025-07-09 08:04:42,149 [WARNING] [MainThread] [root/weather.py:544]: Error processing weather data: Weather data is empty.. Retrying fetch in 10 seconds.
2025-07-09 08:04:52,166 [ERROR] [MainThread] [root/weather.py:77]: Weather response error: ContentAccessDenied 201.
2025-07-09 08:04:52,166 [WARNING] [MainThread] [root/weather.py:544]: Error processing weather data: Weather data is empty.. Retrying fetch in 10 seconds.
2025-07-09 08:05:02,180 [ERROR] [MainThread] [root/weather.py:77]: Weather response error: ContentAccessDenied 201.
2025-07-09 08:05:02,180 [WARNING] [MainThread] [root/weather.py:544]: Error processing weather data: Weather data is empty.. Retrying fetch in 10 seconds.
2025-07-09 08:05:09,184 [INFO] [MainThread] [root/controller.py:15]: Reloading Application from tray...
2025-07-09 08:05:09,297 [INFO] [MainThread] [cli_server/cli_server.py:112]: Log pipe server stopped
2025-07-09 08:05:09,297 [DEBUG] [MainThread] [cli_server/cli_server.py:206]: CLI server stopped
2025-07-09 08:05:09,312 [DEBUG] [MainThread] [qasync._windows._EventPoller/_windows.py:218]: Stopping worker thread...
2025-07-09 08:05:09,328 [DEBUG] [Dummy-10] [qasync._windows._EventWorker/_windows.py:201]: Exiting thread
2025-07-09 08:05:09,328 [DEBUG] [MainThread] [qasync._windows._IocpProactor/_windows.py:75]: Closing
2025-07-09 08:05:09,527 [INFO] [MainThread] [root/log.py:59]: YASB v1.7.7
2025-07-09 08:05:09,527 [INFO] [Thread-1 (_run_server)] [cli_server/cli_server.py:212]: CLI server started v1.1.2
2025-07-09 08:05:09,527 [INFO] [MainThread] [cli_server/cli_server.py:104]: Log pipe server started
2025-07-09 08:05:09,947 [DEBUG] [MainThread] [tzlocal/win32.py:55]: Looking up time zone info from registry
2025-07-09 08:05:09,997 [DEBUG] [MainThread] [comtypes/__init__.py:149]: CoInitializeEx(None, 2)
2025-07-09 08:05:10,671 [INFO] [MainThread] [root/bar_manager.py:74]: Starting SystemEventListener...
2025-07-09 08:05:10,671 [INFO] [MainThread] [root/watcher.py:54]: Created file watcher for path C:\Users\Mimi\.config\yasb
2025-07-09 08:05:10,707 [DEBUG] [MainThread] [qasync._windows._EventPoller/_windows.py:213]: Starting (proactor: <_IocpProactor overlapped#=0 result#=0>)...
2025-07-09 08:05:10,708 [DEBUG] [Dummy-10] [qasync._windows._EventWorker/_windows.py:192]: Thread started
2025-07-09 08:05:10,809 [ERROR] [MainThread] [root/weather.py:77]: Weather response error: ContentAccessDenied 201.
2025-07-09 08:05:10,809 [WARNING] [MainThread] [root/weather.py:544]: Error processing weather data: Weather data is empty.. Retrying fetch in 10 seconds.
2025-07-09 08:05:20,822 [ERROR] [MainThread] [root/weather.py:77]: Weather response error: ContentAccessDenied 201.
2025-07-09 08:05:20,823 [WARNING] [MainThread] [root/weather.py:544]: Error processing weather data: Weather data is empty.. Retrying fetch in 10 seconds.
2025-07-09 08:05:34,713 [ERROR] [MainThread] [root/weather.py:77]: Weather response error: ContentAccessDenied 201.
2025-07-09 08:05:34,713 [WARNING] [MainThread] [root/weather.py:544]: Error processing weather data: Weather data is empty.. Retrying fetch in 10 seconds.
2025-07-09 08:05:44,729 [ERROR] [MainThread] [root/weather.py:77]: Weather response error: ContentAccessDenied 201.
2025-07-09 08:05:44,729 [WARNING] [MainThread] [root/weather.py:544]: Error processing weather data: Weather data is empty.. Retrying fetch in 10 seconds.
2025-07-09 08:05:54,745 [ERROR] [MainThread] [root/weather.py:77]: Weather response error: ContentAccessDenied 201.
2025-07-09 08:05:54,745 [WARNING] [MainThread] [root/weather.py:544]: Error processing weather data: Weather data is empty.. Retrying fetch in 10 seconds.
2025-07-09 08:06:04,761 [ERROR] [MainThread] [root/weather.py:77]: Weather response error: ContentAccessDenied 201.
2025-07-09 08:06:04,761 [WARNING] [MainThread] [root/weather.py:544]: Error processing weather data: Weather data is empty.. Retrying fetch in 10 seconds.
2025-07-09 08:06:14,780 [ERROR] [MainThread] [root/weather.py:77]: Weather response error: ContentAccessDenied 201.
2025-07-09 08:06:14,780 [WARNING] [MainThread] [root/weather.py:544]: Error processing weather data: Weather data is empty.. Retrying fetch in 10 seconds.
2025-07-09 08:06:24,791 [ERROR] [MainThread] [root/weather.py:77]: Weather response error: ContentAccessDenied 201.
2025-07-09 08:06:24,792 [WARNING] [MainThread] [root/weather.py:544]: Error processing weather data: Weather data is empty.. Retrying fetch in 10 seconds.
2025-07-09 08:06:34,807 [ERROR] [MainThread] [root/weather.py:77]: Weather response error: ContentAccessDenied 201.
2025-07-09 08:06:34,807 [WARNING] [MainThread] [root/weather.py:544]: Error processing weather data: Weather data is empty.. Retrying fetch in 10 seconds.
2025-07-09 08:06:44,822 [ERROR] [MainThread] [root/weather.py:77]: Weather response error: ContentAccessDenied 201.
2025-07-09 08:06:44,822 [WARNING] [MainThread] [root/weather.py:544]: Error processing weather data: Weather data is empty.. Retrying fetch in 10 seconds.
2025-07-09 08:06:54,828 [ERROR] [MainThread] [root/weather.py:77]: Weather response error: ContentAccessDenied 201.
2025-07-09 08:06:54,828 [WARNING] [MainThread] [root/weather.py:544]: Error processing weather data: Weather data is empty.. Retrying fetch in 10 seconds.
2025-07-09 08:07:04,834 [ERROR] [MainThread] [root/weather.py:77]: Weather response error: ContentAccessDenied 201.
2025-07-09 08:07:04,834 [WARNING] [MainThread] [root/weather.py:544]: Error processing weather data: Weather data is empty.. Retrying fetch in 10 seconds.
2025-07-09 08:07:14,873 [ERROR] [MainThread] [root/weather.py:77]: Weather response error: ContentAccessDenied 201.
2025-07-09 08:07:14,873 [WARNING] [MainThread] [root/weather.py:544]: Error processing weather data: Weather data is empty.. Retrying fetch in 10 seconds.
2025-07-09 08:07:24,885 [ERROR] [MainThread] [root/weather.py:77]: Weather response error: ContentAccessDenied 201.
2025-07-09 08:07:24,885 [WARNING] [MainThread] [root/weather.py:544]: Error processing weather data: Weather data is empty.. Retrying fetch in 10 seconds.
2025-07-09 08:07:34,900 [ERROR] [MainThread] [root/weather.py:77]: Weather response error: ContentAccessDenied 201.
2025-07-09 08:07:34,900 [WARNING] [MainThread] [root/weather.py:544]: Error processing weather data: Weather data is empty.. Retrying fetch in 10 seconds.
2025-07-09 08:07:50,260 [ERROR] [MainThread] [root/weather.py:77]: Weather response error: ContentAccessDenied 201.
2025-07-09 08:07:50,261 [WARNING] [MainThread] [root/weather.py:544]: Error processing weather data: Weather data is empty.. Retrying fetch in 10 seconds.
2025-07-09 08:08:00,278 [ERROR] [MainThread] [root/weather.py:77]: Weather response error: ContentAccessDenied 201.
2025-07-09 08:08:00,278 [WARNING] [MainThread] [root/weather.py:544]: Error processing weather data: Weather data is empty.. Retrying fetch in 10 seconds.
2025-07-09 08:08:10,293 [ERROR] [MainThread] [root/weather.py:77]: Weather response error: ContentAccessDenied 201.
2025-07-09 08:08:10,293 [WARNING] [MainThread] [root/weather.py:544]: Error processing weather data: Weather data is empty.. Retrying fetch in 10 seconds.
2025-07-09 08:08:20,308 [ERROR] [MainThread] [root/weather.py:77]: Weather response error: ContentAccessDenied 201.
2025-07-09 08:08:20,308 [WARNING] [MainThread] [root/weather.py:544]: Error processing weather data: Weather data is empty.. Retrying fetch in 10 seconds.
2025-07-09 08:08:30,327 [ERROR] [MainThread] [root/weather.py:77]: Weather response error: ContentAccessDenied 201.
2025-07-09 08:08:30,327 [WARNING] [MainThread] [root/weather.py:544]: Error processing weather data: Weather data is empty.. Retrying fetch in 10 seconds.
2025-07-09 08:08:40,339 [ERROR] [MainThread] [root/weather.py:77]: Weather response error: ContentAccessDenied 201.
2025-07-09 08:08:40,340 [WARNING] [MainThread] [root/weather.py:544]: Error processing weather data: Weather data is empty.. Retrying fetch in 10 seconds.
2025-07-09 08:08:48,157 [INFO] [MainThread] [root/controller.py:15]: Reloading Application because of config change.
2025-07-09 08:08:48,264 [INFO] [MainThread] [cli_server/cli_server.py:112]: Log pipe server stopped
2025-07-09 08:08:48,264 [DEBUG] [MainThread] [cli_server/cli_server.py:206]: CLI server stopped
2025-07-09 08:08:48,269 [INFO] [MainThread] [root/bar_manager.py:65]: Successfully loaded updated config and re-initialised all bars.
2025-07-09 08:08:48,269 [DEBUG] [MainThread] [qasync._windows._EventPoller/_windows.py:218]: Stopping worker thread...
2025-07-09 08:08:48,280 [DEBUG] [Dummy-10] [qasync._windows._EventWorker/_windows.py:201]: Exiting thread
2025-07-09 08:08:48,280 [DEBUG] [MainThread] [qasync._windows._IocpProactor/_windows.py:75]: Closing
2025-07-09 08:08:48,301 [ERROR] [Dummy-12] [root/event_service.py:32]: Failed to emit signal <bound PYQT_SIGNAL window_name_change of ActiveWindowWidget object at 0x0000015E1DBFE3F0>. Removing link to WinEvent.EventObjectStateChange.
2025-07-09 08:08:48,505 [INFO] [MainThread] [root/log.py:59]: YASB v1.7.7
2025-07-09 08:08:48,505 [INFO] [Thread-1 (_run_server)] [cli_server/cli_server.py:212]: CLI server started v1.1.2
2025-07-09 08:08:48,506 [INFO] [MainThread] [cli_server/cli_server.py:104]: Log pipe server started
2025-07-09 08:08:48,628 [WARNING] [MainThread] [root/widget_builder.py:40]: No widget config could be found for widget 'komorebic_workspaces
2025-07-09 08:08:48,688 [DEBUG] [MainThread] [tzlocal/win32.py:55]: Looking up time zone info from registry
2025-07-09 08:08:48,737 [DEBUG] [MainThread] [comtypes/__init__.py:149]: CoInitializeEx(None, 2)
2025-07-09 08:08:49,402 [INFO] [MainThread] [root/bar_manager.py:74]: Starting SystemEventListener...
2025-07-09 08:08:49,403 [ERROR] [MainThread] [root/widget_builder.py:79]: Failed to add undefined widget(s)  - The widget "komorebic_workspaces" is undefined.
2025-07-09 08:10:30,552 [INFO] [MainThread] [root/log.py:59]: YASB v1.7.7
2025-07-09 08:10:30,553 [INFO] [Thread-1 (_run_server)] [cli_server/cli_server.py:212]: CLI server started v1.1.2
2025-07-09 08:10:30,553 [INFO] [MainThread] [cli_server/cli_server.py:104]: Log pipe server started
2025-07-09 08:10:30,755 [DEBUG] [MainThread] [tzlocal/win32.py:55]: Looking up time zone info from registry
2025-07-09 08:10:30,804 [DEBUG] [MainThread] [comtypes/__init__.py:149]: CoInitializeEx(None, 2)
2025-07-09 08:10:31,517 [INFO] [MainThread] [root/bar_manager.py:74]: Starting SystemEventListener...
2025-07-09 08:10:31,517 [INFO] [MainThread] [root/watcher.py:54]: Created file watcher for path C:\Users\Mimi\.config\yasb
2025-07-09 08:10:31,550 [DEBUG] [MainThread] [qasync._windows._EventPoller/_windows.py:213]: Starting (proactor: <_IocpProactor overlapped#=0 result#=0>)...
2025-07-09 08:10:31,551 [DEBUG] [Dummy-7] [qasync._windows._EventWorker/_windows.py:192]: Thread started
2025-07-09 08:10:32,006 [ERROR] [MainThread] [root/weather.py:77]: Weather response error: ContentAccessDenied 201.
2025-07-09 08:10:32,007 [WARNING] [MainThread] [root/weather.py:544]: Error processing weather data: Weather data is empty.. Retrying fetch in 10 seconds.
2025-07-09 08:10:42,025 [ERROR] [MainThread] [root/weather.py:77]: Weather response error: ContentAccessDenied 201.
2025-07-09 08:10:42,025 [WARNING] [MainThread] [root/weather.py:544]: Error processing weather data: Weather data is empty.. Retrying fetch in 10 seconds.
2025-07-09 08:10:52,041 [ERROR] [MainThread] [root/weather.py:77]: Weather response error: ContentAccessDenied 201.
2025-07-09 08:10:52,042 [WARNING] [MainThread] [root/weather.py:544]: Error processing weather data: Weather data is empty.. Retrying fetch in 10 seconds.
2025-07-09 08:11:03,547 [ERROR] [MainThread] [root/weather.py:77]: Weather response error: ContentAccessDenied 201.
2025-07-09 08:11:03,547 [WARNING] [MainThread] [root/weather.py:544]: Error processing weather data: Weather data is empty.. Retrying fetch in 10 seconds.
2025-07-09 08:11:13,559 [ERROR] [MainThread] [root/weather.py:77]: Weather response error: ContentAccessDenied 201.
2025-07-09 08:11:13,559 [WARNING] [MainThread] [root/weather.py:544]: Error processing weather data: Weather data is empty.. Retrying fetch in 10 seconds.
2025-07-09 08:11:20,384 [INFO] [MainThread] [root/controller.py:15]: Reloading Application because of config change.
2025-07-09 08:11:20,489 [INFO] [MainThread] [cli_server/cli_server.py:112]: Log pipe server stopped
2025-07-09 08:11:20,489 [DEBUG] [MainThread] [cli_server/cli_server.py:206]: CLI server stopped
2025-07-09 08:11:20,494 [INFO] [MainThread] [root/bar_manager.py:65]: Successfully loaded updated config and re-initialised all bars.
2025-07-09 08:11:20,494 [DEBUG] [MainThread] [qasync._windows._EventPoller/_windows.py:218]: Stopping worker thread...
2025-07-09 08:11:20,505 [DEBUG] [Dummy-7] [qasync._windows._EventWorker/_windows.py:201]: Exiting thread
2025-07-09 08:11:20,505 [DEBUG] [MainThread] [qasync._windows._IocpProactor/_windows.py:75]: Closing
2025-07-09 08:11:20,722 [INFO] [MainThread] [root/log.py:59]: YASB v1.7.7
2025-07-09 08:11:20,723 [INFO] [Thread-1 (_run_server)] [cli_server/cli_server.py:212]: CLI server started v1.1.2
2025-07-09 08:11:20,723 [INFO] [MainThread] [cli_server/cli_server.py:104]: Log pipe server started
2025-07-09 08:11:20,904 [DEBUG] [MainThread] [tzlocal/win32.py:55]: Looking up time zone info from registry
2025-07-09 08:11:21,531 [INFO] [MainThread] [root/bar_manager.py:74]: Starting SystemEventListener...
2025-07-09 08:11:21,531 [INFO] [MainThread] [root/watcher.py:54]: Created file watcher for path C:\Users\Mimi\.config\yasb
2025-07-09 08:11:21,564 [DEBUG] [MainThread] [qasync._windows._EventPoller/_windows.py:213]: Starting (proactor: <_IocpProactor overlapped#=0 result#=0>)...
2025-07-09 08:11:21,565 [DEBUG] [Dummy-7] [qasync._windows._EventWorker/_windows.py:192]: Thread started
2025-07-09 08:18:32,617 [INFO] [MainThread] [root/controller.py:15]: Reloading Application because of config change.
2025-07-09 08:18:32,729 [INFO] [MainThread] [cli_server/cli_server.py:112]: Log pipe server stopped
2025-07-09 08:18:32,729 [DEBUG] [MainThread] [cli_server/cli_server.py:206]: CLI server stopped
2025-07-09 08:18:32,734 [INFO] [MainThread] [root/bar_manager.py:65]: Successfully loaded updated config and re-initialised all bars.
2025-07-09 08:18:32,735 [DEBUG] [MainThread] [qasync._windows._EventPoller/_windows.py:218]: Stopping worker thread...
2025-07-09 08:18:32,744 [DEBUG] [Dummy-7] [qasync._windows._EventWorker/_windows.py:201]: Exiting thread
2025-07-09 08:18:32,744 [DEBUG] [MainThread] [qasync._windows._IocpProactor/_windows.py:75]: Closing
2025-07-09 08:18:32,958 [INFO] [MainThread] [root/log.py:59]: YASB v1.7.7
2025-07-09 08:18:32,959 [INFO] [Thread-1 (_run_server)] [cli_server/cli_server.py:212]: CLI server started v1.1.2
2025-07-09 08:18:32,959 [INFO] [MainThread] [cli_server/cli_server.py:104]: Log pipe server started
2025-07-09 08:18:33,140 [DEBUG] [MainThread] [tzlocal/win32.py:55]: Looking up time zone info from registry
2025-07-09 08:18:33,816 [INFO] [MainThread] [root/bar_manager.py:74]: Starting SystemEventListener...
2025-07-09 08:18:33,817 [INFO] [MainThread] [root/watcher.py:54]: Created file watcher for path C:\Users\Mimi\.config\yasb
2025-07-09 08:18:33,849 [DEBUG] [MainThread] [qasync._windows._EventPoller/_windows.py:213]: Starting (proactor: <_IocpProactor overlapped#=0 result#=0>)...
2025-07-09 08:18:33,850 [DEBUG] [Dummy-7] [qasync._windows._EventWorker/_windows.py:192]: Thread started
2025-07-09 08:21:43,392 [INFO] [MainThread] [root/controller.py:15]: Reloading Application because of config change.
2025-07-09 08:21:43,505 [INFO] [MainThread] [cli_server/cli_server.py:112]: Log pipe server stopped
2025-07-09 08:21:43,505 [DEBUG] [MainThread] [cli_server/cli_server.py:206]: CLI server stopped
2025-07-09 08:21:43,511 [INFO] [MainThread] [root/bar_manager.py:65]: Successfully loaded updated config and re-initialised all bars.
2025-07-09 08:21:43,511 [DEBUG] [MainThread] [qasync._windows._EventPoller/_windows.py:218]: Stopping worker thread...
2025-07-09 08:21:43,520 [DEBUG] [Dummy-7] [qasync._windows._EventWorker/_windows.py:201]: Exiting thread
2025-07-09 08:21:43,520 [DEBUG] [MainThread] [qasync._windows._IocpProactor/_windows.py:75]: Closing
2025-07-09 08:21:43,735 [INFO] [MainThread] [root/log.py:59]: YASB v1.7.7
2025-07-09 08:21:43,735 [INFO] [Thread-1 (_run_server)] [cli_server/cli_server.py:212]: CLI server started v1.1.2
2025-07-09 08:21:43,736 [INFO] [MainThread] [cli_server/cli_server.py:104]: Log pipe server started
2025-07-09 08:21:43,912 [DEBUG] [MainThread] [tzlocal/win32.py:55]: Looking up time zone info from registry
2025-07-09 08:21:44,551 [INFO] [MainThread] [root/bar_manager.py:74]: Starting SystemEventListener...
2025-07-09 08:21:44,551 [INFO] [MainThread] [root/bar_manager.py:74]: Starting KomorebiEventListener...
2025-07-09 08:21:44,552 [ERROR] [MainThread] [root/widget_builder.py:93]: Failed to validate widget(s) due to invalid options  - glazewm_workspaces
      offline_label:
      - unknown field
      
2025-07-09 08:21:44,552 [INFO] [Dummy-4] [root/event_listener.py:51]: Created named pipe yasb-fc3d007c-5c8c-11f0-aa0f-10ffe07f117f
2025-07-09 08:24:14,690 [INFO] [MainThread] [root/log.py:59]: YASB v1.7.7
2025-07-09 08:24:14,690 [INFO] [Thread-1 (_run_server)] [cli_server/cli_server.py:212]: CLI server started v1.1.2
2025-07-09 08:24:14,691 [INFO] [MainThread] [cli_server/cli_server.py:104]: Log pipe server started
2025-07-09 08:24:14,860 [DEBUG] [MainThread] [tzlocal/win32.py:55]: Looking up time zone info from registry
2025-07-09 08:24:15,515 [INFO] [MainThread] [root/bar_manager.py:74]: Starting SystemEventListener...
2025-07-09 08:24:15,515 [INFO] [MainThread] [root/bar_manager.py:74]: Starting KomorebiEventListener...
2025-07-09 08:24:15,515 [INFO] [MainThread] [root/watcher.py:54]: Created file watcher for path C:\Users\Mimi\.config\yasb
2025-07-09 08:24:15,516 [INFO] [Dummy-6] [root/event_listener.py:51]: Created named pipe yasb-56384822-5c8d-11f0-befe-10ffe07f117f
2025-07-09 08:24:15,551 [DEBUG] [MainThread] [qasync._windows._EventPoller/_windows.py:213]: Starting (proactor: <_IocpProactor overlapped#=0 result#=0>)...
2025-07-09 08:24:15,551 [DEBUG] [Dummy-10] [qasync._windows._EventWorker/_windows.py:192]: Thread started
2025-07-09 08:24:15,623 [INFO] [Dummy-6] [root/event_listener.py:125]: Komorebi connected to named pipe: yasb-56384822-5c8d-11f0-befe-10ffe07f117f
2025-07-09 08:27:02,762 [INFO] [MainThread] [root/controller.py:15]: Reloading Application because of config change.
2025-07-09 08:27:02,874 [INFO] [MainThread] [cli_server/cli_server.py:112]: Log pipe server stopped
2025-07-09 08:27:02,874 [DEBUG] [MainThread] [cli_server/cli_server.py:206]: CLI server stopped
2025-07-09 08:27:02,879 [INFO] [MainThread] [root/bar_manager.py:65]: Successfully loaded updated config and re-initialised all bars.
2025-07-09 08:27:02,879 [DEBUG] [MainThread] [qasync._windows._EventPoller/_windows.py:218]: Stopping worker thread...
2025-07-09 08:27:02,890 [DEBUG] [Dummy-10] [qasync._windows._EventWorker/_windows.py:201]: Exiting thread
2025-07-09 08:27:02,890 [DEBUG] [MainThread] [qasync._windows._IocpProactor/_windows.py:75]: Closing
2025-07-09 08:27:03,104 [INFO] [MainThread] [root/log.py:59]: YASB v1.7.7
2025-07-09 08:27:03,104 [INFO] [Thread-1 (_run_server)] [cli_server/cli_server.py:212]: CLI server started v1.1.2
2025-07-09 08:27:03,105 [INFO] [MainThread] [cli_server/cli_server.py:104]: Log pipe server started
2025-07-09 08:27:03,270 [DEBUG] [MainThread] [tzlocal/win32.py:55]: Looking up time zone info from registry
2025-07-09 08:27:03,871 [INFO] [MainThread] [root/bar_manager.py:74]: Starting KomorebiEventListener...
2025-07-09 08:27:03,871 [INFO] [MainThread] [root/bar_manager.py:74]: Starting SystemEventListener...
2025-07-09 08:27:03,872 [INFO] [MainThread] [root/watcher.py:54]: Created file watcher for path C:\Users\Mimi\.config\yasb
2025-07-09 08:27:03,872 [INFO] [Dummy-6] [root/event_listener.py:51]: Created named pipe yasb-ba915a02-5c8d-11f0-9cd3-10ffe07f117f
2025-07-09 08:27:03,905 [DEBUG] [MainThread] [qasync._windows._EventPoller/_windows.py:213]: Starting (proactor: <_IocpProactor overlapped#=0 result#=0>)...
2025-07-09 08:27:03,906 [DEBUG] [Dummy-10] [qasync._windows._EventWorker/_windows.py:192]: Thread started
2025-07-09 08:27:03,974 [INFO] [Dummy-6] [root/event_listener.py:125]: Komorebi connected to named pipe: yasb-ba915a02-5c8d-11f0-9cd3-10ffe07f117f
2025-07-09 08:27:13,695 [INFO] [MainThread] [root/controller.py:15]: Reloading Application because of config change.
2025-07-09 08:27:13,805 [INFO] [MainThread] [cli_server/cli_server.py:112]: Log pipe server stopped
2025-07-09 08:27:13,805 [DEBUG] [MainThread] [cli_server/cli_server.py:206]: CLI server stopped
2025-07-09 08:27:13,809 [INFO] [MainThread] [root/bar_manager.py:65]: Successfully loaded updated config and re-initialised all bars.
2025-07-09 08:27:13,810 [DEBUG] [MainThread] [qasync._windows._EventPoller/_windows.py:218]: Stopping worker thread...
2025-07-09 08:27:13,821 [DEBUG] [Dummy-10] [qasync._windows._EventWorker/_windows.py:201]: Exiting thread
2025-07-09 08:27:13,822 [DEBUG] [MainThread] [qasync._windows._IocpProactor/_windows.py:75]: Closing
2025-07-09 08:27:14,034 [INFO] [MainThread] [root/log.py:59]: YASB v1.7.7
2025-07-09 08:27:14,034 [INFO] [Thread-1 (_run_server)] [cli_server/cli_server.py:212]: CLI server started v1.1.2
2025-07-09 08:27:14,034 [INFO] [MainThread] [cli_server/cli_server.py:104]: Log pipe server started
2025-07-09 08:27:14,196 [DEBUG] [MainThread] [tzlocal/win32.py:55]: Looking up time zone info from registry
2025-07-09 08:27:14,808 [INFO] [MainThread] [root/bar_manager.py:74]: Starting KomorebiEventListener...
2025-07-09 08:27:14,809 [INFO] [MainThread] [root/bar_manager.py:74]: Starting SystemEventListener...
2025-07-09 08:27:14,809 [INFO] [MainThread] [root/watcher.py:54]: Created file watcher for path C:\Users\Mimi\.config\yasb
2025-07-09 08:27:14,809 [INFO] [Dummy-6] [root/event_listener.py:51]: Created named pipe yasb-c1163f19-5c8d-11f0-8097-10ffe07f117f
2025-07-09 08:27:14,841 [DEBUG] [MainThread] [qasync._windows._EventPoller/_windows.py:213]: Starting (proactor: <_IocpProactor overlapped#=0 result#=0>)...
2025-07-09 08:27:14,842 [DEBUG] [Dummy-10] [qasync._windows._EventWorker/_windows.py:192]: Thread started
2025-07-09 08:27:14,910 [INFO] [Dummy-6] [root/event_listener.py:125]: Komorebi connected to named pipe: yasb-c1163f19-5c8d-11f0-8097-10ffe07f117f
2025-07-09 08:27:33,963 [INFO] [MainThread] [root/controller.py:15]: Reloading Application because of config change.
2025-07-09 08:27:34,074 [INFO] [MainThread] [cli_server/cli_server.py:112]: Log pipe server stopped
2025-07-09 08:27:34,074 [DEBUG] [MainThread] [cli_server/cli_server.py:206]: CLI server stopped
2025-07-09 08:27:34,079 [INFO] [MainThread] [root/bar_manager.py:65]: Successfully loaded updated config and re-initialised all bars.
2025-07-09 08:27:34,079 [DEBUG] [MainThread] [qasync._windows._EventPoller/_windows.py:218]: Stopping worker thread...
2025-07-09 08:27:34,090 [DEBUG] [Dummy-10] [qasync._windows._EventWorker/_windows.py:201]: Exiting thread
2025-07-09 08:27:34,090 [DEBUG] [MainThread] [qasync._windows._IocpProactor/_windows.py:75]: Closing
2025-07-09 08:27:34,300 [INFO] [MainThread] [root/log.py:59]: YASB v1.7.7
2025-07-09 08:27:34,301 [INFO] [Thread-1 (_run_server)] [cli_server/cli_server.py:212]: CLI server started v1.1.2
2025-07-09 08:27:34,301 [INFO] [MainThread] [cli_server/cli_server.py:104]: Log pipe server started
2025-07-09 08:27:34,463 [DEBUG] [MainThread] [tzlocal/win32.py:55]: Looking up time zone info from registry
2025-07-09 08:27:35,072 [INFO] [MainThread] [root/bar_manager.py:74]: Starting KomorebiEventListener...
2025-07-09 08:27:35,072 [INFO] [MainThread] [root/bar_manager.py:74]: Starting SystemEventListener...
2025-07-09 08:27:35,072 [INFO] [MainThread] [root/watcher.py:54]: Created file watcher for path C:\Users\Mimi\.config\yasb
2025-07-09 08:27:35,073 [INFO] [Dummy-6] [root/event_listener.py:51]: Created named pipe yasb-cd2a286e-5c8d-11f0-8caf-10ffe07f117f
2025-07-09 08:27:35,105 [DEBUG] [MainThread] [qasync._windows._EventPoller/_windows.py:213]: Starting (proactor: <_IocpProactor overlapped#=0 result#=0>)...
2025-07-09 08:27:35,106 [DEBUG] [Dummy-10] [qasync._windows._EventWorker/_windows.py:192]: Thread started
2025-07-09 08:27:35,173 [INFO] [Dummy-6] [root/event_listener.py:125]: Komorebi connected to named pipe: yasb-cd2a286e-5c8d-11f0-8caf-10ffe07f117f
2025-07-09 08:27:45,939 [INFO] [MainThread] [root/controller.py:15]: Reloading Application because of config change.
2025-07-09 08:27:46,042 [INFO] [MainThread] [cli_server/cli_server.py:112]: Log pipe server stopped
2025-07-09 08:27:46,042 [DEBUG] [MainThread] [cli_server/cli_server.py:206]: CLI server stopped
2025-07-09 08:27:46,047 [INFO] [MainThread] [root/bar_manager.py:65]: Successfully loaded updated config and re-initialised all bars.
2025-07-09 08:27:46,047 [DEBUG] [MainThread] [qasync._windows._EventPoller/_windows.py:218]: Stopping worker thread...
2025-07-09 08:27:46,058 [DEBUG] [Dummy-10] [qasync._windows._EventWorker/_windows.py:201]: Exiting thread
2025-07-09 08:27:46,058 [DEBUG] [MainThread] [qasync._windows._IocpProactor/_windows.py:75]: Closing
2025-07-09 08:27:46,266 [INFO] [MainThread] [root/log.py:59]: YASB v1.7.7
2025-07-09 08:27:46,266 [INFO] [Thread-1 (_run_server)] [cli_server/cli_server.py:212]: CLI server started v1.1.2
2025-07-09 08:27:46,266 [INFO] [MainThread] [cli_server/cli_server.py:104]: Log pipe server started
2025-07-09 08:27:46,430 [DEBUG] [MainThread] [tzlocal/win32.py:55]: Looking up time zone info from registry
2025-07-09 08:27:47,062 [INFO] [MainThread] [root/bar_manager.py:74]: Starting KomorebiEventListener...
2025-07-09 08:27:47,062 [INFO] [MainThread] [root/bar_manager.py:74]: Starting SystemEventListener...
2025-07-09 08:27:47,062 [INFO] [MainThread] [root/watcher.py:54]: Created file watcher for path C:\Users\Mimi\.config\yasb
2025-07-09 08:27:47,063 [INFO] [Dummy-6] [root/event_listener.py:51]: Created named pipe yasb-d44fc953-5c8d-11f0-adc9-10ffe07f117f
2025-07-09 08:27:47,096 [DEBUG] [MainThread] [qasync._windows._EventPoller/_windows.py:213]: Starting (proactor: <_IocpProactor overlapped#=0 result#=0>)...
2025-07-09 08:27:47,096 [DEBUG] [Dummy-10] [qasync._windows._EventWorker/_windows.py:192]: Thread started
2025-07-09 08:27:47,164 [INFO] [Dummy-6] [root/event_listener.py:125]: Komorebi connected to named pipe: yasb-d44fc953-5c8d-11f0-adc9-10ffe07f117f
2025-07-09 08:28:51,985 [INFO] [MainThread] [root/controller.py:15]: Reloading Application because of config change.
2025-07-09 08:28:52,096 [INFO] [MainThread] [cli_server/cli_server.py:112]: Log pipe server stopped
2025-07-09 08:28:52,096 [DEBUG] [MainThread] [cli_server/cli_server.py:206]: CLI server stopped
2025-07-09 08:28:52,101 [INFO] [MainThread] [root/bar_manager.py:65]: Successfully loaded updated config and re-initialised all bars.
2025-07-09 08:28:52,101 [DEBUG] [MainThread] [qasync._windows._EventPoller/_windows.py:218]: Stopping worker thread...
2025-07-09 08:28:52,112 [DEBUG] [Dummy-10] [qasync._windows._EventWorker/_windows.py:201]: Exiting thread
2025-07-09 08:28:52,112 [DEBUG] [MainThread] [qasync._windows._IocpProactor/_windows.py:75]: Closing
2025-07-09 08:28:52,126 [ERROR] [Dummy-6] [root/event_service.py:32]: Failed to emit signal <bound PYQT_SIGNAL k_signal_update of WorkspaceWidget object at 0x0000020FC8DD9130>. Removing link to KomorebiEvent.KomorebiUpdate.
2025-07-09 08:28:52,317 [INFO] [MainThread] [root/log.py:59]: YASB v1.7.7
2025-07-09 08:28:52,317 [INFO] [Thread-1 (_run_server)] [cli_server/cli_server.py:212]: CLI server started v1.1.2
2025-07-09 08:28:52,317 [INFO] [MainThread] [cli_server/cli_server.py:104]: Log pipe server started
2025-07-09 08:28:52,485 [DEBUG] [MainThread] [tzlocal/win32.py:55]: Looking up time zone info from registry
2025-07-09 08:28:53,098 [INFO] [MainThread] [root/bar_manager.py:74]: Starting SystemEventListener...
2025-07-09 08:28:53,098 [INFO] [MainThread] [root/bar_manager.py:74]: Starting KomorebiEventListener...
2025-07-09 08:28:53,098 [INFO] [MainThread] [root/watcher.py:54]: Created file watcher for path C:\Users\Mimi\.config\yasb
2025-07-09 08:28:53,099 [INFO] [Dummy-6] [root/event_listener.py:51]: Created named pipe yasb-fbac0c62-5c8d-11f0-ae95-10ffe07f117f
2025-07-09 08:28:53,134 [DEBUG] [MainThread] [qasync._windows._EventPoller/_windows.py:213]: Starting (proactor: <_IocpProactor overlapped#=0 result#=0>)...
2025-07-09 08:28:53,134 [DEBUG] [Dummy-10] [qasync._windows._EventWorker/_windows.py:192]: Thread started
2025-07-09 08:28:53,207 [INFO] [Dummy-6] [root/event_listener.py:125]: Komorebi connected to named pipe: yasb-fbac0c62-5c8d-11f0-ae95-10ffe07f117f
2025-07-09 08:29:11,929 [INFO] [MainThread] [root/controller.py:15]: Reloading Application because of config change.
2025-07-09 08:29:12,035 [INFO] [MainThread] [cli_server/cli_server.py:112]: Log pipe server stopped
2025-07-09 08:29:12,035 [DEBUG] [MainThread] [cli_server/cli_server.py:206]: CLI server stopped
2025-07-09 08:29:12,040 [INFO] [MainThread] [root/bar_manager.py:65]: Successfully loaded updated config and re-initialised all bars.
2025-07-09 08:29:12,040 [DEBUG] [MainThread] [qasync._windows._EventPoller/_windows.py:218]: Stopping worker thread...
2025-07-09 08:29:12,050 [DEBUG] [Dummy-10] [qasync._windows._EventWorker/_windows.py:201]: Exiting thread
2025-07-09 08:29:12,050 [DEBUG] [MainThread] [qasync._windows._IocpProactor/_windows.py:75]: Closing
2025-07-09 08:29:12,262 [INFO] [MainThread] [root/log.py:59]: YASB v1.7.7
2025-07-09 08:29:12,262 [INFO] [Thread-1 (_run_server)] [cli_server/cli_server.py:212]: CLI server started v1.1.2
2025-07-09 08:29:12,263 [INFO] [MainThread] [cli_server/cli_server.py:104]: Log pipe server started
2025-07-09 08:29:12,430 [DEBUG] [MainThread] [tzlocal/win32.py:55]: Looking up time zone info from registry
2025-07-09 08:29:13,055 [INFO] [MainThread] [root/bar_manager.py:74]: Starting KomorebiEventListener...
2025-07-09 08:29:13,055 [INFO] [MainThread] [root/bar_manager.py:74]: Starting SystemEventListener...
2025-07-09 08:29:13,055 [INFO] [MainThread] [root/watcher.py:54]: Created file watcher for path C:\Users\Mimi\.config\yasb
2025-07-09 08:29:13,057 [INFO] [Dummy-5] [root/event_listener.py:51]: Created named pipe yasb-0791499e-5c8e-11f0-800a-10ffe07f117f
2025-07-09 08:29:13,090 [DEBUG] [MainThread] [qasync._windows._EventPoller/_windows.py:213]: Starting (proactor: <_IocpProactor overlapped#=0 result#=0>)...
2025-07-09 08:29:13,091 [DEBUG] [Dummy-9] [qasync._windows._EventWorker/_windows.py:192]: Thread started
2025-07-09 08:29:13,181 [INFO] [Dummy-5] [root/event_listener.py:125]: Komorebi connected to named pipe: yasb-0791499e-5c8e-11f0-800a-10ffe07f117f
2025-07-09 08:29:29,651 [INFO] [MainThread] [root/controller.py:15]: Reloading Application because of config change.
2025-07-09 08:29:29,758 [INFO] [MainThread] [cli_server/cli_server.py:112]: Log pipe server stopped
2025-07-09 08:29:29,758 [DEBUG] [MainThread] [cli_server/cli_server.py:206]: CLI server stopped
2025-07-09 08:29:29,762 [INFO] [MainThread] [root/bar_manager.py:65]: Successfully loaded updated config and re-initialised all bars.
2025-07-09 08:29:29,762 [DEBUG] [MainThread] [qasync._windows._EventPoller/_windows.py:218]: Stopping worker thread...
2025-07-09 08:29:29,773 [DEBUG] [Dummy-9] [qasync._windows._EventWorker/_windows.py:201]: Exiting thread
2025-07-09 08:29:29,773 [DEBUG] [MainThread] [qasync._windows._IocpProactor/_windows.py:75]: Closing
2025-07-09 08:29:29,980 [INFO] [MainThread] [root/log.py:59]: YASB v1.7.7
2025-07-09 08:29:29,980 [INFO] [Thread-1 (_run_server)] [cli_server/cli_server.py:212]: CLI server started v1.1.2
2025-07-09 08:29:29,981 [INFO] [MainThread] [cli_server/cli_server.py:104]: Log pipe server started
2025-07-09 08:29:30,150 [DEBUG] [MainThread] [tzlocal/win32.py:55]: Looking up time zone info from registry
2025-07-09 08:29:30,747 [INFO] [MainThread] [root/bar_manager.py:74]: Starting SystemEventListener...
2025-07-09 08:29:30,747 [INFO] [MainThread] [root/bar_manager.py:74]: Starting KomorebiEventListener...
2025-07-09 08:29:30,748 [INFO] [MainThread] [root/watcher.py:54]: Created file watcher for path C:\Users\Mimi\.config\yasb
2025-07-09 08:29:30,748 [INFO] [Dummy-5] [root/event_listener.py:51]: Created named pipe yasb-121cc5f9-5c8e-11f0-9dff-10ffe07f117f
2025-07-09 08:29:30,782 [DEBUG] [MainThread] [qasync._windows._EventPoller/_windows.py:213]: Starting (proactor: <_IocpProactor overlapped#=0 result#=0>)...
2025-07-09 08:29:30,783 [DEBUG] [Dummy-9] [qasync._windows._EventWorker/_windows.py:192]: Thread started
2025-07-09 08:29:30,853 [INFO] [Dummy-5] [root/event_listener.py:125]: Komorebi connected to named pipe: yasb-121cc5f9-5c8e-11f0-9dff-10ffe07f117f
2025-07-09 08:30:46,598 [INFO] [MainThread] [root/controller.py:15]: Reloading Application because of config change.
2025-07-09 08:30:46,710 [INFO] [MainThread] [cli_server/cli_server.py:112]: Log pipe server stopped
2025-07-09 08:30:46,710 [DEBUG] [MainThread] [cli_server/cli_server.py:206]: CLI server stopped
2025-07-09 08:30:46,714 [INFO] [MainThread] [root/bar_manager.py:65]: Successfully loaded updated config and re-initialised all bars.
2025-07-09 08:30:46,714 [DEBUG] [MainThread] [qasync._windows._EventPoller/_windows.py:218]: Stopping worker thread...
2025-07-09 08:30:46,726 [DEBUG] [Dummy-9] [qasync._windows._EventWorker/_windows.py:201]: Exiting thread
2025-07-09 08:30:46,726 [DEBUG] [MainThread] [qasync._windows._IocpProactor/_windows.py:75]: Closing
2025-07-09 08:30:46,937 [INFO] [MainThread] [root/log.py:59]: YASB v1.7.7
2025-07-09 08:30:46,938 [INFO] [Thread-1 (_run_server)] [cli_server/cli_server.py:212]: CLI server started v1.1.2
2025-07-09 08:30:46,938 [INFO] [MainThread] [cli_server/cli_server.py:104]: Log pipe server started
2025-07-09 08:30:47,106 [DEBUG] [MainThread] [tzlocal/win32.py:55]: Looking up time zone info from registry
2025-07-09 08:30:47,701 [INFO] [MainThread] [root/bar_manager.py:74]: Starting KomorebiEventListener...
2025-07-09 08:30:47,701 [INFO] [MainThread] [root/bar_manager.py:74]: Starting SystemEventListener...
2025-07-09 08:30:47,701 [INFO] [MainThread] [root/watcher.py:54]: Created file watcher for path C:\Users\Mimi\.config\yasb
2025-07-09 08:30:47,702 [INFO] [Dummy-5] [root/event_listener.py:51]: Created named pipe yasb-3ffb100c-5c8e-11f0-9988-10ffe07f117f
2025-07-09 08:30:47,735 [DEBUG] [MainThread] [qasync._windows._EventPoller/_windows.py:213]: Starting (proactor: <_IocpProactor overlapped#=0 result#=0>)...
2025-07-09 08:30:47,735 [DEBUG] [Dummy-9] [qasync._windows._EventWorker/_windows.py:192]: Thread started
2025-07-09 08:30:47,807 [INFO] [Dummy-5] [root/event_listener.py:125]: Komorebi connected to named pipe: yasb-3ffb100c-5c8e-11f0-9988-10ffe07f117f
2025-07-09 08:30:54,343 [INFO] [MainThread] [root/controller.py:15]: Reloading Application because of config change.
2025-07-09 08:30:54,456 [INFO] [MainThread] [cli_server/cli_server.py:112]: Log pipe server stopped
2025-07-09 08:30:54,456 [DEBUG] [MainThread] [cli_server/cli_server.py:206]: CLI server stopped
2025-07-09 08:30:54,461 [INFO] [MainThread] [root/bar_manager.py:65]: Successfully loaded updated config and re-initialised all bars.
2025-07-09 08:30:54,461 [DEBUG] [MainThread] [qasync._windows._EventPoller/_windows.py:218]: Stopping worker thread...
2025-07-09 08:30:54,472 [DEBUG] [Dummy-9] [qasync._windows._EventWorker/_windows.py:201]: Exiting thread
2025-07-09 08:30:54,472 [DEBUG] [MainThread] [qasync._windows._IocpProactor/_windows.py:75]: Closing
2025-07-09 08:30:54,674 [INFO] [MainThread] [root/log.py:59]: YASB v1.7.7
2025-07-09 08:30:54,674 [INFO] [Thread-1 (_run_server)] [cli_server/cli_server.py:212]: CLI server started v1.1.2
2025-07-09 08:30:54,674 [INFO] [MainThread] [cli_server/cli_server.py:104]: Log pipe server started
2025-07-09 08:30:54,842 [DEBUG] [MainThread] [tzlocal/win32.py:55]: Looking up time zone info from registry
2025-07-09 08:30:55,434 [INFO] [MainThread] [root/bar_manager.py:74]: Starting SystemEventListener...
2025-07-09 08:30:55,436 [INFO] [MainThread] [root/bar_manager.py:74]: Starting KomorebiEventListener...
2025-07-09 08:30:55,436 [INFO] [MainThread] [root/watcher.py:54]: Created file watcher for path C:\Users\Mimi\.config\yasb
2025-07-09 08:30:55,436 [INFO] [Dummy-5] [root/event_listener.py:51]: Created named pipe yasb-44974a97-5c8e-11f0-830b-10ffe07f117f
2025-07-09 08:30:55,469 [DEBUG] [MainThread] [qasync._windows._EventPoller/_windows.py:213]: Starting (proactor: <_IocpProactor overlapped#=0 result#=0>)...
2025-07-09 08:30:55,469 [DEBUG] [Dummy-9] [qasync._windows._EventWorker/_windows.py:192]: Thread started
2025-07-09 08:30:55,540 [INFO] [Dummy-5] [root/event_listener.py:125]: Komorebi connected to named pipe: yasb-44974a97-5c8e-11f0-830b-10ffe07f117f
2025-07-09 08:31:08,008 [INFO] [MainThread] [root/controller.py:15]: Reloading Application because of config change.
2025-07-09 08:31:08,122 [INFO] [MainThread] [cli_server/cli_server.py:112]: Log pipe server stopped
2025-07-09 08:31:08,122 [DEBUG] [MainThread] [cli_server/cli_server.py:206]: CLI server stopped
2025-07-09 08:31:08,127 [INFO] [MainThread] [root/bar_manager.py:65]: Successfully loaded updated config and re-initialised all bars.
2025-07-09 08:31:08,127 [DEBUG] [MainThread] [qasync._windows._EventPoller/_windows.py:218]: Stopping worker thread...
2025-07-09 08:31:08,137 [DEBUG] [Dummy-9] [qasync._windows._EventWorker/_windows.py:201]: Exiting thread
2025-07-09 08:31:08,137 [DEBUG] [MainThread] [qasync._windows._IocpProactor/_windows.py:75]: Closing
2025-07-09 08:31:08,359 [INFO] [MainThread] [root/log.py:59]: YASB v1.7.7
2025-07-09 08:31:08,359 [INFO] [Thread-1 (_run_server)] [cli_server/cli_server.py:212]: CLI server started v1.1.2
2025-07-09 08:31:08,359 [INFO] [MainThread] [cli_server/cli_server.py:104]: Log pipe server started
2025-07-09 08:31:08,537 [DEBUG] [MainThread] [tzlocal/win32.py:55]: Looking up time zone info from registry
2025-07-09 08:31:09,135 [INFO] [MainThread] [root/bar_manager.py:74]: Starting SystemEventListener...
2025-07-09 08:31:09,136 [INFO] [MainThread] [root/bar_manager.py:74]: Starting KomorebiEventListener...
2025-07-09 08:31:09,136 [INFO] [MainThread] [root/watcher.py:54]: Created file watcher for path C:\Users\Mimi\.config\yasb
2025-07-09 08:31:09,146 [INFO] [Dummy-5] [root/event_listener.py:51]: Created named pipe yasb-4cc1db81-5c8e-11f0-a541-10ffe07f117f
2025-07-09 08:31:09,171 [DEBUG] [MainThread] [qasync._windows._EventPoller/_windows.py:213]: Starting (proactor: <_IocpProactor overlapped#=0 result#=0>)...
2025-07-09 08:31:09,173 [DEBUG] [Dummy-7] [qasync._windows._EventWorker/_windows.py:192]: Thread started
2025-07-09 08:31:09,260 [INFO] [Dummy-5] [root/event_listener.py:125]: Komorebi connected to named pipe: yasb-4cc1db81-5c8e-11f0-a541-10ffe07f117f
2025-07-09 08:31:30,206 [INFO] [MainThread] [root/controller.py:15]: Reloading Application because of config change.
2025-07-09 08:31:30,320 [INFO] [MainThread] [cli_server/cli_server.py:112]: Log pipe server stopped
2025-07-09 08:31:30,320 [DEBUG] [MainThread] [cli_server/cli_server.py:206]: CLI server stopped
2025-07-09 08:31:30,324 [INFO] [MainThread] [root/bar_manager.py:65]: Successfully loaded updated config and re-initialised all bars.
2025-07-09 08:31:30,324 [DEBUG] [MainThread] [qasync._windows._EventPoller/_windows.py:218]: Stopping worker thread...
2025-07-09 08:31:30,335 [DEBUG] [Dummy-7] [qasync._windows._EventWorker/_windows.py:201]: Exiting thread
2025-07-09 08:31:30,335 [DEBUG] [MainThread] [qasync._windows._IocpProactor/_windows.py:75]: Closing
2025-07-09 08:31:30,540 [INFO] [MainThread] [root/log.py:59]: YASB v1.7.7
2025-07-09 08:31:30,541 [INFO] [Thread-1 (_run_server)] [cli_server/cli_server.py:212]: CLI server started v1.1.2
2025-07-09 08:31:30,541 [INFO] [MainThread] [cli_server/cli_server.py:104]: Log pipe server started
2025-07-09 08:31:30,708 [DEBUG] [MainThread] [tzlocal/win32.py:55]: Looking up time zone info from registry
2025-07-09 08:31:31,300 [INFO] [MainThread] [root/bar_manager.py:74]: Starting SystemEventListener...
2025-07-09 08:31:31,300 [INFO] [MainThread] [root/bar_manager.py:74]: Starting KomorebiEventListener...
2025-07-09 08:31:31,300 [INFO] [MainThread] [root/watcher.py:54]: Created file watcher for path C:\Users\Mimi\.config\yasb
2025-07-09 08:31:31,301 [INFO] [Dummy-5] [root/event_listener.py:51]: Created named pipe yasb-59f7b081-5c8e-11f0-a137-10ffe07f117f
2025-07-09 08:31:31,334 [DEBUG] [MainThread] [qasync._windows._EventPoller/_windows.py:213]: Starting (proactor: <_IocpProactor overlapped#=0 result#=0>)...
2025-07-09 08:31:31,335 [DEBUG] [Dummy-9] [qasync._windows._EventWorker/_windows.py:192]: Thread started
2025-07-09 08:31:31,405 [INFO] [Dummy-5] [root/event_listener.py:125]: Komorebi connected to named pipe: yasb-59f7b081-5c8e-11f0-a137-10ffe07f117f
2025-07-09 08:33:17,826 [INFO] [MainThread] [root/controller.py:15]: Reloading Application because of config change.
2025-07-09 08:33:17,938 [INFO] [MainThread] [cli_server/cli_server.py:112]: Log pipe server stopped
2025-07-09 08:33:17,938 [DEBUG] [MainThread] [cli_server/cli_server.py:206]: CLI server stopped
2025-07-09 08:33:17,942 [INFO] [MainThread] [root/bar_manager.py:65]: Successfully loaded updated config and re-initialised all bars.
2025-07-09 08:33:17,942 [DEBUG] [MainThread] [qasync._windows._EventPoller/_windows.py:218]: Stopping worker thread...
2025-07-09 08:33:17,953 [DEBUG] [Dummy-9] [qasync._windows._EventWorker/_windows.py:201]: Exiting thread
2025-07-09 08:33:17,953 [DEBUG] [MainThread] [qasync._windows._IocpProactor/_windows.py:75]: Closing
2025-07-09 08:33:17,964 [ERROR] [Dummy-5] [root/event_service.py:32]: Failed to emit signal <bound PYQT_SIGNAL k_signal_update of WorkspaceWidget object at 0x0000018198059130>. Removing link to KomorebiEvent.KomorebiUpdate.
2025-07-09 08:33:18,165 [INFO] [MainThread] [root/log.py:59]: YASB v1.7.7
2025-07-09 08:33:18,165 [INFO] [Thread-1 (_run_server)] [cli_server/cli_server.py:212]: CLI server started v1.1.2
2025-07-09 08:33:18,165 [INFO] [MainThread] [cli_server/cli_server.py:104]: Log pipe server started
2025-07-09 08:33:18,333 [DEBUG] [MainThread] [tzlocal/win32.py:55]: Looking up time zone info from registry
2025-07-09 08:33:18,929 [INFO] [MainThread] [root/bar_manager.py:74]: Starting SystemEventListener...
2025-07-09 08:33:18,929 [INFO] [MainThread] [root/bar_manager.py:74]: Starting KomorebiEventListener...
2025-07-09 08:33:18,929 [INFO] [MainThread] [root/watcher.py:54]: Created file watcher for path C:\Users\Mimi\.config\yasb
2025-07-09 08:33:18,939 [INFO] [Dummy-5] [root/event_listener.py:51]: Created named pipe yasb-9a1eb002-5c8e-11f0-a3bb-10ffe07f117f
2025-07-09 08:33:18,963 [DEBUG] [MainThread] [qasync._windows._EventPoller/_windows.py:213]: Starting (proactor: <_IocpProactor overlapped#=0 result#=0>)...
2025-07-09 08:33:18,965 [DEBUG] [Dummy-9] [qasync._windows._EventWorker/_windows.py:192]: Thread started
2025-07-09 08:33:19,035 [INFO] [Dummy-5] [root/event_listener.py:125]: Komorebi connected to named pipe: yasb-9a1eb002-5c8e-11f0-a3bb-10ffe07f117f
2025-07-09 08:57:53,215 [WARNING] [Dummy-5] [root/event_listener.py:82]: Pipe has been ended: (109, 'PeekNamedPipe', 'The pipe has been ended.')
2025-07-09 08:57:53,215 [INFO] [Dummy-5] [root/event_listener.py:92]: Attempting to reconnect to Komorebi...
2025-07-09 08:57:56,217 [INFO] [Dummy-5] [root/event_listener.py:51]: Created named pipe yasb-9a1eb002-5c8e-11f0-a3bb-10ffe07f117f
2025-07-09 08:58:21,754 [INFO] [Dummy-5] [root/event_listener.py:125]: Komorebi connected to named pipe: yasb-9a1eb002-5c8e-11f0-a3bb-10ffe07f117f
2025-07-09 08:59:24,213 [WARNING] [Dummy-5] [root/event_listener.py:82]: Pipe has been ended: (109, 'PeekNamedPipe', 'The pipe has been ended.')
2025-07-09 08:59:24,213 [INFO] [Dummy-5] [root/event_listener.py:92]: Attempting to reconnect to Komorebi...
2025-07-09 08:59:27,215 [INFO] [Dummy-5] [root/event_listener.py:51]: Created named pipe yasb-9a1eb002-5c8e-11f0-a3bb-10ffe07f117f
2025-07-09 09:03:16,943 [INFO] [Dummy-5] [root/event_listener.py:125]: Komorebi connected to named pipe: yasb-9a1eb002-5c8e-11f0-a3bb-10ffe07f117f
2025-07-09 09:58:34,513 [INFO] [MainThread] [root/bar.py:137]: Screen geometry changed. Updating position for bar (status-bar_VG279QM_270f7ed9)
2025-07-09 10:00:04,391 [WARNING] [Dummy-5] [root/event_listener.py:82]: Pipe has been ended: (109, 'PeekNamedPipe', 'The pipe has been ended.')
2025-07-09 10:00:04,391 [INFO] [Dummy-5] [root/event_listener.py:92]: Attempting to reconnect to Komorebi...
2025-07-09 10:00:07,393 [INFO] [Dummy-5] [root/event_listener.py:51]: Created named pipe yasb-9a1eb002-5c8e-11f0-a3bb-10ffe07f117f
2025-07-09 10:00:12,503 [INFO] [Dummy-5] [root/event_listener.py:125]: Komorebi connected to named pipe: yasb-9a1eb002-5c8e-11f0-a3bb-10ffe07f117f
2025-07-09 10:40:51,455 [INFO] [MainThread] [root/bar.py:137]: Screen geometry changed. Updating position for bar (status-bar_VG279QM_270f7ed9)
2025-07-09 10:43:01,479 [DEBUG] [MainThread] [root/blurWindow.py:127]: Failed to apply settings: invalid literal for int() with base 16: ''
2025-07-09 10:43:11,312 [DEBUG] [MainThread] [root/blurWindow.py:127]: Failed to apply settings: invalid literal for int() with base 16: ''
2025-07-09 10:43:18,517 [DEBUG] [MainThread] [root/blurWindow.py:127]: Failed to apply settings: invalid literal for int() with base 16: ''
2025-07-09 18:02:13,555 [WARNING] [Dummy-5] [root/event_listener.py:82]: Pipe has been ended: (109, 'PeekNamedPipe', 'The pipe has been ended.')
2025-07-09 18:02:13,558 [INFO] [Dummy-5] [root/event_listener.py:92]: Attempting to reconnect to Komorebi...
2025-07-10 03:40:40,275 [INFO] [MainThread] [root/log.py:59]: YASB v1.7.7
2025-07-10 03:40:40,275 [INFO] [Thread-1 (_run_server)] [cli_server/cli_server.py:212]: CLI server started v1.1.2
2025-07-10 03:40:40,276 [INFO] [MainThread] [cli_server/cli_server.py:104]: Log pipe server started
2025-07-10 03:40:40,451 [DEBUG] [MainThread] [tzlocal/win32.py:55]: Looking up time zone info from registry
2025-07-10 03:40:41,416 [INFO] [MainThread] [root/bar_manager.py:74]: Starting SystemEventListener...
2025-07-10 03:40:41,416 [INFO] [MainThread] [root/bar_manager.py:74]: Starting KomorebiEventListener...
2025-07-10 03:40:41,417 [INFO] [MainThread] [root/watcher.py:54]: Created file watcher for path C:\Users\Mimi\.config\yasb
2025-07-10 03:40:41,417 [INFO] [Dummy-5] [root/event_listener.py:51]: Created named pipe yasb-e3708682-5d2e-11f0-98ac-10ffe07f117f
2025-07-10 03:40:41,456 [DEBUG] [MainThread] [qasync._windows._EventPoller/_windows.py:213]: Starting (proactor: <_IocpProactor overlapped#=0 result#=0>)...
2025-07-10 03:40:41,457 [DEBUG] [Dummy-9] [qasync._windows._EventWorker/_windows.py:192]: Thread started
2025-07-10 03:45:52,472 [INFO] [Dummy-5] [root/event_listener.py:125]: Komorebi connected to named pipe: yasb-e3708682-5d2e-11f0-98ac-10ffe07f117f
2025-07-10 05:55:16,057 [INFO] [MainThread] [root/bar.py:137]: Screen geometry changed. Updating position for bar (status-bar_VG279QM_94b01b06)
2025-07-10 07:30:49,834 [INFO] [MainThread] [root/bar.py:137]: Screen geometry changed. Updating position for bar (status-bar_VG279QM_94b01b06)
2025-07-10 09:00:22,007 [INFO] [MainThread] [root/bar.py:137]: Screen geometry changed. Updating position for bar (status-bar_VG279QM_94b01b06)
2025-07-10 15:57:10,169 [WARNING] [Dummy-5] [root/event_listener.py:82]: Pipe has been ended: (109, 'PeekNamedPipe', 'The pipe has been ended.')
2025-07-10 15:57:10,171 [INFO] [Dummy-5] [root/event_listener.py:92]: Attempting to reconnect to Komorebi...
2025-07-10 17:29:54,933 [INFO] [MainThread] [root/log.py:59]: YASB v1.7.7
2025-07-10 17:29:54,933 [INFO] [Thread-1 (_run_server)] [cli_server/cli_server.py:212]: CLI server started v1.1.2
2025-07-10 17:29:54,934 [INFO] [MainThread] [cli_server/cli_server.py:104]: Log pipe server started
2025-07-10 17:29:55,111 [DEBUG] [MainThread] [tzlocal/win32.py:55]: Looking up time zone info from registry
2025-07-10 17:29:56,121 [INFO] [MainThread] [root/bar_manager.py:74]: Starting SystemEventListener...
2025-07-10 17:29:56,121 [INFO] [MainThread] [root/bar_manager.py:74]: Starting KomorebiEventListener...
2025-07-10 17:29:56,122 [INFO] [MainThread] [root/watcher.py:54]: Created file watcher for path C:\Users\Mimi\.config\yasb
2025-07-10 17:29:56,138 [INFO] [Dummy-5] [root/event_listener.py:51]: Created named pipe yasb-bb8dfd23-5da2-11f0-a50a-10ffe07f117f
2025-07-10 17:29:56,167 [DEBUG] [MainThread] [qasync._windows._EventPoller/_windows.py:213]: Starting (proactor: <_IocpProactor overlapped#=0 result#=0>)...
2025-07-10 17:29:56,169 [DEBUG] [Dummy-9] [qasync._windows._EventWorker/_windows.py:192]: Thread started
2025-07-10 17:35:17,589 [INFO] [Dummy-5] [root/event_listener.py:125]: Komorebi connected to named pipe: yasb-bb8dfd23-5da2-11f0-a50a-10ffe07f117f
2025-07-10 19:26:30,916 [INFO] [MainThread] [root/bar.py:137]: Screen geometry changed. Updating position for bar (status-bar_VG279QM_f58fda9d)
2025-07-10 21:11:48,953 [WARNING] [Dummy-5] [root/event_listener.py:82]: Pipe has been ended: (109, 'PeekNamedPipe', 'The pipe has been ended.')
2025-07-10 21:11:48,953 [INFO] [Dummy-5] [root/event_listener.py:92]: Attempting to reconnect to Komorebi...
2025-07-11 06:06:17,140 [INFO] [MainThread] [root/log.py:59]: YASB v1.7.7
2025-07-11 06:06:17,141 [INFO] [Thread-1 (_run_server)] [cli_server/cli_server.py:212]: CLI server started v1.1.2
2025-07-11 06:06:17,142 [INFO] [MainThread] [cli_server/cli_server.py:104]: Log pipe server started
2025-07-11 06:06:17,325 [DEBUG] [MainThread] [tzlocal/win32.py:55]: Looking up time zone info from registry
2025-07-11 06:06:18,867 [INFO] [MainThread] [root/bar_manager.py:74]: Starting KomorebiEventListener...
2025-07-11 06:06:18,867 [INFO] [MainThread] [root/bar_manager.py:74]: Starting SystemEventListener...
2025-07-11 06:06:18,867 [INFO] [MainThread] [root/watcher.py:54]: Created file watcher for path C:\Users\Mimi\.config\yasb
2025-07-11 06:06:18,882 [INFO] [Dummy-5] [root/event_listener.py:51]: Created named pipe yasb-65c76af4-5e0c-11f0-a5c8-10ffe07f117f
2025-07-11 06:06:18,920 [DEBUG] [MainThread] [qasync._windows._EventPoller/_windows.py:213]: Starting (proactor: <_IocpProactor overlapped#=0 result#=0>)...
2025-07-11 06:06:18,921 [DEBUG] [Dummy-9] [qasync._windows._EventWorker/_windows.py:192]: Thread started
2025-07-11 06:29:36,099 [INFO] [MainThread] [root/controller.py:30]: Exiting Application from tray...
2025-07-11 06:29:36,207 [INFO] [MainThread] [cli_server/cli_server.py:112]: Log pipe server stopped
2025-07-11 06:29:36,207 [DEBUG] [MainThread] [cli_server/cli_server.py:206]: CLI server stopped
2025-07-11 06:29:36,207 [DEBUG] [MainThread] [qasync._windows._EventPoller/_windows.py:218]: Stopping worker thread...
2025-07-11 06:29:36,222 [DEBUG] [Dummy-9] [qasync._windows._EventWorker/_windows.py:201]: Exiting thread
2025-07-11 06:29:36,222 [DEBUG] [MainThread] [qasync._windows._IocpProactor/_windows.py:75]: Closing
2025-07-11 06:39:59,309 [INFO] [MainThread] [root/log.py:59]: YASB v1.7.7
2025-07-11 06:39:59,309 [INFO] [Thread-1 (_run_server)] [cli_server/cli_server.py:212]: CLI server started v1.1.2
2025-07-11 06:39:59,309 [INFO] [MainThread] [cli_server/cli_server.py:104]: Log pipe server started
2025-07-11 06:39:59,486 [DEBUG] [MainThread] [tzlocal/win32.py:55]: Looking up time zone info from registry
2025-07-11 06:40:00,181 [INFO] [MainThread] [root/bar_manager.py:74]: Starting KomorebiEventListener...
2025-07-11 06:40:00,181 [INFO] [MainThread] [root/bar_manager.py:74]: Starting SystemEventListener...
2025-07-11 06:40:00,182 [INFO] [MainThread] [root/watcher.py:54]: Created file watcher for path C:\Users\Mimi\.config\yasb
2025-07-11 06:40:00,199 [INFO] [Dummy-5] [root/event_listener.py:51]: Created named pipe yasb-1a9388b0-5e11-11f0-87aa-10ffe07f117f
2025-07-11 06:40:00,226 [DEBUG] [MainThread] [qasync._windows._EventPoller/_windows.py:213]: Starting (proactor: <_IocpProactor overlapped#=0 result#=0>)...
2025-07-11 06:40:00,227 [DEBUG] [Dummy-9] [qasync._windows._EventWorker/_windows.py:192]: Thread started
2025-07-11 06:40:00,311 [INFO] [Dummy-5] [root/event_listener.py:125]: Komorebi connected to named pipe: yasb-1a9388b0-5e11-11f0-87aa-10ffe07f117f
2025-07-11 06:41:18,755 [WARNING] [Dummy-5] [root/event_listener.py:82]: Pipe has been ended: (109, 'PeekNamedPipe', 'The pipe has been ended.')
2025-07-11 06:41:18,755 [INFO] [Dummy-5] [root/event_listener.py:92]: Attempting to reconnect to Komorebi...
2025-07-11 06:41:21,756 [INFO] [Dummy-5] [root/event_listener.py:51]: Created named pipe yasb-1a9388b0-5e11-11f0-87aa-10ffe07f117f
2025-07-11 06:44:27,812 [INFO] [Thread-1 (_run_server)] [cli_server/cli_server.py:253]: CLI server received command: stop
2025-07-11 06:44:27,812 [INFO] [Thread-1 (_run_server)] [root/controller.py:30]: Exiting Application from CLI...
2025-07-11 06:44:27,913 [INFO] [Thread-1 (_run_server)] [cli_server/cli_server.py:112]: Log pipe server stopped
2025-07-11 06:44:27,913 [DEBUG] [Thread-1 (_run_server)] [cli_server/cli_server.py:206]: CLI server stopped
2025-07-11 06:44:28,145 [DEBUG] [MainThread] [qasync._windows._EventPoller/_windows.py:218]: Stopping worker thread...
2025-07-11 06:44:28,149 [DEBUG] [Dummy-9] [qasync._windows._EventWorker/_windows.py:201]: Exiting thread
2025-07-11 06:44:28,150 [DEBUG] [MainThread] [qasync._windows._IocpProactor/_windows.py:75]: Closing
2025-07-11 06:44:28,173 [ERROR] [Dummy-85] [root/event_service.py:32]: Failed to emit signal <bound PYQT_SIGNAL window_name_change of ActiveWindowWidget object at 0x000001E01D477ED0>. Removing link to WinEvent.EventObjectStateChange.
2025-07-11 06:44:28,516 [INFO] [MainThread] [root/log.py:59]: YASB v1.7.7
2025-07-11 06:44:28,517 [INFO] [Thread-1 (_run_server)] [cli_server/cli_server.py:212]: CLI server started v1.1.2
2025-07-11 06:44:28,517 [INFO] [MainThread] [cli_server/cli_server.py:104]: Log pipe server started
2025-07-11 06:44:31,462 [DEBUG] [MainThread] [tzlocal/win32.py:55]: Looking up time zone info from registry
2025-07-11 06:44:32,210 [INFO] [MainThread] [root/bar_manager.py:74]: Starting SystemEventListener...
2025-07-11 06:44:32,210 [INFO] [MainThread] [root/bar_manager.py:74]: Starting KomorebiEventListener...
2025-07-11 06:44:32,210 [INFO] [MainThread] [root/bar_manager.py:74]: Starting WindowsNotificationEventListener...
2025-07-11 06:44:32,211 [INFO] [MainThread] [root/watcher.py:54]: Created file watcher for path C:\Users\Mimi\.config\yasb
2025-07-11 06:44:32,235 [INFO] [Dummy-5] [root/event_listener.py:51]: Created named pipe yasb-bcb7ccf7-5e11-11f0-888b-10ffe07f117f
2025-07-11 06:44:32,262 [DEBUG] [MainThread] [qasync._windows._EventPoller/_windows.py:213]: Starting (proactor: <_IocpProactor overlapped#=0 result#=0>)...
2025-07-11 06:44:32,263 [DEBUG] [Dummy-9] [qasync._windows._EventWorker/_windows.py:192]: Thread started
2025-07-11 06:44:32,265 [DEBUG] [MainThread] [systray_widget/systray.py:517]: Loading state from C:\Users\Mimi\AppData\Local\YASB\systray_state_ASUSTEKCOMPUTERINCVG279QMNALMQS093971.json
2025-07-11 06:44:32,267 [DEBUG] [TrayMonitor] [systray_widget/systray.py:58]: Systray thread is starting...
2025-07-11 06:44:32,267 [DEBUG] [TaskbarService] [systray_widget/systray.py:72]: TaskbarService thread is starting...
2025-07-11 06:44:32,268 [DEBUG] [MainThread] [systray_widget/systray.py:517]: Loading state from C:\Users\Mimi\AppData\Local\YASB\systray_state_ACERTECHNOLOGIESXB271HUAASOKGNKECGZD.json
2025-07-11 06:44:32,286 [DEBUG] [TaskbarService] [root/tasks_service.py:75]: Found yasb systray hwnd: 721950
2025-07-11 06:44:32,286 [DEBUG] [TaskbarService] [systray_widget/tasks_service.py:81]: Adding TaskbandHWND prop to hwnd 721950
2025-07-11 06:44:32,333 [DEBUG] [MainThread] [systray_widget/systray.py:267]: Systray thread started
2025-07-11 06:44:32,534 [DEBUG] [TaskbarService] [systray_widget/tasks_service.py:81]: Adding TaskbandHWND prop to hwnd 721950
2025-07-11 06:44:32,534 [DEBUG] [TrayMonitor] [systray_widget/tray_monitor.py:208]: Finding real tray hwnd
2025-07-11 06:44:32,539 [DEBUG] [MainThread] [systray_widget/tray_monitor.py:144]: Sending TaskbarCreated message: 49245
2025-07-11 06:44:33,889 [DEBUG] [MainThread] [systray_widget/systray.py:455]: Re-sorting widgets
2025-07-11 06:44:33,890 [DEBUG] [MainThread] [systray_widget/systray.py:477]: Updating current state
2025-07-11 06:44:33,890 [DEBUG] [MainThread] [systray_widget/systray.py:455]: Re-sorting widgets
2025-07-11 06:44:33,890 [DEBUG] [MainThread] [systray_widget/systray.py:477]: Updating current state
2025-07-11 06:45:45,359 [INFO] [MainThread] [root/controller.py:15]: Reloading Application because of config change.
2025-07-11 06:45:45,459 [INFO] [MainThread] [cli_server/cli_server.py:112]: Log pipe server stopped
2025-07-11 06:45:45,459 [DEBUG] [MainThread] [cli_server/cli_server.py:206]: CLI server stopped
2025-07-11 06:45:45,475 [DEBUG] [MainThread] [systray_widget/systray.py:477]: Updating current state
2025-07-11 06:45:45,475 [DEBUG] [MainThread] [systray_widget/systray.py:495]: Saving state to disk
2025-07-11 06:45:45,475 [DEBUG] [MainThread] [systray_widget/systray.py:499]: Saving state to C:\Users\Mimi\AppData\Local\YASB\systray_state_ASUSTEKCOMPUTERINCVG279QMNALMQS093971.json
2025-07-11 06:45:45,476 [DEBUG] [MainThread] [systray_widget/systray.py:477]: Updating current state
2025-07-11 06:45:45,476 [DEBUG] [MainThread] [systray_widget/systray.py:495]: Saving state to disk
2025-07-11 06:45:45,476 [DEBUG] [MainThread] [systray_widget/systray.py:499]: Saving state to C:\Users\Mimi\AppData\Local\YASB\systray_state_ACERTECHNOLOGIESXB271HUAASOKGNKECGZD.json
2025-07-11 06:45:45,477 [INFO] [MainThread] [root/bar_manager.py:65]: Successfully loaded updated config and re-initialised all bars.
2025-07-11 06:45:45,477 [DEBUG] [MainThread] [qasync._windows._EventPoller/_windows.py:218]: Stopping worker thread...
2025-07-11 06:45:45,490 [DEBUG] [Dummy-9] [qasync._windows._EventWorker/_windows.py:201]: Exiting thread
2025-07-11 06:45:45,490 [DEBUG] [MainThread] [qasync._windows._IocpProactor/_windows.py:75]: Closing
2025-07-11 06:45:45,500 [DEBUG] [MainThread] [systray_widget/utils.py:96]: Destroying window 393326
2025-07-11 06:45:45,501 [DEBUG] [MainThread] [systray_widget/utils.py:96]: Destroying window 721950
2025-07-11 06:45:45,702 [INFO] [MainThread] [root/log.py:59]: YASB v1.7.7
2025-07-11 06:45:45,702 [INFO] [Thread-1 (_run_server)] [cli_server/cli_server.py:212]: CLI server started v1.1.2
2025-07-11 06:45:45,704 [INFO] [MainThread] [cli_server/cli_server.py:104]: Log pipe server started
2025-07-11 06:45:47,189 [DEBUG] [MainThread] [tzlocal/win32.py:55]: Looking up time zone info from registry
2025-07-11 06:45:47,942 [INFO] [MainThread] [root/bar_manager.py:74]: Starting SystemEventListener...
2025-07-11 06:45:47,942 [INFO] [MainThread] [root/bar_manager.py:74]: Starting KomorebiEventListener...
2025-07-11 06:45:47,942 [INFO] [MainThread] [root/watcher.py:54]: Created file watcher for path C:\Users\Mimi\.config\yasb
2025-07-11 06:45:47,967 [INFO] [Dummy-5] [root/event_listener.py:51]: Created named pipe yasb-e9dbafbf-5e11-11f0-bbb4-10ffe07f117f
2025-07-11 06:45:47,993 [DEBUG] [MainThread] [qasync._windows._EventPoller/_windows.py:213]: Starting (proactor: <_IocpProactor overlapped#=0 result#=0>)...
2025-07-11 06:45:47,994 [DEBUG] [Dummy-9] [qasync._windows._EventWorker/_windows.py:192]: Thread started
2025-07-11 06:46:13,498 [DEBUG] [MainThread] [root/blurWindow.py:127]: Failed to apply settings: invalid literal for int() with base 16: ''
2025-07-11 06:49:12,727 [INFO] [MainThread] [root/controller.py:15]: Reloading Application because of config change.
2025-07-11 06:49:12,829 [INFO] [MainThread] [cli_server/cli_server.py:112]: Log pipe server stopped
2025-07-11 06:49:12,829 [DEBUG] [MainThread] [cli_server/cli_server.py:206]: CLI server stopped
2025-07-11 06:49:12,843 [INFO] [MainThread] [root/bar_manager.py:65]: Successfully loaded updated config and re-initialised all bars.
2025-07-11 06:49:12,843 [DEBUG] [MainThread] [qasync._windows._EventPoller/_windows.py:218]: Stopping worker thread...
2025-07-11 06:49:12,844 [DEBUG] [Dummy-9] [qasync._windows._EventWorker/_windows.py:201]: Exiting thread
2025-07-11 06:49:12,844 [DEBUG] [MainThread] [qasync._windows._IocpProactor/_windows.py:75]: Closing
2025-07-11 06:49:13,084 [INFO] [MainThread] [root/log.py:59]: YASB v1.7.7
2025-07-11 06:49:13,085 [INFO] [Thread-1 (_run_server)] [cli_server/cli_server.py:212]: CLI server started v1.1.2
2025-07-11 06:49:13,085 [INFO] [MainThread] [cli_server/cli_server.py:104]: Log pipe server started
2025-07-11 06:49:13,282 [DEBUG] [MainThread] [tzlocal/win32.py:55]: Looking up time zone info from registry
2025-07-11 06:49:13,941 [WARNING] [MainThread] [root/widget_builder.py:37]: Ignoring construction of invalid widget 'glazewm_workspaces'
2025-07-11 06:49:13,976 [INFO] [MainThread] [root/bar_manager.py:74]: Starting SystemEventListener...
2025-07-11 06:49:13,976 [ERROR] [MainThread] [root/widget_builder.py:93]: Failed to validate widget(s) due to invalid options  - glazewm_workspaces
      animation:
      - unknown field
      label_default_name:
      - unknown field
      label_workspace_active_btn:
      - unknown field
      label_workspace_btn:
      - unknown field
      label_workspace_populated_btn:
      - unknown field
      label_zero_index:
      - unknown field
      
2025-07-11 06:49:42,345 [INFO] [MainThread] [root/log.py:59]: YASB v1.7.7
2025-07-11 06:49:42,346 [INFO] [Thread-1 (_run_server)] [cli_server/cli_server.py:212]: CLI server started v1.1.2
2025-07-11 06:49:42,346 [INFO] [MainThread] [cli_server/cli_server.py:104]: Log pipe server started
2025-07-11 06:49:42,507 [DEBUG] [MainThread] [tzlocal/win32.py:55]: Looking up time zone info from registry
2025-07-11 06:49:43,171 [WARNING] [MainThread] [root/widget_builder.py:37]: Ignoring construction of invalid widget 'glazewm_workspaces'
2025-07-11 06:49:43,207 [INFO] [MainThread] [root/bar_manager.py:74]: Starting SystemEventListener...
2025-07-11 06:49:43,207 [ERROR] [MainThread] [root/widget_builder.py:93]: Failed to validate widget(s) due to invalid options  - glazewm_workspaces
      animation:
      - unknown field
      
2025-07-11 06:49:55,319 [INFO] [MainThread] [root/log.py:59]: YASB v1.7.7
2025-07-11 06:49:55,319 [INFO] [Thread-1 (_run_server)] [cli_server/cli_server.py:212]: CLI server started v1.1.2
2025-07-11 06:49:55,319 [INFO] [MainThread] [cli_server/cli_server.py:104]: Log pipe server started
2025-07-11 06:49:55,514 [DEBUG] [MainThread] [tzlocal/win32.py:55]: Looking up time zone info from registry
2025-07-11 06:49:56,270 [INFO] [MainThread] [root/bar_manager.py:74]: Starting SystemEventListener...
2025-07-11 06:49:56,270 [INFO] [MainThread] [root/watcher.py:54]: Created file watcher for path C:\Users\Mimi\.config\yasb
2025-07-11 06:49:56,304 [DEBUG] [MainThread] [qasync._windows._EventPoller/_windows.py:213]: Starting (proactor: <_IocpProactor overlapped#=0 result#=0>)...
2025-07-11 06:49:56,305 [DEBUG] [Dummy-6] [qasync._windows._EventWorker/_windows.py:192]: Thread started
2025-07-11 06:51:26,181 [INFO] [Thread-1 (_run_server)] [cli_server/cli_server.py:253]: CLI server received command: stop
2025-07-11 06:51:26,181 [INFO] [Thread-1 (_run_server)] [root/controller.py:30]: Exiting Application from CLI...
2025-07-11 06:51:26,282 [INFO] [Thread-1 (_run_server)] [cli_server/cli_server.py:112]: Log pipe server stopped
2025-07-11 06:51:26,282 [DEBUG] [Thread-1 (_run_server)] [cli_server/cli_server.py:206]: CLI server stopped
2025-07-11 06:51:26,286 [DEBUG] [MainThread] [qasync._windows._EventPoller/_windows.py:218]: Stopping worker thread...
2025-07-11 06:51:26,298 [DEBUG] [Dummy-6] [qasync._windows._EventWorker/_windows.py:201]: Exiting thread
2025-07-11 06:51:26,298 [DEBUG] [MainThread] [qasync._windows._IocpProactor/_windows.py:75]: Closing
2025-07-11 06:51:26,856 [INFO] [MainThread] [root/log.py:59]: YASB v1.7.7
2025-07-11 06:51:26,856 [INFO] [Thread-1 (_run_server)] [cli_server/cli_server.py:212]: CLI server started v1.1.2
2025-07-11 06:51:26,856 [INFO] [MainThread] [cli_server/cli_server.py:104]: Log pipe server started
2025-07-11 06:51:27,285 [DEBUG] [MainThread] [tzlocal/win32.py:55]: Looking up time zone info from registry
2025-07-11 06:51:27,354 [DEBUG] [MainThread] [comtypes/__init__.py:149]: CoInitializeEx(None, 2)
2025-07-11 06:51:28,309 [INFO] [MainThread] [root/bar_manager.py:74]: Starting SystemEventListener...
2025-07-11 06:51:28,309 [INFO] [MainThread] [root/watcher.py:54]: Created file watcher for path C:\Users\Mimi\.config\yasb
2025-07-11 06:51:28,346 [DEBUG] [MainThread] [qasync._windows._EventPoller/_windows.py:213]: Starting (proactor: <_IocpProactor overlapped#=0 result#=0>)...
2025-07-11 06:51:28,347 [DEBUG] [Dummy-11] [qasync._windows._EventWorker/_windows.py:192]: Thread started
2025-07-11 06:51:28,455 [ERROR] [MainThread] [root/weather.py:77]: Weather response error: ContentAccessDenied 201.
2025-07-11 06:51:28,455 [WARNING] [MainThread] [root/weather.py:544]: Error processing weather data: Weather data is empty.. Retrying fetch in 10 seconds.
2025-07-11 06:51:28,456 [WARNING] [MainThread] [root/weather.py:544]: Error processing weather data: Weather data is empty.. Retrying fetch in 10 seconds.
2025-07-11 06:51:39,395 [ERROR] [MainThread] [root/weather.py:77]: Weather response error: ContentAccessDenied 201.
2025-07-11 06:51:39,395 [WARNING] [MainThread] [root/weather.py:544]: Error processing weather data: Weather data is empty.. Retrying fetch in 10 seconds.
2025-07-11 06:51:39,395 [WARNING] [MainThread] [root/weather.py:544]: Error processing weather data: Weather data is empty.. Retrying fetch in 10 seconds.
2025-07-11 06:51:39,399 [ERROR] [MainThread] [root/weather.py:77]: Weather response error: ContentAccessDenied 201.
2025-07-11 06:51:49,414 [ERROR] [MainThread] [root/weather.py:77]: Weather response error: ContentAccessDenied 201.
2025-07-11 06:51:49,414 [WARNING] [MainThread] [root/weather.py:544]: Error processing weather data: Weather data is empty.. Retrying fetch in 10 seconds.
2025-07-11 06:51:49,415 [WARNING] [MainThread] [root/weather.py:544]: Error processing weather data: Weather data is empty.. Retrying fetch in 10 seconds.
2025-07-11 06:51:49,415 [ERROR] [MainThread] [root/weather.py:77]: Weather response error: ContentAccessDenied 201.
2025-07-11 06:51:59,431 [ERROR] [MainThread] [root/weather.py:77]: Weather response error: ContentAccessDenied 201.
2025-07-11 06:51:59,431 [WARNING] [MainThread] [root/weather.py:544]: Error processing weather data: Weather data is empty.. Retrying fetch in 10 seconds.
2025-07-11 06:51:59,432 [WARNING] [MainThread] [root/weather.py:544]: Error processing weather data: Weather data is empty.. Retrying fetch in 10 seconds.
2025-07-11 06:51:59,432 [ERROR] [MainThread] [root/weather.py:77]: Weather response error: ContentAccessDenied 201.
2025-07-11 06:52:09,449 [ERROR] [MainThread] [root/weather.py:77]: Weather response error: ContentAccessDenied 201.
2025-07-11 06:52:09,449 [WARNING] [MainThread] [root/weather.py:544]: Error processing weather data: Weather data is empty.. Retrying fetch in 10 seconds.
2025-07-11 06:52:09,449 [WARNING] [MainThread] [root/weather.py:544]: Error processing weather data: Weather data is empty.. Retrying fetch in 10 seconds.
2025-07-11 06:52:09,450 [ERROR] [MainThread] [root/weather.py:77]: Weather response error: ContentAccessDenied 201.
2025-07-11 06:52:19,461 [ERROR] [MainThread] [root/weather.py:77]: Weather response error: ContentAccessDenied 201.
2025-07-11 06:52:19,461 [WARNING] [MainThread] [root/weather.py:544]: Error processing weather data: Weather data is empty.. Retrying fetch in 10 seconds.
2025-07-11 06:52:19,461 [WARNING] [MainThread] [root/weather.py:544]: Error processing weather data: Weather data is empty.. Retrying fetch in 10 seconds.
2025-07-11 06:52:19,469 [ERROR] [MainThread] [root/weather.py:77]: Weather response error: ContentAccessDenied 201.
2025-07-11 06:52:29,476 [ERROR] [MainThread] [root/weather.py:77]: Weather response error: ContentAccessDenied 201.
2025-07-11 06:52:29,476 [WARNING] [MainThread] [root/weather.py:544]: Error processing weather data: Weather data is empty.. Retrying fetch in 10 seconds.
2025-07-11 06:52:29,477 [WARNING] [MainThread] [root/weather.py:544]: Error processing weather data: Weather data is empty.. Retrying fetch in 10 seconds.
2025-07-11 06:52:29,480 [ERROR] [MainThread] [root/weather.py:77]: Weather response error: ContentAccessDenied 201.
2025-07-11 06:52:40,025 [ERROR] [MainThread] [root/weather.py:77]: Weather response error: ContentAccessDenied 201.
2025-07-11 06:52:40,025 [WARNING] [MainThread] [root/weather.py:544]: Error processing weather data: Weather data is empty.. Retrying fetch in 10 seconds.
2025-07-11 06:52:40,026 [WARNING] [MainThread] [root/weather.py:544]: Error processing weather data: Weather data is empty.. Retrying fetch in 10 seconds.
2025-07-11 06:52:40,049 [ERROR] [MainThread] [root/weather.py:77]: Weather response error: ContentAccessDenied 201.
2025-07-11 06:52:50,041 [ERROR] [MainThread] [root/weather.py:77]: Weather response error: ContentAccessDenied 201.
2025-07-11 06:52:50,041 [WARNING] [MainThread] [root/weather.py:544]: Error processing weather data: Weather data is empty.. Retrying fetch in 10 seconds.
2025-07-11 06:52:50,042 [WARNING] [MainThread] [root/weather.py:544]: Error processing weather data: Weather data is empty.. Retrying fetch in 10 seconds.
2025-07-11 06:52:50,049 [ERROR] [MainThread] [root/weather.py:77]: Weather response error: ContentAccessDenied 201.
2025-07-11 06:53:00,613 [ERROR] [MainThread] [root/weather.py:77]: Weather response error: ContentAccessDenied 201.
2025-07-11 06:53:00,613 [WARNING] [MainThread] [root/weather.py:544]: Error processing weather data: Weather data is empty.. Retrying fetch in 10 seconds.
2025-07-11 06:53:00,614 [WARNING] [MainThread] [root/weather.py:544]: Error processing weather data: Weather data is empty.. Retrying fetch in 10 seconds.
2025-07-11 06:53:00,615 [ERROR] [MainThread] [root/weather.py:77]: Weather response error: ContentAccessDenied 201.
2025-07-11 06:53:10,634 [ERROR] [MainThread] [root/weather.py:77]: Weather response error: ContentAccessDenied 201.
2025-07-11 06:53:10,635 [WARNING] [MainThread] [root/weather.py:544]: Error processing weather data: Weather data is empty.. Retrying fetch in 10 seconds.
2025-07-11 06:53:10,635 [WARNING] [MainThread] [root/weather.py:544]: Error processing weather data: Weather data is empty.. Retrying fetch in 10 seconds.
2025-07-11 06:53:10,636 [ERROR] [MainThread] [root/weather.py:77]: Weather response error: ContentAccessDenied 201.
2025-07-11 06:53:20,647 [ERROR] [MainThread] [root/weather.py:77]: Weather response error: ContentAccessDenied 201.
2025-07-11 06:53:20,647 [WARNING] [MainThread] [root/weather.py:544]: Error processing weather data: Weather data is empty.. Retrying fetch in 10 seconds.
2025-07-11 06:53:20,648 [WARNING] [MainThread] [root/weather.py:544]: Error processing weather data: Weather data is empty.. Retrying fetch in 10 seconds.
2025-07-11 06:53:20,648 [ERROR] [MainThread] [root/weather.py:77]: Weather response error: ContentAccessDenied 201.
2025-07-11 06:53:28,924 [ERROR] [MainThread] [root/bar_manager.py:54]: Error loading config: while scanning for the next token
found character '\t' that cannot start any token
  in "C:\Users\Mimi\.config\yasb\config.yaml", line 42, column 2
2025-07-11 06:53:30,668 [ERROR] [MainThread] [root/weather.py:77]: Weather response error: ContentAccessDenied 201.
2025-07-11 06:53:30,669 [WARNING] [MainThread] [root/weather.py:544]: Error processing weather data: Weather data is empty.. Retrying fetch in 10 seconds.
2025-07-11 06:53:30,669 [WARNING] [MainThread] [root/weather.py:544]: Error processing weather data: Weather data is empty.. Retrying fetch in 10 seconds.
2025-07-11 06:53:30,680 [ERROR] [MainThread] [root/weather.py:77]: Weather response error: ContentAccessDenied 201.
2025-07-11 06:53:40,694 [ERROR] [MainThread] [root/weather.py:77]: Weather response error: ContentAccessDenied 201.
2025-07-11 06:53:40,695 [WARNING] [MainThread] [root/weather.py:544]: Error processing weather data: Weather data is empty.. Retrying fetch in 10 seconds.
2025-07-11 06:53:40,695 [WARNING] [MainThread] [root/weather.py:544]: Error processing weather data: Weather data is empty.. Retrying fetch in 10 seconds.
2025-07-11 06:53:40,700 [ERROR] [MainThread] [root/weather.py:77]: Weather response error: ContentAccessDenied 201.
2025-07-11 06:53:50,712 [ERROR] [MainThread] [root/weather.py:77]: Weather response error: ContentAccessDenied 201.
2025-07-11 06:53:50,712 [WARNING] [MainThread] [root/weather.py:544]: Error processing weather data: Weather data is empty.. Retrying fetch in 10 seconds.
2025-07-11 06:53:50,712 [WARNING] [MainThread] [root/weather.py:544]: Error processing weather data: Weather data is empty.. Retrying fetch in 10 seconds.
2025-07-11 06:53:50,713 [ERROR] [MainThread] [root/weather.py:77]: Weather response error: ContentAccessDenied 201.
2025-07-11 06:54:01,249 [INFO] [MainThread] [root/controller.py:15]: Reloading Application from tray...
2025-07-11 06:54:01,355 [INFO] [MainThread] [cli_server/cli_server.py:112]: Log pipe server stopped
2025-07-11 06:54:01,355 [DEBUG] [MainThread] [cli_server/cli_server.py:206]: CLI server stopped
2025-07-11 06:54:01,375 [DEBUG] [MainThread] [qasync._windows._EventPoller/_windows.py:218]: Stopping worker thread...
2025-07-11 06:54:01,387 [DEBUG] [Dummy-11] [qasync._windows._EventWorker/_windows.py:201]: Exiting thread
2025-07-11 06:54:01,387 [DEBUG] [MainThread] [qasync._windows._IocpProactor/_windows.py:75]: Closing
2025-07-11 06:54:01,592 [INFO] [MainThread] [root/log.py:59]: YASB v1.7.7
2025-07-11 06:54:01,592 [INFO] [Thread-1 (_run_server)] [cli_server/cli_server.py:212]: CLI server started v1.1.2
2025-07-11 06:54:01,592 [INFO] [MainThread] [cli_server/cli_server.py:104]: Log pipe server started
2025-07-11 06:54:01,643 [ERROR] [MainThread] [root/main.py:111]: Exception during application startup
Traceback (most recent call last):
  File "main.py", line 109, in <module>
  File "main.py", line 51, in main
  File "D:\a\yasb\yasb\src\core\config.py", line 155, in get_config_and_stylesheet
  File "D:\a\yasb\yasb\src\core\config.py", line 109, in get_config
  File "D:\a\yasb\yasb\venv\Lib\site-packages\yaml\__init__.py", line 125, in safe_load
  File "D:\a\yasb\yasb\venv\Lib\site-packages\yaml\__init__.py", line 81, in load
  File "D:\a\yasb\yasb\venv\Lib\site-packages\yaml\constructor.py", line 49, in get_single_data
  File "D:\a\yasb\yasb\venv\Lib\site-packages\yaml\composer.py", line 36, in get_single_node
  File "D:\a\yasb\yasb\venv\Lib\site-packages\yaml\composer.py", line 55, in compose_document
  File "D:\a\yasb\yasb\venv\Lib\site-packages\yaml\composer.py", line 84, in compose_node
  File "D:\a\yasb\yasb\venv\Lib\site-packages\yaml\composer.py", line 133, in compose_mapping_node
  File "D:\a\yasb\yasb\venv\Lib\site-packages\yaml\composer.py", line 84, in compose_node
  File "D:\a\yasb\yasb\venv\Lib\site-packages\yaml\composer.py", line 133, in compose_mapping_node
  File "D:\a\yasb\yasb\venv\Lib\site-packages\yaml\composer.py", line 84, in compose_node
  File "D:\a\yasb\yasb\venv\Lib\site-packages\yaml\composer.py", line 133, in compose_mapping_node
  File "D:\a\yasb\yasb\venv\Lib\site-packages\yaml\composer.py", line 84, in compose_node
  File "D:\a\yasb\yasb\venv\Lib\site-packages\yaml\composer.py", line 133, in compose_mapping_node
  File "D:\a\yasb\yasb\venv\Lib\site-packages\yaml\composer.py", line 82, in compose_node
  File "D:\a\yasb\yasb\venv\Lib\site-packages\yaml\composer.py", line 110, in compose_sequence_node
  File "D:\a\yasb\yasb\venv\Lib\site-packages\yaml\parser.py", line 98, in check_event
  File "D:\a\yasb\yasb\venv\Lib\site-packages\yaml\parser.py", line 486, in parse_flow_sequence_entry
  File "D:\a\yasb\yasb\venv\Lib\site-packages\yaml\scanner.py", line 116, in check_token
  File "D:\a\yasb\yasb\venv\Lib\site-packages\yaml\scanner.py", line 258, in fetch_more_tokens
yaml.scanner.ScannerError: while scanning for the next token
found character '\t' that cannot start any token
  in "C:\Users\Mimi\.config\yasb\config.yaml", line 42, column 2
2025-07-11 06:54:12,841 [INFO] [MainThread] [root/log.py:59]: YASB v1.7.7
2025-07-11 06:54:12,842 [INFO] [Thread-1 (_run_server)] [cli_server/cli_server.py:212]: CLI server started v1.1.2
2025-07-11 06:54:12,842 [INFO] [MainThread] [cli_server/cli_server.py:104]: Log pipe server started
2025-07-11 06:54:12,857 [ERROR] [MainThread] [root/main.py:111]: Exception during application startup
Traceback (most recent call last):
  File "main.py", line 109, in <module>
  File "main.py", line 51, in main
  File "D:\a\yasb\yasb\src\core\config.py", line 155, in get_config_and_stylesheet
  File "D:\a\yasb\yasb\src\core\config.py", line 109, in get_config
  File "D:\a\yasb\yasb\venv\Lib\site-packages\yaml\__init__.py", line 125, in safe_load
  File "D:\a\yasb\yasb\venv\Lib\site-packages\yaml\__init__.py", line 81, in load
  File "D:\a\yasb\yasb\venv\Lib\site-packages\yaml\constructor.py", line 49, in get_single_data
  File "D:\a\yasb\yasb\venv\Lib\site-packages\yaml\composer.py", line 36, in get_single_node
  File "D:\a\yasb\yasb\venv\Lib\site-packages\yaml\composer.py", line 55, in compose_document
  File "D:\a\yasb\yasb\venv\Lib\site-packages\yaml\composer.py", line 84, in compose_node
  File "D:\a\yasb\yasb\venv\Lib\site-packages\yaml\composer.py", line 133, in compose_mapping_node
  File "D:\a\yasb\yasb\venv\Lib\site-packages\yaml\composer.py", line 84, in compose_node
  File "D:\a\yasb\yasb\venv\Lib\site-packages\yaml\composer.py", line 133, in compose_mapping_node
  File "D:\a\yasb\yasb\venv\Lib\site-packages\yaml\composer.py", line 84, in compose_node
  File "D:\a\yasb\yasb\venv\Lib\site-packages\yaml\composer.py", line 133, in compose_mapping_node
  File "D:\a\yasb\yasb\venv\Lib\site-packages\yaml\composer.py", line 84, in compose_node
  File "D:\a\yasb\yasb\venv\Lib\site-packages\yaml\composer.py", line 133, in compose_mapping_node
  File "D:\a\yasb\yasb\venv\Lib\site-packages\yaml\composer.py", line 82, in compose_node
  File "D:\a\yasb\yasb\venv\Lib\site-packages\yaml\composer.py", line 110, in compose_sequence_node
  File "D:\a\yasb\yasb\venv\Lib\site-packages\yaml\parser.py", line 98, in check_event
  File "D:\a\yasb\yasb\venv\Lib\site-packages\yaml\parser.py", line 486, in parse_flow_sequence_entry
  File "D:\a\yasb\yasb\venv\Lib\site-packages\yaml\scanner.py", line 116, in check_token
  File "D:\a\yasb\yasb\venv\Lib\site-packages\yaml\scanner.py", line 258, in fetch_more_tokens
yaml.scanner.ScannerError: while scanning for the next token
found character '\t' that cannot start any token
  in "C:\Users\Mimi\.config\yasb\config.yaml", line 42, column 2
2025-07-11 06:54:51,201 [INFO] [MainThread] [root/log.py:59]: YASB v1.7.7
2025-07-11 06:54:51,231 [INFO] [Thread-1 (_run_server)] [cli_server/cli_server.py:212]: CLI server started v1.1.2
2025-07-11 06:54:51,231 [INFO] [MainThread] [cli_server/cli_server.py:104]: Log pipe server started
2025-07-11 06:54:51,633 [DEBUG] [MainThread] [tzlocal/win32.py:55]: Looking up time zone info from registry
2025-07-11 06:54:51,689 [DEBUG] [MainThread] [comtypes/__init__.py:149]: CoInitializeEx(None, 2)
2025-07-11 06:54:52,575 [INFO] [MainThread] [root/bar_manager.py:74]: Starting SystemEventListener...
2025-07-11 06:54:52,575 [INFO] [MainThread] [root/watcher.py:54]: Created file watcher for path C:\Users\Mimi\.config\yasb
2025-07-11 06:54:52,614 [DEBUG] [MainThread] [qasync._windows._EventPoller/_windows.py:213]: Starting (proactor: <_IocpProactor overlapped#=0 result#=0>)...
2025-07-11 06:54:52,615 [DEBUG] [Dummy-11] [qasync._windows._EventWorker/_windows.py:192]: Thread started
2025-07-11 06:54:52,724 [ERROR] [MainThread] [root/weather.py:77]: Weather response error: ContentAccessDenied 201.
2025-07-11 06:54:52,724 [WARNING] [MainThread] [root/weather.py:544]: Error processing weather data: Weather data is empty.. Retrying fetch in 10 seconds.
2025-07-11 06:54:52,725 [WARNING] [MainThread] [root/weather.py:544]: Error processing weather data: Weather data is empty.. Retrying fetch in 10 seconds.
2025-07-11 06:55:00,745 [INFO] [MainThread] [root/controller.py:15]: Reloading Application because of config change.
2025-07-11 06:55:00,860 [INFO] [MainThread] [cli_server/cli_server.py:112]: Log pipe server stopped
2025-07-11 06:55:00,860 [DEBUG] [MainThread] [cli_server/cli_server.py:206]: CLI server stopped
2025-07-11 06:55:00,875 [INFO] [MainThread] [root/bar_manager.py:65]: Successfully loaded updated config and re-initialised all bars.
2025-07-11 06:55:00,875 [DEBUG] [MainThread] [qasync._windows._EventPoller/_windows.py:218]: Stopping worker thread...
2025-07-11 06:55:00,876 [DEBUG] [Dummy-11] [qasync._windows._EventWorker/_windows.py:201]: Exiting thread
2025-07-11 06:55:00,876 [DEBUG] [MainThread] [qasync._windows._IocpProactor/_windows.py:75]: Closing
2025-07-11 06:55:01,129 [INFO] [MainThread] [root/log.py:59]: YASB v1.7.7
2025-07-11 06:55:01,129 [INFO] [Thread-1 (_run_server)] [cli_server/cli_server.py:212]: CLI server started v1.1.2
2025-07-11 06:55:01,130 [INFO] [MainThread] [cli_server/cli_server.py:104]: Log pipe server started
2025-07-11 06:55:01,328 [DEBUG] [MainThread] [tzlocal/win32.py:55]: Looking up time zone info from registry
2025-07-11 06:55:01,383 [DEBUG] [MainThread] [comtypes/__init__.py:149]: CoInitializeEx(None, 2)
2025-07-11 06:55:02,277 [INFO] [MainThread] [root/bar_manager.py:74]: Starting SystemEventListener...
2025-07-11 06:55:02,277 [INFO] [MainThread] [root/watcher.py:54]: Created file watcher for path C:\Users\Mimi\.config\yasb
2025-07-11 06:55:02,314 [DEBUG] [MainThread] [qasync._windows._EventPoller/_windows.py:213]: Starting (proactor: <_IocpProactor overlapped#=0 result#=0>)...
2025-07-11 06:55:02,315 [DEBUG] [Dummy-11] [qasync._windows._EventWorker/_windows.py:192]: Thread started
2025-07-11 06:55:02,402 [ERROR] [MainThread] [root/weather.py:77]: Weather response error: ContentAccessDenied 201.
2025-07-11 06:55:02,402 [WARNING] [MainThread] [root/weather.py:544]: Error processing weather data: Weather data is empty.. Retrying fetch in 10 seconds.
2025-07-11 06:55:02,403 [WARNING] [MainThread] [root/weather.py:544]: Error processing weather data: Weather data is empty.. Retrying fetch in 10 seconds.
2025-07-11 06:55:05,745 [INFO] [MainThread] [root/controller.py:15]: Reloading Application because of config change.
2025-07-11 06:55:05,847 [INFO] [MainThread] [cli_server/cli_server.py:112]: Log pipe server stopped
2025-07-11 06:55:05,847 [DEBUG] [MainThread] [cli_server/cli_server.py:206]: CLI server stopped
2025-07-11 06:55:05,861 [INFO] [MainThread] [root/bar_manager.py:65]: Successfully loaded updated config and re-initialised all bars.
2025-07-11 06:55:05,861 [DEBUG] [MainThread] [qasync._windows._EventPoller/_windows.py:218]: Stopping worker thread...
2025-07-11 06:55:05,862 [DEBUG] [Dummy-11] [qasync._windows._EventWorker/_windows.py:201]: Exiting thread
2025-07-11 06:55:05,862 [DEBUG] [MainThread] [qasync._windows._IocpProactor/_windows.py:75]: Closing
2025-07-11 06:55:06,111 [INFO] [MainThread] [root/log.py:59]: YASB v1.7.7
2025-07-11 06:55:06,111 [INFO] [Thread-1 (_run_server)] [cli_server/cli_server.py:212]: CLI server started v1.1.2
2025-07-11 06:55:06,111 [INFO] [MainThread] [cli_server/cli_server.py:104]: Log pipe server started
2025-07-11 06:55:06,297 [DEBUG] [MainThread] [tzlocal/win32.py:55]: Looking up time zone info from registry
2025-07-11 06:55:06,361 [DEBUG] [MainThread] [comtypes/__init__.py:149]: CoInitializeEx(None, 2)
2025-07-11 06:55:07,220 [INFO] [MainThread] [root/bar_manager.py:74]: Starting SystemEventListener...
2025-07-11 06:55:07,221 [INFO] [MainThread] [root/watcher.py:54]: Created file watcher for path C:\Users\Mimi\.config\yasb
2025-07-11 06:55:07,257 [DEBUG] [MainThread] [qasync._windows._EventPoller/_windows.py:213]: Starting (proactor: <_IocpProactor overlapped#=0 result#=0>)...
2025-07-11 06:55:07,258 [DEBUG] [Dummy-8] [qasync._windows._EventWorker/_windows.py:192]: Thread started
2025-07-11 06:55:07,334 [ERROR] [MainThread] [root/weather.py:77]: Weather response error: ContentAccessDenied 201.
2025-07-11 06:55:07,334 [WARNING] [MainThread] [root/weather.py:544]: Error processing weather data: Weather data is empty.. Retrying fetch in 10 seconds.
2025-07-11 06:55:07,335 [WARNING] [MainThread] [root/weather.py:544]: Error processing weather data: Weather data is empty.. Retrying fetch in 10 seconds.
2025-07-11 06:55:16,928 [INFO] [MainThread] [root/controller.py:15]: Reloading Application because of config change.
2025-07-11 06:55:17,030 [INFO] [MainThread] [cli_server/cli_server.py:112]: Log pipe server stopped
2025-07-11 06:55:17,030 [DEBUG] [MainThread] [cli_server/cli_server.py:206]: CLI server stopped
2025-07-11 06:55:17,045 [INFO] [MainThread] [root/bar_manager.py:65]: Successfully loaded updated config and re-initialised all bars.
2025-07-11 06:55:17,045 [DEBUG] [MainThread] [qasync._windows._EventPoller/_windows.py:218]: Stopping worker thread...
2025-07-11 06:55:17,046 [DEBUG] [Dummy-8] [qasync._windows._EventWorker/_windows.py:201]: Exiting thread
2025-07-11 06:55:17,046 [DEBUG] [MainThread] [qasync._windows._IocpProactor/_windows.py:75]: Closing
2025-07-11 06:55:17,329 [INFO] [MainThread] [root/log.py:59]: YASB v1.7.7
2025-07-11 06:55:17,329 [INFO] [Thread-1 (_run_server)] [cli_server/cli_server.py:212]: CLI server started v1.1.2
2025-07-11 06:55:17,330 [INFO] [MainThread] [cli_server/cli_server.py:104]: Log pipe server started
2025-07-11 06:55:17,484 [DEBUG] [MainThread] [tzlocal/win32.py:55]: Looking up time zone info from registry
2025-07-11 06:55:17,537 [DEBUG] [MainThread] [comtypes/__init__.py:149]: CoInitializeEx(None, 2)
2025-07-11 06:55:18,391 [INFO] [MainThread] [root/bar_manager.py:74]: Starting SystemEventListener...
2025-07-11 06:55:18,391 [INFO] [MainThread] [root/watcher.py:54]: Created file watcher for path C:\Users\Mimi\.config\yasb
2025-07-11 06:55:18,430 [DEBUG] [MainThread] [qasync._windows._EventPoller/_windows.py:213]: Starting (proactor: <_IocpProactor overlapped#=0 result#=0>)...
2025-07-11 06:55:18,431 [DEBUG] [Dummy-8] [qasync._windows._EventWorker/_windows.py:192]: Thread started
2025-07-11 06:55:26,305 [INFO] [MainThread] [root/controller.py:15]: Reloading Application because of config change.
2025-07-11 06:55:26,421 [INFO] [MainThread] [cli_server/cli_server.py:112]: Log pipe server stopped
2025-07-11 06:55:26,421 [DEBUG] [MainThread] [cli_server/cli_server.py:206]: CLI server stopped
2025-07-11 06:55:26,435 [INFO] [MainThread] [root/bar_manager.py:65]: Successfully loaded updated config and re-initialised all bars.
2025-07-11 06:55:26,436 [DEBUG] [MainThread] [qasync._windows._EventPoller/_windows.py:218]: Stopping worker thread...
2025-07-11 06:55:26,437 [DEBUG] [Dummy-8] [qasync._windows._EventWorker/_windows.py:201]: Exiting thread
2025-07-11 06:55:26,437 [DEBUG] [MainThread] [qasync._windows._IocpProactor/_windows.py:75]: Closing
2025-07-11 06:55:26,678 [INFO] [MainThread] [root/log.py:59]: YASB v1.7.7
2025-07-11 06:55:26,679 [INFO] [Thread-1 (_run_server)] [cli_server/cli_server.py:212]: CLI server started v1.1.2
2025-07-11 06:55:26,679 [INFO] [MainThread] [cli_server/cli_server.py:104]: Log pipe server started
2025-07-11 06:55:26,829 [DEBUG] [MainThread] [tzlocal/win32.py:55]: Looking up time zone info from registry
2025-07-11 06:55:26,917 [DEBUG] [MainThread] [comtypes/__init__.py:149]: CoInitializeEx(None, 2)
2025-07-11 06:55:27,716 [INFO] [MainThread] [root/bar_manager.py:74]: Starting SystemEventListener...
2025-07-11 06:55:27,717 [INFO] [MainThread] [root/watcher.py:54]: Created file watcher for path C:\Users\Mimi\.config\yasb
2025-07-11 06:55:27,751 [DEBUG] [MainThread] [qasync._windows._EventPoller/_windows.py:213]: Starting (proactor: <_IocpProactor overlapped#=0 result#=0>)...
2025-07-11 06:55:27,752 [DEBUG] [Dummy-6] [qasync._windows._EventWorker/_windows.py:192]: Thread started
2025-07-11 06:55:41,543 [ERROR] [MainThread] [root/bar_manager.py:54]: Error loading config: while scanning for the next token
found character '\t' that cannot start any token
  in "C:\Users\Mimi\.config\yasb\config.yaml", line 41, column 4
2025-07-11 06:56:30,585 [ERROR] [MainThread] [root/bar_manager.py:54]: Error loading config: while scanning for the next token
found character '\t' that cannot start any token
  in "C:\Users\Mimi\.config\yasb\config.yaml", line 40, column 1
2025-07-11 06:56:34,139 [ERROR] [MainThread] [root/bar_manager.py:54]: Error loading config: while scanning for the next token
found character '\t' that cannot start any token
  in "C:\Users\Mimi\.config\yasb\config.yaml", line 40, column 1
2025-07-11 06:56:42,810 [ERROR] [MainThread] [root/bar_manager.py:54]: Error loading config: while scanning for the next token
found character '\t' that cannot start any token
  in "C:\Users\Mimi\.config\yasb\config.yaml", line 40, column 1
2025-07-11 06:57:14,691 [ERROR] [MainThread] [root/bar_manager.py:54]: Error loading config: while scanning for the next token
found character '\t' that cannot start any token
  in "C:\Users\Mimi\.config\yasb\config.yaml", line 40, column 1
2025-07-11 06:57:19,295 [ERROR] [MainThread] [root/bar_manager.py:54]: Error loading config: while scanning for the next token
found character '\t' that cannot start any token
  in "C:\Users\Mimi\.config\yasb\config.yaml", line 40, column 1
2025-07-11 06:57:24,759 [INFO] [MainThread] [root/controller.py:15]: Reloading Bar from context menu...
2025-07-11 06:57:24,871 [INFO] [MainThread] [cli_server/cli_server.py:112]: Log pipe server stopped
2025-07-11 06:57:24,871 [DEBUG] [MainThread] [cli_server/cli_server.py:206]: CLI server stopped
2025-07-11 06:57:24,892 [DEBUG] [MainThread] [qasync._windows._EventPoller/_windows.py:218]: Stopping worker thread...
2025-07-11 06:57:24,903 [DEBUG] [Dummy-6] [qasync._windows._EventWorker/_windows.py:201]: Exiting thread
2025-07-11 06:57:24,903 [DEBUG] [MainThread] [qasync._windows._IocpProactor/_windows.py:75]: Closing
2025-07-11 06:57:24,910 [ERROR] [Dummy-7] [root/event_service.py:32]: Failed to emit signal <bound PYQT_SIGNAL foreground_change of ActiveWindowWidget object at 0x00000211BDFA28F0>. Removing link to WinEvent.EventSystemForeground.
2025-07-11 06:57:24,932 [ERROR] [Dummy-7] [root/event_service.py:32]: Failed to emit signal <bound PYQT_SIGNAL window_name_change of ActiveWindowWidget object at 0x00000211BDFA28F0>. Removing link to WinEvent.EventObjectStateChange.
2025-07-11 06:57:25,149 [INFO] [MainThread] [root/log.py:59]: YASB v1.7.7
2025-07-11 06:57:25,149 [INFO] [Thread-1 (_run_server)] [cli_server/cli_server.py:212]: CLI server started v1.1.2
2025-07-11 06:57:25,150 [INFO] [MainThread] [cli_server/cli_server.py:104]: Log pipe server started
2025-07-11 06:57:25,205 [ERROR] [MainThread] [root/main.py:111]: Exception during application startup
Traceback (most recent call last):
  File "main.py", line 109, in <module>
  File "main.py", line 51, in main
  File "D:\a\yasb\yasb\src\core\config.py", line 155, in get_config_and_stylesheet
  File "D:\a\yasb\yasb\src\core\config.py", line 109, in get_config
  File "D:\a\yasb\yasb\venv\Lib\site-packages\yaml\__init__.py", line 125, in safe_load
  File "D:\a\yasb\yasb\venv\Lib\site-packages\yaml\__init__.py", line 81, in load
  File "D:\a\yasb\yasb\venv\Lib\site-packages\yaml\constructor.py", line 49, in get_single_data
  File "D:\a\yasb\yasb\venv\Lib\site-packages\yaml\composer.py", line 36, in get_single_node
  File "D:\a\yasb\yasb\venv\Lib\site-packages\yaml\composer.py", line 55, in compose_document
  File "D:\a\yasb\yasb\venv\Lib\site-packages\yaml\composer.py", line 84, in compose_node
  File "D:\a\yasb\yasb\venv\Lib\site-packages\yaml\composer.py", line 133, in compose_mapping_node
  File "D:\a\yasb\yasb\venv\Lib\site-packages\yaml\composer.py", line 84, in compose_node
  File "D:\a\yasb\yasb\venv\Lib\site-packages\yaml\composer.py", line 133, in compose_mapping_node
  File "D:\a\yasb\yasb\venv\Lib\site-packages\yaml\composer.py", line 84, in compose_node
  File "D:\a\yasb\yasb\venv\Lib\site-packages\yaml\composer.py", line 133, in compose_mapping_node
  File "D:\a\yasb\yasb\venv\Lib\site-packages\yaml\composer.py", line 84, in compose_node
  File "D:\a\yasb\yasb\venv\Lib\site-packages\yaml\composer.py", line 133, in compose_mapping_node
  File "D:\a\yasb\yasb\venv\Lib\site-packages\yaml\composer.py", line 82, in compose_node
  File "D:\a\yasb\yasb\venv\Lib\site-packages\yaml\composer.py", line 110, in compose_sequence_node
  File "D:\a\yasb\yasb\venv\Lib\site-packages\yaml\parser.py", line 98, in check_event
  File "D:\a\yasb\yasb\venv\Lib\site-packages\yaml\parser.py", line 486, in parse_flow_sequence_entry
  File "D:\a\yasb\yasb\venv\Lib\site-packages\yaml\scanner.py", line 116, in check_token
  File "D:\a\yasb\yasb\venv\Lib\site-packages\yaml\scanner.py", line 258, in fetch_more_tokens
yaml.scanner.ScannerError: while scanning for the next token
found character '\t' that cannot start any token
  in "C:\Users\Mimi\.config\yasb\config.yaml", line 40, column 1
2025-07-11 06:57:38,960 [INFO] [MainThread] [root/log.py:59]: YASB v1.7.7
2025-07-11 06:57:38,960 [INFO] [Thread-1 (_run_server)] [cli_server/cli_server.py:212]: CLI server started v1.1.2
2025-07-11 06:57:38,961 [INFO] [MainThread] [cli_server/cli_server.py:104]: Log pipe server started
2025-07-11 06:57:39,095 [DEBUG] [MainThread] [tzlocal/win32.py:55]: Looking up time zone info from registry
2025-07-11 06:57:39,136 [DEBUG] [MainThread] [comtypes/__init__.py:149]: CoInitializeEx(None, 2)
2025-07-11 06:57:39,939 [INFO] [MainThread] [root/bar_manager.py:74]: Starting SystemEventListener...
2025-07-11 06:57:39,940 [INFO] [MainThread] [root/watcher.py:54]: Created file watcher for path C:\Users\Mimi\.config\yasb
2025-07-11 06:57:39,977 [DEBUG] [MainThread] [qasync._windows._EventPoller/_windows.py:213]: Starting (proactor: <_IocpProactor overlapped#=0 result#=0>)...
2025-07-11 06:57:39,978 [DEBUG] [Dummy-6] [qasync._windows._EventWorker/_windows.py:192]: Thread started
2025-07-11 06:57:50,115 [INFO] [MainThread] [root/controller.py:15]: Reloading Application because of config change.
2025-07-11 06:57:50,230 [INFO] [MainThread] [cli_server/cli_server.py:112]: Log pipe server stopped
2025-07-11 06:57:50,230 [DEBUG] [MainThread] [cli_server/cli_server.py:206]: CLI server stopped
2025-07-11 06:57:50,245 [INFO] [MainThread] [root/bar_manager.py:65]: Successfully loaded updated config and re-initialised all bars.
2025-07-11 06:57:50,245 [DEBUG] [MainThread] [qasync._windows._EventPoller/_windows.py:218]: Stopping worker thread...
2025-07-11 06:57:50,246 [DEBUG] [Dummy-6] [qasync._windows._EventWorker/_windows.py:201]: Exiting thread
2025-07-11 06:57:50,246 [DEBUG] [MainThread] [qasync._windows._IocpProactor/_windows.py:75]: Closing
2025-07-11 06:57:50,490 [INFO] [MainThread] [root/log.py:59]: YASB v1.7.7
2025-07-11 06:57:50,491 [INFO] [Thread-1 (_run_server)] [cli_server/cli_server.py:212]: CLI server started v1.1.2
2025-07-11 06:57:50,491 [INFO] [MainThread] [cli_server/cli_server.py:104]: Log pipe server started
2025-07-11 06:57:50,636 [DEBUG] [MainThread] [tzlocal/win32.py:55]: Looking up time zone info from registry
2025-07-11 06:57:50,678 [DEBUG] [MainThread] [comtypes/__init__.py:149]: CoInitializeEx(None, 2)
2025-07-11 06:57:51,480 [INFO] [MainThread] [root/bar_manager.py:74]: Starting SystemEventListener...
2025-07-11 06:57:51,480 [INFO] [MainThread] [root/watcher.py:54]: Created file watcher for path C:\Users\Mimi\.config\yasb
2025-07-11 06:57:51,515 [DEBUG] [MainThread] [qasync._windows._EventPoller/_windows.py:213]: Starting (proactor: <_IocpProactor overlapped#=0 result#=0>)...
2025-07-11 06:57:51,516 [DEBUG] [Dummy-6] [qasync._windows._EventWorker/_windows.py:192]: Thread started
2025-07-11 06:57:56,153 [INFO] [MainThread] [root/controller.py:15]: Reloading Application because of config change.
2025-07-11 06:57:56,253 [INFO] [MainThread] [cli_server/cli_server.py:112]: Log pipe server stopped
2025-07-11 06:57:56,253 [DEBUG] [MainThread] [cli_server/cli_server.py:206]: CLI server stopped
2025-07-11 06:57:56,268 [INFO] [MainThread] [root/bar_manager.py:65]: Successfully loaded updated config and re-initialised all bars.
2025-07-11 06:57:56,268 [DEBUG] [MainThread] [qasync._windows._EventPoller/_windows.py:218]: Stopping worker thread...
2025-07-11 06:57:56,269 [DEBUG] [Dummy-6] [qasync._windows._EventWorker/_windows.py:201]: Exiting thread
2025-07-11 06:57:56,269 [DEBUG] [MainThread] [qasync._windows._IocpProactor/_windows.py:75]: Closing
2025-07-11 06:57:56,501 [INFO] [MainThread] [root/log.py:59]: YASB v1.7.7
2025-07-11 06:57:56,501 [INFO] [Thread-1 (_run_server)] [cli_server/cli_server.py:212]: CLI server started v1.1.2
2025-07-11 06:57:56,502 [INFO] [MainThread] [cli_server/cli_server.py:104]: Log pipe server started
2025-07-11 06:57:56,650 [DEBUG] [MainThread] [tzlocal/win32.py:55]: Looking up time zone info from registry
2025-07-11 06:57:56,691 [DEBUG] [MainThread] [comtypes/__init__.py:149]: CoInitializeEx(None, 2)
2025-07-11 06:57:57,484 [INFO] [MainThread] [root/bar_manager.py:74]: Starting SystemEventListener...
2025-07-11 06:57:57,485 [INFO] [MainThread] [root/watcher.py:54]: Created file watcher for path C:\Users\Mimi\.config\yasb
2025-07-11 06:57:57,521 [DEBUG] [MainThread] [qasync._windows._EventPoller/_windows.py:213]: Starting (proactor: <_IocpProactor overlapped#=0 result#=0>)...
2025-07-11 06:57:57,521 [DEBUG] [Dummy-6] [qasync._windows._EventWorker/_windows.py:192]: Thread started
2025-07-11 06:58:08,530 [INFO] [MainThread] [root/controller.py:15]: Reloading Application because of config change.
2025-07-11 06:58:08,645 [INFO] [MainThread] [cli_server/cli_server.py:112]: Log pipe server stopped
2025-07-11 06:58:08,645 [DEBUG] [MainThread] [cli_server/cli_server.py:206]: CLI server stopped
2025-07-11 06:58:08,660 [INFO] [MainThread] [root/bar_manager.py:65]: Successfully loaded updated config and re-initialised all bars.
2025-07-11 06:58:08,660 [DEBUG] [MainThread] [qasync._windows._EventPoller/_windows.py:218]: Stopping worker thread...
2025-07-11 06:58:08,661 [DEBUG] [Dummy-6] [qasync._windows._EventWorker/_windows.py:201]: Exiting thread
2025-07-11 06:58:08,661 [DEBUG] [MainThread] [qasync._windows._IocpProactor/_windows.py:75]: Closing
2025-07-11 06:58:08,920 [INFO] [MainThread] [root/log.py:59]: YASB v1.7.7
2025-07-11 06:58:08,920 [INFO] [Thread-1 (_run_server)] [cli_server/cli_server.py:212]: CLI server started v1.1.2
2025-07-11 06:58:08,921 [INFO] [MainThread] [cli_server/cli_server.py:104]: Log pipe server started
2025-07-11 06:58:09,060 [DEBUG] [MainThread] [tzlocal/win32.py:55]: Looking up time zone info from registry
2025-07-11 06:58:09,101 [DEBUG] [MainThread] [comtypes/__init__.py:149]: CoInitializeEx(None, 2)
2025-07-11 06:58:09,910 [INFO] [MainThread] [root/bar_manager.py:74]: Starting SystemEventListener...
2025-07-11 06:58:09,911 [INFO] [MainThread] [root/watcher.py:54]: Created file watcher for path C:\Users\Mimi\.config\yasb
2025-07-11 06:58:09,949 [DEBUG] [MainThread] [qasync._windows._EventPoller/_windows.py:213]: Starting (proactor: <_IocpProactor overlapped#=0 result#=0>)...
2025-07-11 06:58:09,950 [DEBUG] [Dummy-6] [qasync._windows._EventWorker/_windows.py:192]: Thread started
2025-07-11 06:58:24,500 [INFO] [MainThread] [root/controller.py:15]: Reloading Application because of config change.
2025-07-11 06:58:24,600 [INFO] [MainThread] [cli_server/cli_server.py:112]: Log pipe server stopped
2025-07-11 06:58:24,600 [DEBUG] [MainThread] [cli_server/cli_server.py:206]: CLI server stopped
2025-07-11 06:58:24,615 [INFO] [MainThread] [root/bar_manager.py:65]: Successfully loaded updated config and re-initialised all bars.
2025-07-11 06:58:24,615 [DEBUG] [MainThread] [qasync._windows._EventPoller/_windows.py:218]: Stopping worker thread...
2025-07-11 06:58:24,616 [DEBUG] [Dummy-6] [qasync._windows._EventWorker/_windows.py:201]: Exiting thread
2025-07-11 06:58:24,616 [DEBUG] [MainThread] [qasync._windows._IocpProactor/_windows.py:75]: Closing
2025-07-11 06:58:24,857 [INFO] [MainThread] [root/log.py:59]: YASB v1.7.7
2025-07-11 06:58:24,857 [INFO] [Thread-1 (_run_server)] [cli_server/cli_server.py:212]: CLI server started v1.1.2
2025-07-11 06:58:24,858 [INFO] [MainThread] [cli_server/cli_server.py:104]: Log pipe server started
2025-07-11 06:58:25,024 [DEBUG] [MainThread] [tzlocal/win32.py:55]: Looking up time zone info from registry
2025-07-11 06:58:25,066 [DEBUG] [MainThread] [comtypes/__init__.py:149]: CoInitializeEx(None, 2)
2025-07-11 06:58:25,866 [INFO] [MainThread] [root/bar_manager.py:74]: Starting SystemEventListener...
2025-07-11 06:58:25,866 [INFO] [MainThread] [root/watcher.py:54]: Created file watcher for path C:\Users\Mimi\.config\yasb
2025-07-11 06:58:25,904 [DEBUG] [MainThread] [qasync._windows._EventPoller/_windows.py:213]: Starting (proactor: <_IocpProactor overlapped#=0 result#=0>)...
2025-07-11 06:58:25,905 [DEBUG] [Dummy-6] [qasync._windows._EventWorker/_windows.py:192]: Thread started
2025-07-11 06:58:35,267 [INFO] [MainThread] [root/controller.py:15]: Reloading Application because of config change.
2025-07-11 06:58:35,367 [INFO] [MainThread] [cli_server/cli_server.py:112]: Log pipe server stopped
2025-07-11 06:58:35,367 [DEBUG] [MainThread] [cli_server/cli_server.py:206]: CLI server stopped
2025-07-11 06:58:35,383 [INFO] [MainThread] [root/bar_manager.py:65]: Successfully loaded updated config and re-initialised all bars.
2025-07-11 06:58:35,383 [DEBUG] [MainThread] [qasync._windows._EventPoller/_windows.py:218]: Stopping worker thread...
2025-07-11 06:58:35,399 [DEBUG] [Dummy-6] [qasync._windows._EventWorker/_windows.py:201]: Exiting thread
2025-07-11 06:58:35,399 [DEBUG] [MainThread] [qasync._windows._IocpProactor/_windows.py:75]: Closing
2025-07-11 06:58:35,621 [INFO] [MainThread] [root/log.py:59]: YASB v1.7.7
2025-07-11 06:58:35,622 [INFO] [Thread-1 (_run_server)] [cli_server/cli_server.py:212]: CLI server started v1.1.2
2025-07-11 06:58:35,622 [INFO] [MainThread] [cli_server/cli_server.py:104]: Log pipe server started
2025-07-11 06:58:35,790 [DEBUG] [MainThread] [tzlocal/win32.py:55]: Looking up time zone info from registry
2025-07-11 06:58:35,838 [DEBUG] [MainThread] [comtypes/__init__.py:149]: CoInitializeEx(None, 2)
2025-07-11 06:58:36,654 [INFO] [MainThread] [root/bar_manager.py:74]: Starting SystemEventListener...
2025-07-11 06:58:36,655 [INFO] [MainThread] [root/watcher.py:54]: Created file watcher for path C:\Users\Mimi\.config\yasb
2025-07-11 06:58:36,690 [DEBUG] [MainThread] [qasync._windows._EventPoller/_windows.py:213]: Starting (proactor: <_IocpProactor overlapped#=0 result#=0>)...
2025-07-11 06:58:36,691 [DEBUG] [Dummy-6] [qasync._windows._EventWorker/_windows.py:192]: Thread started
2025-07-11 06:59:18,567 [INFO] [MainThread] [root/controller.py:15]: Reloading Application because of config change.
2025-07-11 06:59:18,670 [INFO] [MainThread] [cli_server/cli_server.py:112]: Log pipe server stopped
2025-07-11 06:59:18,670 [DEBUG] [MainThread] [cli_server/cli_server.py:206]: CLI server stopped
2025-07-11 06:59:18,684 [INFO] [MainThread] [root/bar_manager.py:65]: Successfully loaded updated config and re-initialised all bars.
2025-07-11 06:59:18,684 [DEBUG] [MainThread] [qasync._windows._EventPoller/_windows.py:218]: Stopping worker thread...
2025-07-11 06:59:18,686 [DEBUG] [Dummy-6] [qasync._windows._EventWorker/_windows.py:201]: Exiting thread
2025-07-11 06:59:18,686 [DEBUG] [MainThread] [qasync._windows._IocpProactor/_windows.py:75]: Closing
2025-07-11 06:59:18,930 [INFO] [MainThread] [root/log.py:59]: YASB v1.7.7
2025-07-11 06:59:18,930 [INFO] [Thread-1 (_run_server)] [cli_server/cli_server.py:212]: CLI server started v1.1.2
2025-07-11 06:59:18,931 [INFO] [MainThread] [cli_server/cli_server.py:104]: Log pipe server started
2025-07-11 06:59:19,105 [DEBUG] [MainThread] [tzlocal/win32.py:55]: Looking up time zone info from registry
2025-07-11 06:59:19,146 [DEBUG] [MainThread] [comtypes/__init__.py:149]: CoInitializeEx(None, 2)
2025-07-11 06:59:19,945 [INFO] [MainThread] [root/bar_manager.py:74]: Starting SystemEventListener...
2025-07-11 06:59:19,946 [INFO] [MainThread] [root/watcher.py:54]: Created file watcher for path C:\Users\Mimi\.config\yasb
2025-07-11 06:59:19,982 [DEBUG] [MainThread] [qasync._windows._EventPoller/_windows.py:213]: Starting (proactor: <_IocpProactor overlapped#=0 result#=0>)...
2025-07-11 06:59:19,983 [DEBUG] [Dummy-6] [qasync._windows._EventWorker/_windows.py:192]: Thread started
2025-07-11 08:12:48,463 [INFO] [MainThread] [root/bar.py:137]: Screen geometry changed. Updating position for bar (status-bar_VG279QM_0fae6878)
2025-07-11 08:43:25,523 [INFO] [MainThread] [root/bar.py:137]: Screen geometry changed. Updating position for bar (status-bar_VG279QM_0fae6878)
2025-07-11 10:28:38,684 [INFO] [MainThread] [root/bar.py:137]: Screen geometry changed. Updating position for bar (status-bar_VG279QM_0fae6878)
2025-07-11 19:52:26,624 [INFO] [MainThread] [root/bar.py:137]: Screen geometry changed. Updating position for bar (status-bar_VG279QM_0fae6878)
2025-07-12 07:13:54,040 [INFO] [MainThread] [root/log.py:59]: YASB v1.7.7
2025-07-12 07:13:54,041 [INFO] [Thread-1 (_run_server)] [cli_server/cli_server.py:212]: CLI server started v1.1.2
2025-07-12 07:13:54,042 [INFO] [MainThread] [cli_server/cli_server.py:104]: Log pipe server started
2025-07-12 07:13:54,238 [DEBUG] [MainThread] [tzlocal/win32.py:55]: Looking up time zone info from registry
2025-07-12 07:13:54,295 [DEBUG] [MainThread] [comtypes/__init__.py:149]: CoInitializeEx(None, 2)
2025-07-12 07:13:55,237 [INFO] [MainThread] [root/bar_manager.py:74]: Starting SystemEventListener...
2025-07-12 07:13:55,238 [INFO] [MainThread] [root/watcher.py:54]: Created file watcher for path C:\Users\Mimi\.config\yasb
2025-07-12 07:13:55,272 [DEBUG] [MainThread] [qasync._windows._EventPoller/_windows.py:213]: Starting (proactor: <_IocpProactor overlapped#=0 result#=0>)...
2025-07-12 07:13:55,274 [DEBUG] [Dummy-6] [qasync._windows._EventWorker/_windows.py:192]: Thread started
2025-07-12 07:41:47,264 [INFO] [MainThread] [root/bar.py:137]: Screen geometry changed. Updating position for bar (status-bar_VG279QM_75f40aef)
2025-07-12 11:57:25,363 [INFO] [MainThread] [root/bar.py:137]: Screen geometry changed. Updating position for bar (status-bar_VG279QM_75f40aef)
2025-07-12 13:49:16,099 [INFO] [MainThread] [root/bar.py:137]: Screen geometry changed. Updating position for bar (status-bar_VG279QM_75f40aef)
2025-07-12 19:04:10,109 [INFO] [MainThread] [root/bar.py:137]: Screen geometry changed. Updating position for bar (status-bar_VG279QM_75f40aef)
2025-07-12 19:10:14,822 [INFO] [MainThread] [root/bar.py:137]: Screen geometry changed. Updating position for bar (status-bar_VG279QM_75f40aef)
2025-07-12 19:44:25,916 [INFO] [MainThread] [root/bar.py:137]: Screen geometry changed. Updating position for bar (status-bar_VG279QM_75f40aef)
2025-07-13 08:35:51,023 [INFO] [MainThread] [root/log.py:59]: YASB v1.7.7
2025-07-13 08:35:51,024 [INFO] [Thread-1 (_run_server)] [cli_server/cli_server.py:212]: CLI server started v1.1.2
2025-07-13 08:35:51,024 [INFO] [MainThread] [cli_server/cli_server.py:104]: Log pipe server started
2025-07-13 08:35:51,222 [DEBUG] [MainThread] [tzlocal/win32.py:55]: Looking up time zone info from registry
2025-07-13 08:35:51,352 [DEBUG] [MainThread] [comtypes/__init__.py:149]: CoInitializeEx(None, 2)
2025-07-13 08:35:52,430 [INFO] [MainThread] [root/bar_manager.py:74]: Starting SystemEventListener...
2025-07-13 08:35:52,430 [INFO] [MainThread] [root/watcher.py:54]: Created file watcher for path C:\Users\Mimi\.config\yasb
2025-07-13 08:35:52,464 [DEBUG] [MainThread] [qasync._windows._EventPoller/_windows.py:213]: Starting (proactor: <_IocpProactor overlapped#=0 result#=0>)...
2025-07-13 08:35:52,465 [DEBUG] [Dummy-6] [qasync._windows._EventWorker/_windows.py:192]: Thread started
2025-07-13 10:09:57,895 [INFO] [MainThread] [root/bar.py:137]: Screen geometry changed. Updating position for bar (status-bar_VG279QM_4c7fe5cd)
2025-07-13 21:36:15,428 [INFO] [MainThread] [root/bar.py:137]: Screen geometry changed. Updating position for bar (status-bar_VG279QM_4c7fe5cd)
2025-07-14 10:54:37,592 [INFO] [MainThread] [root/log.py:59]: YASB v1.7.7
2025-07-14 10:54:37,595 [INFO] [Thread-1 (_run_server)] [cli_server/cli_server.py:212]: CLI server started v1.1.2
2025-07-14 10:54:37,595 [INFO] [MainThread] [cli_server/cli_server.py:104]: Log pipe server started
2025-07-14 10:54:37,808 [DEBUG] [MainThread] [tzlocal/win32.py:55]: Looking up time zone info from registry
2025-07-14 10:54:37,942 [DEBUG] [MainThread] [comtypes/__init__.py:149]: CoInitializeEx(None, 2)
2025-07-14 10:54:38,891 [INFO] [MainThread] [root/bar_manager.py:74]: Starting SystemEventListener...
2025-07-14 10:54:38,892 [INFO] [MainThread] [root/watcher.py:54]: Created file watcher for path C:\Users\Mimi\.config\yasb
2025-07-14 10:54:38,925 [DEBUG] [MainThread] [qasync._windows._EventPoller/_windows.py:213]: Starting (proactor: <_IocpProactor overlapped#=0 result#=0>)...
2025-07-14 10:54:38,926 [DEBUG] [Dummy-6] [qasync._windows._EventWorker/_windows.py:192]: Thread started
2025-07-14 15:03:00,529 [INFO] [MainThread] [root/bar.py:137]: Screen geometry changed. Updating position for bar (status-bar_VG279QM_8e3bc5f7)
2025-07-14 19:59:13,122 [INFO] [MainThread] [root/bar.py:137]: Screen geometry changed. Updating position for bar (status-bar_VG279QM_8e3bc5f7)
2025-07-15 10:53:49,422 [INFO] [MainThread] [root/log.py:59]: YASB v1.7.7
2025-07-15 10:53:49,423 [INFO] [Thread-1 (_run_server)] [cli_server/cli_server.py:212]: CLI server started v1.1.2
2025-07-15 10:53:49,423 [INFO] [MainThread] [cli_server/cli_server.py:104]: Log pipe server started
2025-07-15 10:53:49,622 [DEBUG] [MainThread] [tzlocal/win32.py:55]: Looking up time zone info from registry
2025-07-15 10:53:49,766 [DEBUG] [MainThread] [comtypes/__init__.py:149]: CoInitializeEx(None, 2)
2025-07-15 10:53:50,658 [INFO] [MainThread] [root/bar_manager.py:74]: Starting SystemEventListener...
2025-07-15 10:53:50,658 [INFO] [MainThread] [root/watcher.py:54]: Created file watcher for path C:\Users\Mimi\.config\yasb
2025-07-15 10:53:50,695 [DEBUG] [MainThread] [qasync._windows._EventPoller/_windows.py:213]: Starting (proactor: <_IocpProactor overlapped#=0 result#=0>)...
2025-07-15 10:53:50,697 [DEBUG] [Dummy-6] [qasync._windows._EventWorker/_windows.py:192]: Thread started
2025-07-15 13:40:51,531 [INFO] [MainThread] [root/bar.py:137]: Screen geometry changed. Updating position for bar (status-bar_VG279QM_0833068f)
2025-07-15 15:57:44,820 [INFO] [MainThread] [root/bar.py:137]: Screen geometry changed. Updating position for bar (status-bar_VG279QM_0833068f)
2025-07-15 16:22:58,777 [INFO] [MainThread] [root/bar.py:137]: Screen geometry changed. Updating position for bar (status-bar_VG279QM_0833068f)
2025-07-15 21:29:21,702 [INFO] [MainThread] [root/bar.py:137]: Screen geometry changed. Updating position for bar (status-bar_VG279QM_0833068f)
2025-07-15 22:04:37,274 [INFO] [MainThread] [root/bar.py:137]: Screen geometry changed. Updating position for bar (status-bar_VG279QM_0833068f)
2025-07-15 23:58:23,034 [INFO] [MainThread] [root/bar.py:137]: Screen geometry changed. Updating position for bar (status-bar_VG279QM_0833068f)
2025-07-16 02:05:51,711 [INFO] [MainThread] [root/bar.py:137]: Screen geometry changed. Updating position for bar (status-bar_VG279QM_0833068f)
2025-07-16 13:21:58,655 [INFO] [MainThread] [root/log.py:59]: YASB v1.7.7
2025-07-16 13:21:58,655 [INFO] [Thread-1 (_run_server)] [cli_server/cli_server.py:212]: CLI server started v1.1.2
2025-07-16 13:21:58,656 [INFO] [MainThread] [cli_server/cli_server.py:104]: Log pipe server started
2025-07-16 13:21:58,826 [DEBUG] [MainThread] [tzlocal/win32.py:55]: Looking up time zone info from registry
2025-07-16 13:21:58,958 [DEBUG] [MainThread] [comtypes/__init__.py:149]: CoInitializeEx(None, 2)
2025-07-16 13:21:59,946 [INFO] [MainThread] [root/bar_manager.py:74]: Starting SystemEventListener...
2025-07-16 13:21:59,947 [INFO] [MainThread] [root/watcher.py:54]: Created file watcher for path C:\Users\Mimi\.config\yasb
2025-07-16 13:21:59,985 [DEBUG] [MainThread] [qasync._windows._EventPoller/_windows.py:213]: Starting (proactor: <_IocpProactor overlapped#=0 result#=0>)...
2025-07-16 13:21:59,986 [DEBUG] [Dummy-6] [qasync._windows._EventWorker/_windows.py:192]: Thread started
2025-07-16 13:35:50,752 [INFO] [MainThread] [root/utilities.py:210]: YASB removed from startup
2025-07-16 14:41:18,362 [INFO] [MainThread] [root/bar.py:137]: Screen geometry changed. Updating position for bar (status-bar_VG279QM_46782e4c)
2025-07-16 15:27:08,901 [INFO] [MainThread] [root/bar.py:137]: Screen geometry changed. Updating position for bar (status-bar_VG279QM_46782e4c)
2025-07-16 23:33:03,654 [INFO] [MainThread] [root/bar.py:137]: Screen geometry changed. Updating position for bar (status-bar_VG279QM_46782e4c)
2025-07-16 23:39:38,573 [INFO] [MainThread] [root/bar.py:137]: Screen geometry changed. Updating position for bar (status-bar_VG279QM_46782e4c)
2025-07-17 00:58:55,501 [INFO] [MainThread] [root/bar.py:137]: Screen geometry changed. Updating position for bar (status-bar_VG279QM_46782e4c)
2025-07-17 16:38:28,561 [INFO] [MainThread] [root/log.py:59]: YASB v1.7.7
2025-07-17 16:38:28,561 [INFO] [Thread-1 (_run_server)] [cli_server/cli_server.py:212]: CLI server started v1.1.2
2025-07-17 16:38:28,561 [INFO] [MainThread] [cli_server/cli_server.py:104]: Log pipe server started
2025-07-17 16:38:28,985 [DEBUG] [MainThread] [tzlocal/win32.py:55]: Looking up time zone info from registry
2025-07-17 16:38:29,135 [DEBUG] [MainThread] [comtypes/__init__.py:149]: CoInitializeEx(None, 2)
2025-07-17 16:38:30,262 [INFO] [MainThread] [root/bar_manager.py:74]: Starting SystemEventListener...
2025-07-17 16:38:30,262 [INFO] [MainThread] [root/watcher.py:54]: Created file watcher for path C:\Users\Mimi\.config\yasb
2025-07-17 16:38:30,330 [DEBUG] [MainThread] [qasync._windows._EventPoller/_windows.py:213]: Starting (proactor: <_IocpProactor overlapped#=0 result#=0>)...
2025-07-17 16:38:30,332 [DEBUG] [Dummy-6] [qasync._windows._EventWorker/_windows.py:192]: Thread started
2025-07-17 16:52:55,674 [INFO] [MainThread] [root/bar.py:137]: Screen geometry changed. Updating position for bar (status-bar_VG279QM_c3ee8221)
2025-07-17 16:53:03,875 [INFO] [MainThread] [root/bar.py:137]: Screen geometry changed. Updating position for bar (status-bar_VG279QM_c3ee8221)
2025-07-17 18:39:30,375 [INFO] [MainThread] [root/bar.py:137]: Screen geometry changed. Updating position for bar (status-bar_VG279QM_c3ee8221)
2025-07-17 22:17:13,873 [INFO] [MainThread] [root/bar.py:137]: Screen geometry changed. Updating position for bar (status-bar_VG279QM_c3ee8221)
2025-07-17 22:17:26,693 [INFO] [MainThread] [root/bar.py:137]: Screen geometry changed. Updating position for bar (status-bar_VG279QM_c3ee8221)
2025-07-17 22:17:30,900 [INFO] [MainThread] [root/bar.py:137]: Screen geometry changed. Updating position for bar (status-bar_VG279QM_c3ee8221)
2025-07-17 22:17:33,941 [INFO] [MainThread] [root/bar.py:137]: Screen geometry changed. Updating position for bar (status-bar_VG279QM_c3ee8221)
2025-07-17 22:17:39,881 [INFO] [MainThread] [root/bar.py:137]: Screen geometry changed. Updating position for bar (status-bar_VG279QM_c3ee8221)
2025-07-17 22:22:15,021 [INFO] [MainThread] [root/bar.py:137]: Screen geometry changed. Updating position for bar (status-bar_VG279QM_c3ee8221)
2025-07-18 00:47:27,554 [INFO] [MainThread] [root/bar.py:137]: Screen geometry changed. Updating position for bar (status-bar_VG279QM_c3ee8221)
2025-07-18 00:50:14,741 [INFO] [MainThread] [root/bar.py:137]: Screen geometry changed. Updating position for bar (status-bar_VG279QM_c3ee8221)
2025-07-18 03:45:07,692 [INFO] [MainThread] [root/bar.py:137]: Screen geometry changed. Updating position for bar (status-bar_VG279QM_c3ee8221)
2025-07-18 13:54:39,049 [INFO] [MainThread] [root/log.py:59]: YASB v1.7.7
2025-07-18 13:54:39,050 [INFO] [Thread-1 (_run_server)] [cli_server/cli_server.py:212]: CLI server started v1.1.2
2025-07-18 13:54:39,050 [INFO] [MainThread] [cli_server/cli_server.py:104]: Log pipe server started
2025-07-18 13:54:39,477 [DEBUG] [MainThread] [tzlocal/win32.py:55]: Looking up time zone info from registry
2025-07-18 13:54:39,617 [DEBUG] [MainThread] [comtypes/__init__.py:149]: CoInitializeEx(None, 2)
2025-07-18 13:54:40,610 [INFO] [MainThread] [root/bar_manager.py:74]: Starting SystemEventListener...
2025-07-18 13:54:40,611 [INFO] [MainThread] [root/watcher.py:54]: Created file watcher for path C:\Users\Mimi\.config\yasb
2025-07-18 13:54:40,669 [DEBUG] [MainThread] [qasync._windows._EventPoller/_windows.py:213]: Starting (proactor: <_IocpProactor overlapped#=0 result#=0>)...
2025-07-18 13:54:40,671 [DEBUG] [Dummy-6] [qasync._windows._EventWorker/_windows.py:192]: Thread started
2025-07-18 18:00:39,842 [INFO] [MainThread] [root/bar.py:137]: Screen geometry changed. Updating position for bar (status-bar_VG279QM_e5fa63d8)
2025-07-19 06:51:16,816 [INFO] [MainThread] [root/bar.py:137]: Screen geometry changed. Updating position for bar (status-bar_VG279QM_e5fa63d8)
2025-07-19 16:16:15,970 [INFO] [MainThread] [root/log.py:59]: YASB v1.7.7
2025-07-19 16:16:15,970 [INFO] [Thread-1 (_run_server)] [cli_server/cli_server.py:212]: CLI server started v1.1.2
2025-07-19 16:16:15,970 [INFO] [MainThread] [cli_server/cli_server.py:104]: Log pipe server started
2025-07-19 16:16:16,405 [DEBUG] [MainThread] [tzlocal/win32.py:55]: Looking up time zone info from registry
2025-07-19 16:16:16,490 [DEBUG] [MainThread] [comtypes/__init__.py:149]: CoInitializeEx(None, 2)
2025-07-19 16:16:17,510 [INFO] [MainThread] [root/bar_manager.py:74]: Starting SystemEventListener...
2025-07-19 16:16:17,510 [INFO] [MainThread] [root/watcher.py:54]: Created file watcher for path C:\Users\Mimi\.config\yasb
2025-07-19 16:16:17,575 [DEBUG] [MainThread] [qasync._windows._EventPoller/_windows.py:213]: Starting (proactor: <_IocpProactor overlapped#=0 result#=0>)...
2025-07-19 16:16:17,576 [DEBUG] [Dummy-6] [qasync._windows._EventWorker/_windows.py:192]: Thread started
2025-07-19 16:16:47,706 [DEBUG] [MainThread] [root/blurWindow.py:127]: Failed to apply settings: invalid literal for int() with base 16: ''
2025-07-19 16:17:08,354 [INFO] [MainThread] [root/utilities.py:196]: YASB added to startup
2025-07-19 17:47:24,209 [INFO] [MainThread] [root/bar.py:137]: Screen geometry changed. Updating position for bar (status-bar_VG279QM_4c9c9856)
2025-07-19 20:11:54,525 [INFO] [MainThread] [root/bar.py:137]: Screen geometry changed. Updating position for bar (status-bar_VG279QM_4c9c9856)
2025-07-19 20:12:47,140 [INFO] [MainThread] [root/bar.py:137]: Screen geometry changed. Updating position for bar (status-bar_VG279QM_4c9c9856)
2025-07-19 20:17:02,387 [INFO] [MainThread] [root/bar.py:137]: Screen geometry changed. Updating position for bar (status-bar_VG279QM_4c9c9856)
2025-07-19 21:44:19,032 [INFO] [MainThread] [root/bar.py:137]: Screen geometry changed. Updating position for bar (status-bar_VG279QM_4c9c9856)
2025-07-20 00:47:55,441 [INFO] [MainThread] [root/bar.py:137]: Screen geometry changed. Updating position for bar (status-bar_VG279QM_4c9c9856)
2025-07-20 01:39:24,155 [INFO] [MainThread] [root/bar.py:137]: Screen geometry changed. Updating position for bar (status-bar_VG279QM_4c9c9856)
2025-07-20 18:18:13,342 [INFO] [MainThread] [root/log.py:59]: YASB v1.7.7
2025-07-20 18:18:13,343 [INFO] [Thread-1 (_run_server)] [cli_server/cli_server.py:212]: CLI server started v1.1.2
2025-07-20 18:18:13,344 [INFO] [MainThread] [cli_server/cli_server.py:104]: Log pipe server started
2025-07-20 18:18:13,485 [DEBUG] [MainThread] [tzlocal/win32.py:55]: Looking up time zone info from registry
2025-07-20 18:18:13,797 [DEBUG] [MainThread] [comtypes/__init__.py:149]: CoInitializeEx(None, 2)
2025-07-20 18:18:14,802 [INFO] [MainThread] [root/bar_manager.py:74]: Starting SystemEventListener...
2025-07-20 18:18:14,802 [INFO] [MainThread] [root/watcher.py:54]: Created file watcher for path C:\Users\Mimi\.config\yasb
2025-07-20 18:18:14,839 [DEBUG] [MainThread] [qasync._windows._EventPoller/_windows.py:213]: Starting (proactor: <_IocpProactor overlapped#=0 result#=0>)...
2025-07-20 18:18:14,840 [DEBUG] [Dummy-6] [qasync._windows._EventWorker/_windows.py:192]: Thread started
2025-07-20 18:39:58,718 [INFO] [MainThread] [root/bar.py:137]: Screen geometry changed. Updating position for bar (status-bar_VG279QM_123c5867)
2025-07-20 19:31:33,160 [INFO] [MainThread] [root/bar.py:137]: Screen geometry changed. Updating position for bar (status-bar_VG279QM_123c5867)
2025-07-20 19:58:16,831 [INFO] [MainThread] [root/bar.py:137]: Screen geometry changed. Updating position for bar (status-bar_VG279QM_123c5867)
2025-07-20 22:04:25,179 [INFO] [MainThread] [root/bar.py:137]: Screen geometry changed. Updating position for bar (status-bar_VG279QM_123c5867)
2025-07-21 00:50:35,682 [INFO] [MainThread] [root/bar.py:137]: Screen geometry changed. Updating position for bar (status-bar_VG279QM_123c5867)
2025-07-21 01:35:53,658 [INFO] [MainThread] [root/bar.py:137]: Screen geometry changed. Updating position for bar (status-bar_VG279QM_123c5867)
2025-07-21 03:17:40,813 [INFO] [MainThread] [root/bar.py:137]: Screen geometry changed. Updating position for bar (status-bar_VG279QM_123c5867)
2025-07-21 19:43:19,272 [INFO] [MainThread] [root/log.py:59]: YASB v1.7.7
2025-07-21 19:43:19,273 [INFO] [Thread-1 (_run_server)] [cli_server/cli_server.py:212]: CLI server started v1.1.2
2025-07-21 19:43:19,274 [INFO] [MainThread] [cli_server/cli_server.py:104]: Log pipe server started
2025-07-21 19:43:19,413 [DEBUG] [MainThread] [tzlocal/win32.py:55]: Looking up time zone info from registry
2025-07-21 19:43:19,552 [DEBUG] [MainThread] [comtypes/__init__.py:149]: CoInitializeEx(None, 2)
2025-07-21 19:43:20,363 [INFO] [MainThread] [root/bar_manager.py:74]: Starting SystemEventListener...
2025-07-21 19:43:20,363 [INFO] [MainThread] [root/watcher.py:54]: Created file watcher for path C:\Users\Mimi\.config\yasb
2025-07-21 19:43:20,404 [DEBUG] [MainThread] [qasync._windows._EventPoller/_windows.py:213]: Starting (proactor: <_IocpProactor overlapped#=0 result#=0>)...
2025-07-21 19:43:20,406 [DEBUG] [Dummy-6] [qasync._windows._EventWorker/_windows.py:192]: Thread started
2025-07-21 21:33:46,309 [INFO] [MainThread] [root/bar.py:137]: Screen geometry changed. Updating position for bar (status-bar_VG279QM_02f1c9ea)
2025-07-21 23:12:19,422 [INFO] [MainThread] [root/bar_manager.py:69]: Screens updated. Re-initialising all bars.
2025-07-21 23:12:19,422 [INFO] [MainThread] [root/controller.py:15]: Reloading Application because of screen update.
2025-07-21 23:12:19,535 [INFO] [MainThread] [cli_server/cli_server.py:112]: Log pipe server stopped
2025-07-21 23:12:19,535 [DEBUG] [MainThread] [cli_server/cli_server.py:206]: CLI server stopped
2025-07-21 23:12:20,281 [INFO] [MainThread] [root/bar.py:137]: Screen geometry changed. Updating position for bar (status-bar_XB271HU A_ee3adb15)
2025-07-21 23:12:20,777 [INFO] [MainThread] [root/log.py:59]: YASB v1.7.7
2025-07-21 23:12:20,778 [INFO] [Thread-1 (_run_server)] [cli_server/cli_server.py:212]: CLI server started v1.1.2
2025-07-21 23:12:20,778 [INFO] [MainThread] [cli_server/cli_server.py:104]: Log pipe server started
2025-07-21 23:12:20,934 [DEBUG] [MainThread] [tzlocal/win32.py:55]: Looking up time zone info from registry
2025-07-21 23:12:20,988 [DEBUG] [MainThread] [comtypes/__init__.py:149]: CoInitializeEx(None, 2)
2025-07-21 23:12:21,630 [INFO] [MainThread] [root/bar_manager.py:74]: Starting SystemEventListener...
2025-07-21 23:12:21,631 [INFO] [MainThread] [root/watcher.py:54]: Created file watcher for path C:\Users\Mimi\.config\yasb
2025-07-21 23:12:21,663 [DEBUG] [MainThread] [qasync._windows._EventPoller/_windows.py:213]: Starting (proactor: <_IocpProactor overlapped#=0 result#=0>)...
2025-07-21 23:12:21,664 [DEBUG] [Dummy-6] [qasync._windows._EventWorker/_windows.py:192]: Thread started
2025-07-21 23:12:38,365 [INFO] [MainThread] [root/bar_manager.py:69]: Screens updated. Re-initialising all bars.
2025-07-21 23:12:38,366 [INFO] [MainThread] [root/controller.py:15]: Reloading Application because of screen update.
2025-07-21 23:12:38,476 [INFO] [MainThread] [cli_server/cli_server.py:112]: Log pipe server stopped
2025-07-21 23:12:38,476 [DEBUG] [MainThread] [cli_server/cli_server.py:206]: CLI server stopped
2025-07-21 23:12:41,343 [INFO] [MainThread] [root/log.py:59]: YASB v1.7.7
2025-07-21 23:12:41,344 [INFO] [Thread-1 (_run_server)] [cli_server/cli_server.py:212]: CLI server started v1.1.2
2025-07-21 23:12:41,344 [INFO] [MainThread] [cli_server/cli_server.py:104]: Log pipe server started
2025-07-21 23:12:41,489 [DEBUG] [MainThread] [tzlocal/win32.py:55]: Looking up time zone info from registry
2025-07-21 23:12:41,526 [DEBUG] [MainThread] [comtypes/__init__.py:149]: CoInitializeEx(None, 2)
2025-07-21 23:12:42,423 [INFO] [MainThread] [root/bar_manager.py:74]: Starting SystemEventListener...
2025-07-21 23:12:42,424 [INFO] [MainThread] [root/watcher.py:54]: Created file watcher for path C:\Users\Mimi\.config\yasb
2025-07-21 23:12:42,468 [DEBUG] [MainThread] [qasync._windows._EventPoller/_windows.py:213]: Starting (proactor: <_IocpProactor overlapped#=0 result#=0>)...
2025-07-21 23:12:42,468 [DEBUG] [Dummy-6] [qasync._windows._EventWorker/_windows.py:192]: Thread started
2025-07-22 01:40:14,892 [INFO] [MainThread] [root/bar.py:137]: Screen geometry changed. Updating position for bar (status-bar_VG279QM_4567cd4c)
2025-07-22 04:53:09,150 [INFO] [MainThread] [root/bar.py:137]: Screen geometry changed. Updating position for bar (status-bar_VG279QM_4567cd4c)
2025-07-22 19:46:03,041 [INFO] [MainThread] [root/log.py:59]: YASB v1.7.7
2025-07-22 19:46:03,042 [INFO] [Thread-1 (_run_server)] [cli_server/cli_server.py:212]: CLI server started v1.1.2
2025-07-22 19:46:03,043 [INFO] [MainThread] [cli_server/cli_server.py:104]: Log pipe server started
2025-07-22 19:46:03,188 [DEBUG] [MainThread] [tzlocal/win32.py:55]: Looking up time zone info from registry
2025-07-22 19:46:03,355 [DEBUG] [MainThread] [comtypes/__init__.py:149]: CoInitializeEx(None, 2)
2025-07-22 19:46:04,288 [INFO] [MainThread] [root/bar_manager.py:74]: Starting SystemEventListener...
2025-07-22 19:46:04,288 [INFO] [MainThread] [root/watcher.py:54]: Created file watcher for path C:\Users\Mimi\.config\yasb
2025-07-22 19:46:04,355 [DEBUG] [MainThread] [qasync._windows._EventPoller/_windows.py:213]: Starting (proactor: <_IocpProactor overlapped#=0 result#=0>)...
2025-07-22 19:46:04,356 [DEBUG] [Dummy-6] [qasync._windows._EventWorker/_windows.py:192]: Thread started
2025-07-22 22:46:00,851 [INFO] [MainThread] [root/bar.py:137]: Screen geometry changed. Updating position for bar (status-bar_VG279QM_14ab86d4)
2025-07-23 06:35:48,092 [INFO] [MainThread] [root/bar.py:137]: Screen geometry changed. Updating position for bar (status-bar_VG279QM_14ab86d4)
2025-07-23 07:19:55,869 [INFO] [MainThread] [root/bar.py:137]: Screen geometry changed. Updating position for bar (status-bar_VG279QM_14ab86d4)
2025-07-23 21:26:29,012 [INFO] [MainThread] [root/log.py:59]: YASB v1.7.7
2025-07-23 21:26:29,013 [INFO] [Thread-1 (_run_server)] [cli_server/cli_server.py:212]: CLI server started v1.1.2
2025-07-23 21:26:29,013 [INFO] [MainThread] [cli_server/cli_server.py:104]: Log pipe server started
2025-07-23 21:26:29,149 [DEBUG] [MainThread] [tzlocal/win32.py:55]: Looking up time zone info from registry
2025-07-23 21:26:29,276 [DEBUG] [MainThread] [comtypes/__init__.py:149]: CoInitializeEx(None, 2)
2025-07-23 21:26:30,118 [INFO] [MainThread] [root/bar_manager.py:74]: Starting SystemEventListener...
2025-07-23 21:26:30,118 [INFO] [MainThread] [root/watcher.py:54]: Created file watcher for path C:\Users\Mimi\.config\yasb
2025-07-23 21:26:30,184 [DEBUG] [MainThread] [qasync._windows._EventPoller/_windows.py:213]: Starting (proactor: <_IocpProactor overlapped#=0 result#=0>)...
2025-07-23 21:26:30,186 [DEBUG] [Dummy-6] [qasync._windows._EventWorker/_windows.py:192]: Thread started
2025-07-23 22:14:49,766 [INFO] [MainThread] [root/bar.py:137]: Screen geometry changed. Updating position for bar (status-bar_VG279QM_3f689af1)
2025-07-24 05:55:17,468 [INFO] [MainThread] [root/bar.py:137]: Screen geometry changed. Updating position for bar (status-bar_VG279QM_3f689af1)
2025-07-24 07:51:10,772 [INFO] [MainThread] [root/bar.py:137]: Screen geometry changed. Updating position for bar (status-bar_VG279QM_3f689af1)
2025-07-24 10:22:45,407 [INFO] [MainThread] [root/bar.py:137]: Screen geometry changed. Updating position for bar (status-bar_VG279QM_3f689af1)
2025-07-24 18:12:39,753 [INFO] [MainThread] [root/log.py:59]: YASB v1.7.7
2025-07-24 18:12:39,754 [INFO] [Thread-1 (_run_server)] [cli_server/cli_server.py:212]: CLI server started v1.1.2
2025-07-24 18:12:39,754 [INFO] [MainThread] [cli_server/cli_server.py:104]: Log pipe server started
2025-07-24 18:12:39,891 [DEBUG] [MainThread] [tzlocal/win32.py:55]: Looking up time zone info from registry
2025-07-24 18:12:40,145 [DEBUG] [MainThread] [comtypes/__init__.py:149]: CoInitializeEx(None, 2)
2025-07-24 18:12:41,230 [INFO] [MainThread] [root/bar_manager.py:74]: Starting SystemEventListener...
2025-07-24 18:12:41,230 [INFO] [MainThread] [root/watcher.py:54]: Created file watcher for path C:\Users\Mimi\.config\yasb
2025-07-24 18:12:41,293 [DEBUG] [MainThread] [qasync._windows._EventPoller/_windows.py:213]: Starting (proactor: <_IocpProactor overlapped#=0 result#=0>)...
2025-07-24 18:12:41,294 [DEBUG] [Dummy-6] [qasync._windows._EventWorker/_windows.py:192]: Thread started
2025-07-24 19:44:37,756 [INFO] [MainThread] [root/bar.py:137]: Screen geometry changed. Updating position for bar (status-bar_VG279QM_52fc9507)
2025-07-24 21:38:29,275 [INFO] [MainThread] [root/bar.py:137]: Screen geometry changed. Updating position for bar (status-bar_VG279QM_52fc9507)
2025-07-24 22:34:03,388 [INFO] [MainThread] [root/bar.py:137]: Screen geometry changed. Updating position for bar (status-bar_VG279QM_52fc9507)
2025-07-25 00:15:18,826 [INFO] [MainThread] [root/bar.py:137]: Screen geometry changed. Updating position for bar (status-bar_VG279QM_52fc9507)
2025-07-25 05:56:54,638 [INFO] [MainThread] [root/bar.py:137]: Screen geometry changed. Updating position for bar (status-bar_VG279QM_52fc9507)
2025-07-25 07:00:18,786 [INFO] [MainThread] [root/bar.py:137]: Screen geometry changed. Updating position for bar (status-bar_VG279QM_52fc9507)
2025-07-25 22:01:54,339 [INFO] [MainThread] [root/log.py:59]: YASB v1.7.7
2025-07-25 22:01:54,340 [INFO] [Thread-1 (_run_server)] [cli_server/cli_server.py:212]: CLI server started v1.1.2
2025-07-25 22:01:54,340 [INFO] [MainThread] [cli_server/cli_server.py:104]: Log pipe server started
2025-07-25 22:01:54,473 [DEBUG] [MainThread] [tzlocal/win32.py:55]: Looking up time zone info from registry
2025-07-25 22:01:54,600 [DEBUG] [MainThread] [comtypes/__init__.py:149]: CoInitializeEx(None, 2)
2025-07-25 22:01:55,516 [INFO] [MainThread] [root/bar_manager.py:74]: Starting SystemEventListener...
2025-07-25 22:01:55,516 [INFO] [MainThread] [root/watcher.py:54]: Created file watcher for path C:\Users\Mimi\.config\yasb
2025-07-25 22:01:55,591 [DEBUG] [MainThread] [qasync._windows._EventPoller/_windows.py:213]: Starting (proactor: <_IocpProactor overlapped#=0 result#=0>)...
2025-07-25 22:01:55,593 [DEBUG] [Dummy-6] [qasync._windows._EventWorker/_windows.py:192]: Thread started
2025-07-25 23:44:53,553 [INFO] [MainThread] [root/bar.py:137]: Screen geometry changed. Updating position for bar (status-bar_VG279QM_f5231cf1)
2025-07-26 02:05:05,461 [INFO] [MainThread] [root/bar.py:137]: Screen geometry changed. Updating position for bar (status-bar_VG279QM_f5231cf1)
2025-07-26 06:46:07,568 [INFO] [MainThread] [root/bar.py:137]: Screen geometry changed. Updating position for bar (status-bar_VG279QM_f5231cf1)
2025-07-26 07:33:34,758 [INFO] [MainThread] [root/bar.py:137]: Screen geometry changed. Updating position for bar (status-bar_VG279QM_f5231cf1)
2025-07-26 09:20:44,084 [INFO] [MainThread] [root/bar.py:137]: Screen geometry changed. Updating position for bar (status-bar_VG279QM_f5231cf1)
2025-07-26 10:14:51,788 [INFO] [MainThread] [root/bar.py:137]: Screen geometry changed. Updating position for bar (status-bar_VG279QM_f5231cf1)
2025-07-26 23:53:11,821 [INFO] [MainThread] [root/log.py:59]: YASB v1.7.7
2025-07-26 23:53:11,822 [INFO] [Thread-1 (_run_server)] [cli_server/cli_server.py:212]: CLI server started v1.1.2
2025-07-26 23:53:11,823 [INFO] [MainThread] [cli_server/cli_server.py:104]: Log pipe server started
2025-07-26 23:53:11,958 [DEBUG] [MainThread] [tzlocal/win32.py:55]: Looking up time zone info from registry
2025-07-26 23:53:12,092 [DEBUG] [MainThread] [comtypes/__init__.py:149]: CoInitializeEx(None, 2)
2025-07-26 23:53:13,394 [INFO] [MainThread] [root/bar_manager.py:74]: Starting SystemEventListener...
2025-07-26 23:53:13,394 [INFO] [MainThread] [root/watcher.py:54]: Created file watcher for path C:\Users\Mimi\.config\yasb
2025-07-26 23:53:13,458 [DEBUG] [MainThread] [qasync._windows._EventPoller/_windows.py:213]: Starting (proactor: <_IocpProactor overlapped#=0 result#=0>)...
2025-07-26 23:53:13,460 [DEBUG] [Dummy-6] [qasync._windows._EventWorker/_windows.py:192]: Thread started
2025-07-27 00:48:55,620 [INFO] [MainThread] [root/bar.py:137]: Screen geometry changed. Updating position for bar (status-bar_VG279QM_d9d646be)
2025-07-27 00:49:10,146 [INFO] [MainThread] [root/bar.py:137]: Screen geometry changed. Updating position for bar (status-bar_VG279QM_d9d646be)
2025-07-27 00:49:39,190 [INFO] [MainThread] [root/bar.py:137]: Screen geometry changed. Updating position for bar (status-bar_VG279QM_d9d646be)
2025-07-27 02:42:26,124 [INFO] [MainThread] [root/bar.py:137]: Screen geometry changed. Updating position for bar (status-bar_VG279QM_d9d646be)
2025-07-27 08:03:30,359 [INFO] [MainThread] [root/bar.py:137]: Screen geometry changed. Updating position for bar (status-bar_VG279QM_d9d646be)
2025-07-27 12:20:53,637 [INFO] [MainThread] [root/bar.py:137]: Screen geometry changed. Updating position for bar (status-bar_VG279QM_d9d646be)
2025-07-27 13:10:11,604 [DEBUG] [MainThread] [root/volume.py:321]: Attempting PolicyConfig interface with device: {0.0.0.00000000}.{2148f6e4-672d-478e-9a1f-d486eee624bf}
2025-07-28 01:17:48,489 [INFO] [MainThread] [root/log.py:59]: YASB v1.7.7
2025-07-28 01:17:48,491 [INFO] [Thread-1 (_run_server)] [cli_server/cli_server.py:212]: CLI server started v1.1.2
2025-07-28 01:17:48,491 [INFO] [MainThread] [cli_server/cli_server.py:104]: Log pipe server started
2025-07-28 01:17:48,629 [DEBUG] [MainThread] [tzlocal/win32.py:55]: Looking up time zone info from registry
2025-07-28 01:17:48,789 [DEBUG] [MainThread] [comtypes/__init__.py:149]: CoInitializeEx(None, 2)
2025-07-28 01:17:49,838 [INFO] [MainThread] [root/bar_manager.py:74]: Starting SystemEventListener...
2025-07-28 01:17:49,838 [INFO] [MainThread] [root/watcher.py:54]: Created file watcher for path C:\Users\Mimi\.config\yasb
2025-07-28 01:17:49,926 [DEBUG] [MainThread] [qasync._windows._EventPoller/_windows.py:213]: Starting (proactor: <_IocpProactor overlapped#=0 result#=0>)...
2025-07-28 01:17:49,927 [DEBUG] [Dummy-6] [qasync._windows._EventWorker/_windows.py:192]: Thread started
2025-07-28 02:45:03,306 [INFO] [MainThread] [root/bar.py:137]: Screen geometry changed. Updating position for bar (status-bar_VG279QM_ff27a53b)
2025-07-28 03:48:16,136 [INFO] [MainThread] [root/bar.py:137]: Screen geometry changed. Updating position for bar (status-bar_VG279QM_ff27a53b)
2025-07-28 09:03:13,830 [INFO] [MainThread] [root/bar.py:137]: Screen geometry changed. Updating position for bar (status-bar_VG279QM_ff27a53b)
2025-07-28 09:45:09,694 [INFO] [MainThread] [root/bar.py:137]: Screen geometry changed. Updating position for bar (status-bar_VG279QM_ff27a53b)
2025-07-28 11:23:43,360 [INFO] [MainThread] [root/bar.py:137]: Screen geometry changed. Updating position for bar (status-bar_VG279QM_ff27a53b)
2025-07-28 12:42:02,730 [INFO] [MainThread] [root/bar.py:137]: Screen geometry changed. Updating position for bar (status-bar_VG279QM_ff27a53b)
2025-07-29 01:04:53,143 [INFO] [MainThread] [root/log.py:59]: YASB v1.7.7
2025-07-29 01:04:53,144 [INFO] [Thread-1 (_run_server)] [cli_server/cli_server.py:212]: CLI server started v1.1.2
2025-07-29 01:04:53,144 [INFO] [MainThread] [cli_server/cli_server.py:104]: Log pipe server started
2025-07-29 01:04:53,288 [DEBUG] [MainThread] [tzlocal/win32.py:55]: Looking up time zone info from registry
2025-07-29 01:04:53,542 [DEBUG] [MainThread] [comtypes/__init__.py:149]: CoInitializeEx(None, 2)
2025-07-29 01:04:54,597 [INFO] [MainThread] [root/bar_manager.py:74]: Starting SystemEventListener...
2025-07-29 01:04:54,597 [INFO] [MainThread] [root/watcher.py:54]: Created file watcher for path C:\Users\Mimi\.config\yasb
2025-07-29 01:04:54,679 [DEBUG] [MainThread] [qasync._windows._EventPoller/_windows.py:213]: Starting (proactor: <_IocpProactor overlapped#=0 result#=0>)...
2025-07-29 01:04:54,680 [DEBUG] [Dummy-6] [qasync._windows._EventWorker/_windows.py:192]: Thread started
2025-07-29 01:06:47,641 [INFO] [MainThread] [root/bar.py:137]: Screen geometry changed. Updating position for bar (status-bar_VG279QM_cac7bc01)
2025-07-29 02:19:16,468 [INFO] [MainThread] [root/bar.py:137]: Screen geometry changed. Updating position for bar (status-bar_VG279QM_cac7bc01)
2025-07-29 03:22:41,318 [INFO] [MainThread] [root/bar.py:137]: Screen geometry changed. Updating position for bar (status-bar_VG279QM_cac7bc01)
2025-07-29 04:49:21,764 [INFO] [MainThread] [root/bar.py:137]: Screen geometry changed. Updating position for bar (status-bar_VG279QM_cac7bc01)
2025-07-29 09:28:49,281 [INFO] [MainThread] [root/bar.py:137]: Screen geometry changed. Updating position for bar (status-bar_VG279QM_cac7bc01)
2025-07-29 11:12:03,933 [INFO] [MainThread] [root/bar.py:137]: Screen geometry changed. Updating position for bar (status-bar_VG279QM_cac7bc01)
2025-07-29 11:12:18,728 [INFO] [MainThread] [root/controller.py:30]: Exiting Application from tray...
2025-07-29 11:12:18,838 [INFO] [MainThread] [cli_server/cli_server.py:112]: Log pipe server stopped
2025-07-29 11:12:18,838 [DEBUG] [MainThread] [cli_server/cli_server.py:206]: CLI server stopped
2025-07-29 11:12:18,838 [DEBUG] [MainThread] [qasync._windows._EventPoller/_windows.py:218]: Stopping worker thread...
2025-07-29 11:12:18,854 [DEBUG] [Dummy-6] [qasync._windows._EventWorker/_windows.py:201]: Exiting thread
2025-07-29 11:12:18,856 [DEBUG] [MainThread] [qasync._windows._IocpProactor/_windows.py:75]: Closing
2025-07-29 11:28:34,449 [INFO] [MainThread] [root/log.py:59]: YASB v1.7.7
2025-07-29 11:28:34,449 [INFO] [Thread-1 (_run_server)] [cli_server/cli_server.py:212]: CLI server started v1.1.2
2025-07-29 11:28:34,450 [INFO] [MainThread] [cli_server/cli_server.py:104]: Log pipe server started
2025-07-29 11:28:34,591 [DEBUG] [MainThread] [tzlocal/win32.py:55]: Looking up time zone info from registry
2025-07-29 11:28:34,642 [DEBUG] [MainThread] [comtypes/__init__.py:149]: CoInitializeEx(None, 2)
2025-07-29 11:28:35,596 [INFO] [MainThread] [root/bar_manager.py:74]: Starting SystemEventListener...
2025-07-29 11:28:35,597 [INFO] [MainThread] [root/watcher.py:54]: Created file watcher for path C:\Users\Mimi\.config\yasb
2025-07-29 11:28:35,662 [DEBUG] [MainThread] [qasync._windows._EventPoller/_windows.py:213]: Starting (proactor: <_IocpProactor overlapped#=0 result#=0>)...
2025-07-29 11:28:35,664 [DEBUG] [Dummy-6] [qasync._windows._EventWorker/_windows.py:192]: Thread started
2025-07-29 11:30:25,355 [INFO] [Thread-1 (_run_server)] [cli_server/cli_server.py:253]: CLI server received command: stop
2025-07-29 11:30:25,355 [INFO] [Thread-1 (_run_server)] [root/controller.py:30]: Exiting Application from CLI...
2025-07-29 11:30:25,458 [INFO] [Thread-1 (_run_server)] [cli_server/cli_server.py:112]: Log pipe server stopped
2025-07-29 11:30:25,458 [DEBUG] [Thread-1 (_run_server)] [cli_server/cli_server.py:206]: CLI server stopped
2025-07-29 11:30:25,458 [DEBUG] [MainThread] [qasync._windows._EventPoller/_windows.py:218]: Stopping worker thread...
2025-07-29 11:30:25,474 [DEBUG] [Dummy-6] [qasync._windows._EventWorker/_windows.py:201]: Exiting thread
2025-07-29 11:30:25,474 [DEBUG] [MainThread] [qasync._windows._IocpProactor/_windows.py:75]: Closing
2025-07-29 11:30:26,073 [INFO] [MainThread] [root/log.py:59]: YASB v1.7.7
2025-07-29 11:30:26,073 [INFO] [Thread-1 (_run_server)] [cli_server/cli_server.py:212]: CLI server started v1.1.2
2025-07-29 11:30:26,073 [INFO] [MainThread] [cli_server/cli_server.py:104]: Log pipe server started
2025-07-29 11:30:26,276 [DEBUG] [MainThread] [tzlocal/win32.py:55]: Looking up time zone info from registry
2025-07-29 11:30:27,099 [INFO] [MainThread] [root/bar_manager.py:74]: Starting WindowsNotificationEventListener...
2025-07-29 11:30:27,099 [INFO] [MainThread] [root/bar_manager.py:74]: Starting SystemEventListener...
2025-07-29 11:30:27,100 [INFO] [MainThread] [root/bar_manager.py:74]: Starting KomorebiEventListener...
2025-07-29 11:30:27,100 [INFO] [MainThread] [root/watcher.py:54]: Created file watcher for path C:\Users\Mimi\.config\yasb
2025-07-29 11:30:27,176 [INFO] [Dummy-5] [root/event_listener.py:51]: Created named pipe yasb-a943cc21-6c5e-11f0-a3f2-10ffe07f117f
2025-07-29 11:30:27,209 [DEBUG] [MainThread] [qasync._windows._EventPoller/_windows.py:213]: Starting (proactor: <_IocpProactor overlapped#=0 result#=0>)...
2025-07-29 11:30:27,210 [DEBUG] [Dummy-9] [qasync._windows._EventWorker/_windows.py:192]: Thread started
2025-07-29 11:30:27,210 [DEBUG] [MainThread] [systray_widget/systray.py:517]: Loading state from C:\Users\Mimi\AppData\Local\YASB\systray_state_ASUSTEKCOMPUTERINCVG279QMNALMQS093971.json
2025-07-29 11:30:27,217 [DEBUG] [TrayMonitor] [systray_widget/systray.py:58]: Systray thread is starting...
2025-07-29 11:30:27,217 [DEBUG] [TaskbarService] [systray_widget/systray.py:72]: TaskbarService thread is starting...
2025-07-29 11:30:27,218 [DEBUG] [MainThread] [systray_widget/systray.py:517]: Loading state from C:\Users\Mimi\AppData\Local\YASB\systray_state_ACERTECHNOLOGIESXB271HUAASOKGNKECGZD.json
2025-07-29 11:30:27,258 [DEBUG] [TaskbarService] [root/tasks_service.py:75]: Found yasb systray hwnd: 394322
2025-07-29 11:30:27,259 [DEBUG] [TaskbarService] [systray_widget/tasks_service.py:81]: Adding TaskbandHWND prop to hwnd 394322
2025-07-29 11:30:27,437 [DEBUG] [MainThread] [systray_widget/systray.py:267]: Systray thread started
2025-07-29 11:30:27,471 [DEBUG] [TrayMonitor] [systray_widget/tray_monitor.py:208]: Finding real tray hwnd
2025-07-29 11:30:27,638 [DEBUG] [TaskbarService] [systray_widget/tasks_service.py:81]: Adding TaskbandHWND prop to hwnd 394322
2025-07-29 11:30:27,642 [DEBUG] [MainThread] [systray_widget/tray_monitor.py:144]: Sending TaskbarCreated message: 49245
2025-07-29 11:30:29,058 [DEBUG] [MainThread] [systray_widget/systray.py:455]: Re-sorting widgets
2025-07-29 11:30:29,058 [DEBUG] [MainThread] [systray_widget/systray.py:477]: Updating current state
2025-07-29 11:30:29,058 [DEBUG] [MainThread] [systray_widget/systray.py:455]: Re-sorting widgets
2025-07-29 11:30:29,059 [DEBUG] [MainThread] [systray_widget/systray.py:477]: Updating current state
2025-07-29 11:31:51,583 [INFO] [MainThread] [root/controller.py:15]: Reloading Application because of config change.
2025-07-29 11:31:51,695 [INFO] [MainThread] [cli_server/cli_server.py:112]: Log pipe server stopped
2025-07-29 11:31:51,695 [DEBUG] [MainThread] [cli_server/cli_server.py:206]: CLI server stopped
2025-07-29 11:31:51,702 [DEBUG] [MainThread] [systray_widget/systray.py:477]: Updating current state
2025-07-29 11:31:51,703 [DEBUG] [MainThread] [systray_widget/systray.py:495]: Saving state to disk
2025-07-29 11:31:51,703 [DEBUG] [MainThread] [systray_widget/systray.py:499]: Saving state to C:\Users\Mimi\AppData\Local\YASB\systray_state_ASUSTEKCOMPUTERINCVG279QMNALMQS093971.json
2025-07-29 11:31:51,703 [DEBUG] [MainThread] [systray_widget/systray.py:477]: Updating current state
2025-07-29 11:31:51,703 [DEBUG] [MainThread] [systray_widget/systray.py:495]: Saving state to disk
2025-07-29 11:31:51,704 [DEBUG] [MainThread] [systray_widget/systray.py:499]: Saving state to C:\Users\Mimi\AppData\Local\YASB\systray_state_ACERTECHNOLOGIESXB271HUAASOKGNKECGZD.json
2025-07-29 11:31:51,705 [INFO] [MainThread] [root/bar_manager.py:65]: Successfully loaded updated config and re-initialised all bars.
2025-07-29 11:31:51,705 [DEBUG] [MainThread] [qasync._windows._EventPoller/_windows.py:218]: Stopping worker thread...
2025-07-29 11:31:51,710 [DEBUG] [Dummy-9] [qasync._windows._EventWorker/_windows.py:201]: Exiting thread
2025-07-29 11:31:51,710 [DEBUG] [MainThread] [qasync._windows._IocpProactor/_windows.py:75]: Closing
2025-07-29 11:31:51,723 [DEBUG] [MainThread] [systray_widget/utils.py:96]: Destroying window 658142
2025-07-29 11:31:51,723 [DEBUG] [MainThread] [systray_widget/utils.py:96]: Destroying window 394322
2025-07-29 11:31:51,928 [INFO] [MainThread] [root/log.py:59]: YASB v1.7.7
2025-07-29 11:31:51,928 [INFO] [Thread-1 (_run_server)] [cli_server/cli_server.py:212]: CLI server started v1.1.2
2025-07-29 11:31:51,928 [INFO] [MainThread] [cli_server/cli_server.py:104]: Log pipe server started
2025-07-29 11:31:52,131 [DEBUG] [MainThread] [tzlocal/win32.py:55]: Looking up time zone info from registry
2025-07-29 11:31:52,168 [DEBUG] [MainThread] [comtypes/__init__.py:149]: CoInitializeEx(None, 2)
2025-07-29 11:31:53,164 [INFO] [MainThread] [root/bar_manager.py:74]: Starting SystemEventListener...
2025-07-29 11:31:53,164 [INFO] [MainThread] [root/watcher.py:54]: Created file watcher for path C:\Users\Mimi\.config\yasb
2025-07-29 11:31:53,211 [DEBUG] [MainThread] [qasync._windows._EventPoller/_windows.py:213]: Starting (proactor: <_IocpProactor overlapped#=0 result#=0>)...
2025-07-29 11:31:53,211 [DEBUG] [Dummy-6] [qasync._windows._EventWorker/_windows.py:192]: Thread started
2025-07-29 11:32:04,110 [INFO] [MainThread] [root/controller.py:15]: Reloading Application because of config change.
2025-07-29 11:32:04,214 [INFO] [MainThread] [cli_server/cli_server.py:112]: Log pipe server stopped
2025-07-29 11:32:04,214 [DEBUG] [MainThread] [cli_server/cli_server.py:206]: CLI server stopped
2025-07-29 11:32:04,281 [INFO] [MainThread] [root/bar_manager.py:65]: Successfully loaded updated config and re-initialised all bars.
2025-07-29 11:32:04,282 [DEBUG] [MainThread] [qasync._windows._EventPoller/_windows.py:218]: Stopping worker thread...
2025-07-29 11:32:04,291 [DEBUG] [Dummy-6] [qasync._windows._EventWorker/_windows.py:201]: Exiting thread
2025-07-29 11:32:04,292 [DEBUG] [MainThread] [qasync._windows._IocpProactor/_windows.py:75]: Closing
2025-07-29 11:32:04,313 [ERROR] [Dummy-7] [root/event_service.py:32]: Failed to emit signal <bound PYQT_SIGNAL window_name_change of ActiveWindowWidget object at 0x0000027762E667B0>. Removing link to WinEvent.EventObjectNameChange.
2025-07-29 11:32:04,318 [ERROR] [Dummy-7] [root/event_service.py:32]: Failed to emit signal <bound PYQT_SIGNAL window_name_change of ActiveWindowWidget object at 0x0000027762907CF0>. Removing link to WinEvent.EventObjectNameChange.
2025-07-29 11:32:04,509 [INFO] [MainThread] [root/log.py:59]: YASB v1.7.7
2025-07-29 11:32:04,510 [INFO] [Thread-1 (_run_server)] [cli_server/cli_server.py:212]: CLI server started v1.1.2
2025-07-29 11:32:04,510 [INFO] [MainThread] [cli_server/cli_server.py:104]: Log pipe server started
2025-07-29 11:32:04,857 [DEBUG] [MainThread] [tzlocal/win32.py:55]: Looking up time zone info from registry
2025-07-29 11:32:05,867 [INFO] [MainThread] [root/bar_manager.py:74]: Starting WindowsNotificationEventListener...
2025-07-29 11:32:05,868 [INFO] [MainThread] [root/bar_manager.py:74]: Starting KomorebiEventListener...
2025-07-29 11:32:05,868 [INFO] [MainThread] [root/bar_manager.py:74]: Starting SystemEventListener...
2025-07-29 11:32:05,868 [INFO] [MainThread] [root/watcher.py:54]: Created file watcher for path C:\Users\Mimi\.config\yasb
2025-07-29 11:32:05,917 [INFO] [Dummy-5] [root/event_listener.py:51]: Created named pipe yasb-e422aad6-6c5e-11f0-9eff-10ffe07f117f
2025-07-29 11:32:05,978 [DEBUG] [MainThread] [qasync._windows._EventPoller/_windows.py:213]: Starting (proactor: <_IocpProactor overlapped#=0 result#=0>)...
2025-07-29 11:32:05,980 [DEBUG] [Dummy-9] [qasync._windows._EventWorker/_windows.py:192]: Thread started
2025-07-29 11:32:05,982 [DEBUG] [MainThread] [systray_widget/systray.py:517]: Loading state from C:\Users\Mimi\AppData\Local\YASB\systray_state_ASUSTEKCOMPUTERINCVG279QMNALMQS093971.json
2025-07-29 11:32:05,986 [DEBUG] [TrayMonitor] [systray_widget/systray.py:58]: Systray thread is starting...
2025-07-29 11:32:05,987 [DEBUG] [TaskbarService] [systray_widget/systray.py:72]: TaskbarService thread is starting...
2025-07-29 11:32:05,989 [DEBUG] [MainThread] [systray_widget/systray.py:517]: Loading state from C:\Users\Mimi\AppData\Local\YASB\systray_state_ACERTECHNOLOGIESXB271HUAASOKGNKECGZD.json
2025-07-29 11:32:06,019 [DEBUG] [TaskbarService] [root/tasks_service.py:75]: Found yasb systray hwnd: 1901562
2025-07-29 11:32:06,019 [DEBUG] [TaskbarService] [systray_widget/tasks_service.py:81]: Adding TaskbandHWND prop to hwnd 1901562
2025-07-29 11:32:06,094 [DEBUG] [MainThread] [systray_widget/systray.py:267]: Systray thread started
2025-07-29 11:32:06,295 [DEBUG] [TaskbarService] [systray_widget/tasks_service.py:81]: Adding TaskbandHWND prop to hwnd 1901562
2025-07-29 11:32:06,295 [DEBUG] [TrayMonitor] [systray_widget/tray_monitor.py:208]: Finding real tray hwnd
2025-07-29 11:32:06,300 [DEBUG] [MainThread] [systray_widget/tray_monitor.py:144]: Sending TaskbarCreated message: 49245
2025-07-29 11:32:08,071 [DEBUG] [MainThread] [systray_widget/systray.py:455]: Re-sorting widgets
2025-07-29 11:32:08,072 [DEBUG] [MainThread] [systray_widget/systray.py:477]: Updating current state
2025-07-29 11:32:08,072 [DEBUG] [MainThread] [systray_widget/systray.py:455]: Re-sorting widgets
2025-07-29 11:32:08,072 [DEBUG] [MainThread] [systray_widget/systray.py:477]: Updating current state
2025-07-29 11:32:13,326 [INFO] [Thread-1 (_run_server)] [cli_server/cli_server.py:253]: CLI server received command: stop
2025-07-29 11:32:13,326 [INFO] [Thread-1 (_run_server)] [root/controller.py:30]: Exiting Application from CLI...
2025-07-29 11:32:13,426 [INFO] [Thread-1 (_run_server)] [cli_server/cli_server.py:112]: Log pipe server stopped
2025-07-29 11:32:13,426 [DEBUG] [Thread-1 (_run_server)] [cli_server/cli_server.py:206]: CLI server stopped
2025-07-29 11:32:13,438 [DEBUG] [MainThread] [qasync._windows._EventPoller/_windows.py:218]: Stopping worker thread...
2025-07-29 11:32:13,444 [DEBUG] [Dummy-9] [qasync._windows._EventWorker/_windows.py:201]: Exiting thread
2025-07-29 11:32:13,444 [DEBUG] [MainThread] [qasync._windows._IocpProactor/_windows.py:75]: Closing
2025-07-29 11:32:13,447 [ERROR] [Dummy-14] [root/event_service.py:32]: Failed to emit signal <bound PYQT_SIGNAL update_event of TaskbarWidget object at 0x0000025C95E27390>. Removing link to WinEvent.EventObjectHide.
2025-07-29 11:32:13,447 [ERROR] [Dummy-14] [root/event_service.py:32]: Failed to emit signal <bound PYQT_SIGNAL update_event of TaskbarWidget object at 0x0000025C95E27390>. Removing link to WinEvent.EventObjectDestroy.
2025-07-29 11:32:13,449 [ERROR] [Dummy-14] [root/event_service.py:32]: Failed to emit signal <bound PYQT_SIGNAL update_event of TaskbarWidget object at 0x0000025C960B9310>. Removing link to WinEvent.EventObjectDestroy.
2025-07-29 11:32:13,453 [DEBUG] [MainThread] [systray_widget/utils.py:96]: Destroying window 46661866
2025-07-29 11:32:13,453 [DEBUG] [MainThread] [systray_widget/utils.py:96]: Destroying window 1901562
2025-07-29 11:32:14,024 [INFO] [MainThread] [root/log.py:59]: YASB v1.7.7
2025-07-29 11:32:14,025 [INFO] [Thread-1 (_run_server)] [cli_server/cli_server.py:212]: CLI server started v1.1.2
2025-07-29 11:32:14,025 [INFO] [MainThread] [cli_server/cli_server.py:104]: Log pipe server started
2025-07-29 11:32:14,150 [DEBUG] [MainThread] [comtypes/__init__.py:149]: CoInitializeEx(None, 2)
2025-07-29 11:32:14,219 [DEBUG] [MainThread] [tzlocal/win32.py:55]: Looking up time zone info from registry
2025-07-29 11:32:15,135 [INFO] [MainThread] [root/bar_manager.py:74]: Starting KomorebiEventListener...
2025-07-29 11:32:15,135 [INFO] [MainThread] [root/bar_manager.py:74]: Starting WindowsNotificationEventListener...
2025-07-29 11:32:15,136 [INFO] [MainThread] [root/bar_manager.py:74]: Starting SystemEventListener...
2025-07-29 11:32:15,136 [INFO] [MainThread] [root/watcher.py:54]: Created file watcher for path C:\Users\Mimi\.config\yasb
2025-07-29 11:32:15,172 [INFO] [Dummy-5] [root/event_listener.py:51]: Created named pipe yasb-e9a89daf-6c5e-11f0-99a1-10ffe07f117f
2025-07-29 11:32:15,237 [DEBUG] [MainThread] [qasync._windows._EventPoller/_windows.py:213]: Starting (proactor: <_IocpProactor overlapped#=0 result#=0>)...
2025-07-29 11:32:15,239 [DEBUG] [Dummy-9] [qasync._windows._EventWorker/_windows.py:192]: Thread started
2025-07-29 11:32:15,240 [DEBUG] [MainThread] [systray_widget/systray.py:517]: Loading state from C:\Users\Mimi\AppData\Local\YASB\systray_state_ASUSTEKCOMPUTERINCVG279QMNALMQS093971.json
2025-07-29 11:32:15,243 [DEBUG] [TrayMonitor] [systray_widget/systray.py:58]: Systray thread is starting...
2025-07-29 11:32:15,243 [DEBUG] [TaskbarService] [systray_widget/systray.py:72]: TaskbarService thread is starting...
2025-07-29 11:32:15,255 [DEBUG] [MainThread] [systray_widget/systray.py:517]: Loading state from C:\Users\Mimi\AppData\Local\YASB\systray_state_ACERTECHNOLOGIESXB271HUAASOKGNKECGZD.json
2025-07-29 11:32:15,301 [DEBUG] [TaskbarService] [root/tasks_service.py:75]: Found yasb systray hwnd: 119081188
2025-07-29 11:32:15,301 [DEBUG] [TaskbarService] [systray_widget/tasks_service.py:81]: Adding TaskbandHWND prop to hwnd 119081188
2025-07-29 11:32:15,323 [DEBUG] [MainThread] [systray_widget/systray.py:267]: Systray thread started
2025-07-29 11:32:15,524 [DEBUG] [TaskbarService] [systray_widget/tasks_service.py:81]: Adding TaskbandHWND prop to hwnd 119081188
2025-07-29 11:32:15,524 [DEBUG] [TrayMonitor] [systray_widget/tray_monitor.py:208]: Finding real tray hwnd
2025-07-29 11:32:15,529 [DEBUG] [MainThread] [systray_widget/tray_monitor.py:144]: Sending TaskbarCreated message: 49245
2025-07-29 11:32:17,071 [DEBUG] [MainThread] [systray_widget/systray.py:455]: Re-sorting widgets
2025-07-29 11:32:17,071 [DEBUG] [MainThread] [systray_widget/systray.py:477]: Updating current state
2025-07-29 11:32:17,071 [DEBUG] [MainThread] [systray_widget/systray.py:455]: Re-sorting widgets
2025-07-29 11:32:17,071 [DEBUG] [MainThread] [systray_widget/systray.py:477]: Updating current state
2025-07-29 11:32:54,128 [INFO] [Thread-1 (_run_server)] [cli_server/cli_server.py:253]: CLI server received command: stop
2025-07-29 11:32:54,128 [INFO] [Thread-1 (_run_server)] [root/controller.py:30]: Exiting Application from CLI...
2025-07-29 11:32:54,343 [INFO] [Thread-1 (_run_server)] [cli_server/cli_server.py:112]: Log pipe server stopped
2025-07-29 11:32:54,343 [DEBUG] [Thread-1 (_run_server)] [cli_server/cli_server.py:206]: CLI server stopped
2025-07-29 11:32:54,356 [DEBUG] [MainThread] [qasync._windows._EventPoller/_windows.py:218]: Stopping worker thread...
2025-07-29 11:32:54,369 [DEBUG] [Dummy-9] [qasync._windows._EventWorker/_windows.py:201]: Exiting thread
2025-07-29 11:32:54,369 [DEBUG] [MainThread] [qasync._windows._IocpProactor/_windows.py:75]: Closing
2025-07-29 11:32:54,389 [DEBUG] [MainThread] [systray_widget/utils.py:96]: Destroying window 111543434
2025-07-29 11:32:54,389 [DEBUG] [MainThread] [systray_widget/utils.py:96]: Destroying window 119081188
2025-07-29 11:32:54,800 [INFO] [MainThread] [root/log.py:59]: YASB v1.7.7
2025-07-29 11:32:54,801 [INFO] [Thread-1 (_run_server)] [cli_server/cli_server.py:212]: CLI server started v1.1.2
2025-07-29 11:32:54,801 [INFO] [MainThread] [cli_server/cli_server.py:104]: Log pipe server started
2025-07-29 11:32:54,968 [DEBUG] [MainThread] [tzlocal/win32.py:55]: Looking up time zone info from registry
2025-07-29 11:32:55,268 [DEBUG] [MainThread] [comtypes/__init__.py:149]: CoInitializeEx(None, 2)
2025-07-29 11:32:56,224 [INFO] [MainThread] [root/bar_manager.py:74]: Starting WindowsNotificationEventListener...
2025-07-29 11:32:56,225 [INFO] [MainThread] [root/bar_manager.py:74]: Starting KomorebiEventListener...
2025-07-29 11:32:56,225 [INFO] [MainThread] [root/watcher.py:54]: Created file watcher for path C:\Users\Mimi\.config\yasb
2025-07-29 11:32:56,254 [INFO] [Dummy-5] [root/event_listener.py:51]: Created named pipe yasb-022684ed-6c5f-11f0-9a78-10ffe07f117f
2025-07-29 11:32:56,313 [DEBUG] [MainThread] [qasync._windows._EventPoller/_windows.py:213]: Starting (proactor: <_IocpProactor overlapped#=0 result#=0>)...
2025-07-29 11:32:56,315 [DEBUG] [Dummy-9] [qasync._windows._EventWorker/_windows.py:192]: Thread started
2025-07-29 11:32:56,330 [DEBUG] [MainThread] [systray_widget/systray.py:517]: Loading state from C:\Users\Mimi\AppData\Local\YASB\systray_state_ASUSTEKCOMPUTERINCVG279QMNALMQS093971.json
2025-07-29 11:32:56,343 [DEBUG] [TrayMonitor] [systray_widget/systray.py:58]: Systray thread is starting...
2025-07-29 11:32:56,343 [DEBUG] [TaskbarService] [systray_widget/systray.py:72]: TaskbarService thread is starting...
2025-07-29 11:32:56,346 [DEBUG] [MainThread] [systray_widget/systray.py:517]: Loading state from C:\Users\Mimi\AppData\Local\YASB\systray_state_ACERTECHNOLOGIESXB271HUAASOKGNKECGZD.json
2025-07-29 11:32:56,349 [DEBUG] [TaskbarService] [root/tasks_service.py:75]: Found yasb systray hwnd: 113969170
2025-07-29 11:32:56,349 [DEBUG] [TaskbarService] [systray_widget/tasks_service.py:81]: Adding TaskbandHWND prop to hwnd 113969170
2025-07-29 11:32:56,383 [DEBUG] [MainThread] [systray_widget/systray.py:267]: Systray thread started
2025-07-29 11:32:56,420 [ERROR] [MainThread] [root/weather.py:77]: Weather response error: ContentAccessDenied 201.
2025-07-29 11:32:56,420 [WARNING] [MainThread] [root/weather.py:544]: Error processing weather data: Weather data is empty.. Retrying fetch in 10 seconds.
2025-07-29 11:32:56,421 [WARNING] [MainThread] [root/weather.py:544]: Error processing weather data: Weather data is empty.. Retrying fetch in 10 seconds.
2025-07-29 11:32:56,584 [DEBUG] [TaskbarService] [systray_widget/tasks_service.py:81]: Adding TaskbandHWND prop to hwnd 113969170
2025-07-29 11:32:56,584 [DEBUG] [TrayMonitor] [systray_widget/tray_monitor.py:208]: Finding real tray hwnd
2025-07-29 11:32:56,589 [DEBUG] [MainThread] [systray_widget/tray_monitor.py:144]: Sending TaskbarCreated message: 49245
2025-07-29 11:32:57,758 [DEBUG] [MainThread] [systray_widget/systray.py:455]: Re-sorting widgets
2025-07-29 11:32:57,758 [DEBUG] [MainThread] [systray_widget/systray.py:477]: Updating current state
2025-07-29 11:32:57,758 [DEBUG] [MainThread] [systray_widget/systray.py:455]: Re-sorting widgets
2025-07-29 11:32:57,759 [DEBUG] [MainThread] [systray_widget/systray.py:477]: Updating current state
2025-07-29 11:32:59,123 [DEBUG] [MainThread] [systray_widget/systray.py:455]: Re-sorting widgets
2025-07-29 11:32:59,124 [DEBUG] [MainThread] [systray_widget/systray.py:477]: Updating current state
2025-07-29 11:32:59,124 [DEBUG] [MainThread] [systray_widget/systray.py:455]: Re-sorting widgets
2025-07-29 11:32:59,125 [DEBUG] [MainThread] [systray_widget/systray.py:477]: Updating current state
2025-07-29 11:33:06,448 [ERROR] [MainThread] [root/weather.py:77]: Weather response error: ContentAccessDenied 201.
2025-07-29 11:33:06,448 [WARNING] [MainThread] [root/weather.py:544]: Error processing weather data: Weather data is empty.. Retrying fetch in 10 seconds.
2025-07-29 11:33:06,448 [WARNING] [MainThread] [root/weather.py:544]: Error processing weather data: Weather data is empty.. Retrying fetch in 10 seconds.
2025-07-29 11:33:06,457 [ERROR] [MainThread] [root/weather.py:77]: Weather response error: ContentAccessDenied 201.
2025-07-29 11:33:16,474 [ERROR] [MainThread] [root/weather.py:77]: Weather response error: ContentAccessDenied 201.
2025-07-29 11:33:16,475 [WARNING] [MainThread] [root/weather.py:544]: Error processing weather data: Weather data is empty.. Retrying fetch in 10 seconds.
2025-07-29 11:33:16,475 [WARNING] [MainThread] [root/weather.py:544]: Error processing weather data: Weather data is empty.. Retrying fetch in 10 seconds.
2025-07-29 11:33:16,476 [ERROR] [MainThread] [root/weather.py:77]: Weather response error: ContentAccessDenied 201.
2025-07-29 11:33:26,492 [ERROR] [MainThread] [root/weather.py:77]: Weather response error: ContentAccessDenied 201.
2025-07-29 11:33:26,492 [WARNING] [MainThread] [root/weather.py:544]: Error processing weather data: Weather data is empty.. Retrying fetch in 10 seconds.
2025-07-29 11:33:26,492 [WARNING] [MainThread] [root/weather.py:544]: Error processing weather data: Weather data is empty.. Retrying fetch in 10 seconds.
2025-07-29 11:33:26,500 [ERROR] [MainThread] [root/weather.py:77]: Weather response error: ContentAccessDenied 201.
2025-07-29 11:33:30,942 [INFO] [Thread-1 (_run_server)] [cli_server/cli_server.py:253]: CLI server received command: stop
2025-07-29 11:33:30,942 [INFO] [Thread-1 (_run_server)] [root/controller.py:30]: Exiting Application from CLI...
2025-07-29 11:33:31,056 [INFO] [Thread-1 (_run_server)] [cli_server/cli_server.py:112]: Log pipe server stopped
2025-07-29 11:33:31,056 [DEBUG] [Thread-1 (_run_server)] [cli_server/cli_server.py:206]: CLI server stopped
2025-07-29 11:33:31,080 [DEBUG] [MainThread] [qasync._windows._EventPoller/_windows.py:218]: Stopping worker thread...
2025-07-29 11:33:31,087 [DEBUG] [Dummy-9] [qasync._windows._EventWorker/_windows.py:201]: Exiting thread
2025-07-29 11:33:31,088 [DEBUG] [MainThread] [qasync._windows._IocpProactor/_windows.py:75]: Closing
2025-07-29 11:33:31,105 [DEBUG] [MainThread] [systray_widget/utils.py:96]: Destroying window 86968182
2025-07-29 11:33:31,105 [DEBUG] [MainThread] [systray_widget/utils.py:96]: Destroying window 113969170
2025-07-29 11:33:31,649 [INFO] [MainThread] [root/log.py:59]: YASB v1.7.7
2025-07-29 11:33:31,649 [INFO] [Thread-1 (_run_server)] [cli_server/cli_server.py:212]: CLI server started v1.1.2
2025-07-29 11:33:31,650 [INFO] [MainThread] [cli_server/cli_server.py:104]: Log pipe server started
2025-07-29 11:33:31,743 [DEBUG] [MainThread] [tzlocal/win32.py:55]: Looking up time zone info from registry
2025-07-29 11:33:31,842 [DEBUG] [MainThread] [comtypes/__init__.py:149]: CoInitializeEx(None, 2)
2025-07-29 11:33:32,765 [INFO] [MainThread] [root/bar_manager.py:74]: Starting SystemEventListener...
2025-07-29 11:33:32,765 [INFO] [MainThread] [root/bar_manager.py:74]: Starting WindowsNotificationEventListener...
2025-07-29 11:33:32,766 [INFO] [MainThread] [root/watcher.py:54]: Created file watcher for path C:\Users\Mimi\.config\yasb
2025-07-29 11:33:32,861 [DEBUG] [MainThread] [qasync._windows._EventPoller/_windows.py:213]: Starting (proactor: <_IocpProactor overlapped#=0 result#=0>)...
2025-07-29 11:33:32,863 [DEBUG] [Dummy-6] [qasync._windows._EventWorker/_windows.py:192]: Thread started
2025-07-29 11:33:32,864 [DEBUG] [MainThread] [systray_widget/systray.py:517]: Loading state from C:\Users\Mimi\AppData\Local\YASB\systray_state_ASUSTEKCOMPUTERINCVG279QMNALMQS093971.json
2025-07-29 11:33:32,866 [DEBUG] [TaskbarService] [systray_widget/systray.py:72]: TaskbarService thread is starting...
2025-07-29 11:33:32,866 [DEBUG] [TrayMonitor] [systray_widget/systray.py:58]: Systray thread is starting...
2025-07-29 11:33:33,058 [DEBUG] [MainThread] [systray_widget/systray.py:517]: Loading state from C:\Users\Mimi\AppData\Local\YASB\systray_state_ACERTECHNOLOGIESXB271HUAASOKGNKECGZD.json
2025-07-29 11:33:33,074 [DEBUG] [TaskbarService] [root/tasks_service.py:75]: Found yasb systray hwnd: 2098170
2025-07-29 11:33:33,074 [DEBUG] [TaskbarService] [systray_widget/tasks_service.py:81]: Adding TaskbandHWND prop to hwnd 2098170
2025-07-29 11:33:33,110 [DEBUG] [MainThread] [systray_widget/systray.py:267]: Systray thread started
2025-07-29 11:33:33,121 [ERROR] [MainThread] [root/weather.py:77]: Weather response error: ContentAccessDenied 201.
2025-07-29 11:33:33,121 [WARNING] [MainThread] [root/weather.py:544]: Error processing weather data: Weather data is empty.. Retrying fetch in 10 seconds.
2025-07-29 11:33:33,124 [WARNING] [MainThread] [root/weather.py:544]: Error processing weather data: Weather data is empty.. Retrying fetch in 10 seconds.
2025-07-29 11:33:33,312 [DEBUG] [TaskbarService] [systray_widget/tasks_service.py:81]: Adding TaskbandHWND prop to hwnd 2098170
2025-07-29 11:33:33,312 [DEBUG] [TrayMonitor] [systray_widget/tray_monitor.py:208]: Finding real tray hwnd
2025-07-29 11:33:33,318 [DEBUG] [MainThread] [systray_widget/tray_monitor.py:144]: Sending TaskbarCreated message: 49245
2025-07-29 11:33:35,119 [DEBUG] [MainThread] [systray_widget/systray.py:455]: Re-sorting widgets
2025-07-29 11:33:35,119 [DEBUG] [MainThread] [systray_widget/systray.py:477]: Updating current state
2025-07-29 11:33:35,119 [DEBUG] [MainThread] [systray_widget/systray.py:455]: Re-sorting widgets
2025-07-29 11:33:35,119 [DEBUG] [MainThread] [systray_widget/systray.py:477]: Updating current state
2025-07-29 11:33:43,137 [ERROR] [MainThread] [root/weather.py:77]: Weather response error: ContentAccessDenied 201.
2025-07-29 11:33:43,137 [WARNING] [MainThread] [root/weather.py:544]: Error processing weather data: Weather data is empty.. Retrying fetch in 10 seconds.
2025-07-29 11:33:43,137 [WARNING] [MainThread] [root/weather.py:544]: Error processing weather data: Weather data is empty.. Retrying fetch in 10 seconds.
2025-07-29 11:33:43,156 [ERROR] [MainThread] [root/weather.py:77]: Weather response error: ContentAccessDenied 201.
2025-07-29 11:33:52,020 [INFO] [Thread-1 (_run_server)] [cli_server/cli_server.py:253]: CLI server received command: stop
2025-07-29 11:33:52,020 [INFO] [Thread-1 (_run_server)] [root/controller.py:30]: Exiting Application from CLI...
2025-07-29 11:33:52,127 [INFO] [Thread-1 (_run_server)] [cli_server/cli_server.py:112]: Log pipe server stopped
2025-07-29 11:33:52,127 [DEBUG] [Thread-1 (_run_server)] [cli_server/cli_server.py:206]: CLI server stopped
2025-07-29 11:33:52,468 [DEBUG] [MainThread] [qasync._windows._EventPoller/_windows.py:218]: Stopping worker thread...
2025-07-29 11:33:52,489 [DEBUG] [Dummy-6] [qasync._windows._EventWorker/_windows.py:201]: Exiting thread
2025-07-29 11:33:52,489 [DEBUG] [MainThread] [qasync._windows._IocpProactor/_windows.py:75]: Closing
2025-07-29 11:33:52,504 [DEBUG] [MainThread] [systray_widget/utils.py:96]: Destroying window 74385544
2025-07-29 11:33:52,504 [DEBUG] [MainThread] [systray_widget/utils.py:96]: Destroying window 2098170
2025-07-29 11:33:52,649 [INFO] [MainThread] [root/log.py:59]: YASB v1.7.7
2025-07-29 11:33:52,650 [INFO] [Thread-1 (_run_server)] [cli_server/cli_server.py:212]: CLI server started v1.1.2
2025-07-29 11:33:52,650 [INFO] [MainThread] [cli_server/cli_server.py:104]: Log pipe server started
2025-07-29 11:33:52,966 [DEBUG] [MainThread] [tzlocal/win32.py:55]: Looking up time zone info from registry
2025-07-29 11:33:53,001 [DEBUG] [MainThread] [comtypes/__init__.py:149]: CoInitializeEx(None, 2)
2025-07-29 11:33:53,892 [INFO] [MainThread] [root/watcher.py:54]: Created file watcher for path C:\Users\Mimi\.config\yasb
2025-07-29 11:33:53,986 [DEBUG] [MainThread] [qasync._windows._EventPoller/_windows.py:213]: Starting (proactor: <_IocpProactor overlapped#=0 result#=0>)...
2025-07-29 11:33:53,988 [DEBUG] [Dummy-6] [qasync._windows._EventWorker/_windows.py:192]: Thread started
2025-07-29 11:33:54,037 [ERROR] [MainThread] [root/media.py:758]: MediaWidget: Error formatting label: 'source'
2025-07-29 11:33:54,037 [ERROR] [MainThread] [root/media.py:758]: MediaWidget: Error formatting label: 'source'
2025-07-29 11:33:54,037 [ERROR] [MainThread] [root/media.py:758]: MediaWidget: Error formatting label: 'source'
2025-07-29 11:33:54,037 [ERROR] [MainThread] [root/media.py:758]: MediaWidget: Error formatting label: 'source'
2025-07-29 11:33:54,049 [ERROR] [MainThread] [root/weather.py:77]: Weather response error: ContentAccessDenied 201.
2025-07-29 11:33:54,049 [WARNING] [MainThread] [root/weather.py:544]: Error processing weather data: Weather data is empty.. Retrying fetch in 10 seconds.
2025-07-29 11:33:54,053 [WARNING] [MainThread] [root/weather.py:544]: Error processing weather data: Weather data is empty.. Retrying fetch in 10 seconds.
2025-07-29 11:33:58,661 [WARNING] [MainThread] [root/weather.py:126]: Failed to fetch icon N/A: ProtocolUnknownError 301
2025-07-29 11:33:58,661 [WARNING] [MainThread] [root/weather.py:126]: Failed to fetch icon N/A: ProtocolUnknownError 301
2025-07-29 11:33:58,661 [WARNING] [MainThread] [root/weather.py:126]: Failed to fetch icon N/A: ProtocolUnknownError 301
2025-07-29 11:34:04,061 [ERROR] [MainThread] [root/weather.py:77]: Weather response error: ContentAccessDenied 201.
2025-07-29 11:34:04,061 [WARNING] [MainThread] [root/weather.py:544]: Error processing weather data: Weather data is empty.. Retrying fetch in 10 seconds.
2025-07-29 11:34:04,061 [WARNING] [MainThread] [root/weather.py:544]: Error processing weather data: Weather data is empty.. Retrying fetch in 10 seconds.
2025-07-29 11:34:04,079 [ERROR] [MainThread] [root/weather.py:77]: Weather response error: ContentAccessDenied 201.
2025-07-29 11:34:14,077 [ERROR] [MainThread] [root/weather.py:77]: Weather response error: ContentAccessDenied 201.
2025-07-29 11:34:14,077 [WARNING] [MainThread] [root/weather.py:544]: Error processing weather data: Weather data is empty.. Retrying fetch in 10 seconds.
2025-07-29 11:34:14,078 [WARNING] [MainThread] [root/weather.py:544]: Error processing weather data: Weather data is empty.. Retrying fetch in 10 seconds.
2025-07-29 11:34:14,078 [ERROR] [MainThread] [root/weather.py:77]: Weather response error: ContentAccessDenied 201.
2025-07-29 11:34:24,089 [ERROR] [MainThread] [root/weather.py:77]: Weather response error: ContentAccessDenied 201.
2025-07-29 11:34:24,090 [WARNING] [MainThread] [root/weather.py:544]: Error processing weather data: Weather data is empty.. Retrying fetch in 10 seconds.
2025-07-29 11:34:24,090 [WARNING] [MainThread] [root/weather.py:544]: Error processing weather data: Weather data is empty.. Retrying fetch in 10 seconds.
2025-07-29 11:34:24,090 [ERROR] [MainThread] [root/weather.py:77]: Weather response error: ContentAccessDenied 201.
2025-07-29 11:34:34,107 [ERROR] [MainThread] [root/weather.py:77]: Weather response error: ContentAccessDenied 201.
2025-07-29 11:34:34,107 [WARNING] [MainThread] [root/weather.py:544]: Error processing weather data: Weather data is empty.. Retrying fetch in 10 seconds.
2025-07-29 11:34:34,108 [WARNING] [MainThread] [root/weather.py:544]: Error processing weather data: Weather data is empty.. Retrying fetch in 10 seconds.
2025-07-29 11:34:34,108 [ERROR] [MainThread] [root/weather.py:77]: Weather response error: ContentAccessDenied 201.
2025-07-29 11:34:44,123 [ERROR] [MainThread] [root/weather.py:77]: Weather response error: ContentAccessDenied 201.
2025-07-29 11:34:44,124 [WARNING] [MainThread] [root/weather.py:544]: Error processing weather data: Weather data is empty.. Retrying fetch in 10 seconds.
2025-07-29 11:34:44,124 [WARNING] [MainThread] [root/weather.py:544]: Error processing weather data: Weather data is empty.. Retrying fetch in 10 seconds.
2025-07-29 11:34:44,124 [ERROR] [MainThread] [root/weather.py:77]: Weather response error: ContentAccessDenied 201.
2025-07-29 11:34:54,158 [ERROR] [MainThread] [root/weather.py:77]: Weather response error: ContentAccessDenied 201.
2025-07-29 11:34:54,159 [WARNING] [MainThread] [root/weather.py:544]: Error processing weather data: Weather data is empty.. Retrying fetch in 10 seconds.
2025-07-29 11:34:54,159 [WARNING] [MainThread] [root/weather.py:544]: Error processing weather data: Weather data is empty.. Retrying fetch in 10 seconds.
2025-07-29 11:34:54,159 [ERROR] [MainThread] [root/weather.py:77]: Weather response error: ContentAccessDenied 201.
2025-07-29 11:35:04,182 [ERROR] [MainThread] [root/weather.py:77]: Weather response error: ContentAccessDenied 201.
2025-07-29 11:35:04,182 [WARNING] [MainThread] [root/weather.py:544]: Error processing weather data: Weather data is empty.. Retrying fetch in 10 seconds.
2025-07-29 11:35:04,182 [WARNING] [MainThread] [root/weather.py:544]: Error processing weather data: Weather data is empty.. Retrying fetch in 10 seconds.
2025-07-29 11:35:04,183 [ERROR] [MainThread] [root/weather.py:77]: Weather response error: ContentAccessDenied 201.
2025-07-29 11:35:14,085 [INFO] [Thread-1 (_run_server)] [cli_server/cli_server.py:253]: CLI server received command: stop
2025-07-29 11:35:14,085 [INFO] [Thread-1 (_run_server)] [root/controller.py:30]: Exiting Application from CLI...
2025-07-29 11:35:14,193 [INFO] [Thread-1 (_run_server)] [cli_server/cli_server.py:112]: Log pipe server stopped
2025-07-29 11:35:14,193 [DEBUG] [Thread-1 (_run_server)] [cli_server/cli_server.py:206]: CLI server stopped
2025-07-29 11:35:14,193 [DEBUG] [MainThread] [qasync._windows._EventPoller/_windows.py:218]: Stopping worker thread...
2025-07-29 11:35:14,208 [DEBUG] [Dummy-6] [qasync._windows._EventWorker/_windows.py:201]: Exiting thread
2025-07-29 11:35:14,209 [DEBUG] [MainThread] [qasync._windows._IocpProactor/_windows.py:75]: Closing
2025-07-29 11:35:14,787 [INFO] [MainThread] [root/log.py:59]: YASB v1.7.7
2025-07-29 11:35:14,788 [INFO] [Thread-1 (_run_server)] [cli_server/cli_server.py:212]: CLI server started v1.1.2
2025-07-29 11:35:14,788 [INFO] [MainThread] [cli_server/cli_server.py:104]: Log pipe server started
2025-07-29 11:35:14,874 [DEBUG] [MainThread] [tzlocal/win32.py:55]: Looking up time zone info from registry
2025-07-29 11:35:14,965 [DEBUG] [MainThread] [comtypes/__init__.py:149]: CoInitializeEx(None, 2)
2025-07-29 11:35:15,804 [INFO] [MainThread] [root/bar_manager.py:74]: Starting SystemEventListener...
2025-07-29 11:35:15,804 [INFO] [MainThread] [root/bar_manager.py:74]: Starting KomorebiEventListener...
2025-07-29 11:35:15,804 [INFO] [MainThread] [root/watcher.py:54]: Created file watcher for path C:\Users\Mimi\.config\yasb
2025-07-29 11:35:15,843 [INFO] [Dummy-7] [root/event_listener.py:51]: Created named pipe yasb-55589d32-6c5f-11f0-9afa-10ffe07f117f
2025-07-29 11:35:15,907 [DEBUG] [MainThread] [qasync._windows._EventPoller/_windows.py:213]: Starting (proactor: <_IocpProactor overlapped#=0 result#=0>)...
2025-07-29 11:35:15,910 [DEBUG] [Dummy-11] [qasync._windows._EventWorker/_windows.py:192]: Thread started
2025-07-29 11:35:15,917 [DEBUG] [MainThread] [systray_widget/systray.py:517]: Loading state from C:\Users\Mimi\AppData\Local\YASB\systray_state_ASUSTEKCOMPUTERINCVG279QMNALMQS093971.json
2025-07-29 11:35:15,921 [DEBUG] [TaskbarService] [systray_widget/systray.py:72]: TaskbarService thread is starting...
2025-07-29 11:35:15,921 [DEBUG] [TrayMonitor] [systray_widget/systray.py:58]: Systray thread is starting...
2025-07-29 11:35:15,922 [DEBUG] [MainThread] [systray_widget/systray.py:517]: Loading state from C:\Users\Mimi\AppData\Local\YASB\systray_state_ACERTECHNOLOGIESXB271HUAASOKGNKECGZD.json
2025-07-29 11:35:15,955 [DEBUG] [TaskbarService] [root/tasks_service.py:75]: Found yasb systray hwnd: 90966200
2025-07-29 11:35:15,955 [DEBUG] [TaskbarService] [systray_widget/tasks_service.py:81]: Adding TaskbandHWND prop to hwnd 90966200
2025-07-29 11:35:15,977 [DEBUG] [MainThread] [systray_widget/systray.py:267]: Systray thread started
2025-07-29 11:35:16,177 [DEBUG] [TaskbarService] [systray_widget/tasks_service.py:81]: Adding TaskbandHWND prop to hwnd 90966200
2025-07-29 11:35:16,177 [DEBUG] [TrayMonitor] [systray_widget/tray_monitor.py:208]: Finding real tray hwnd
2025-07-29 11:35:16,183 [DEBUG] [MainThread] [systray_widget/tray_monitor.py:144]: Sending TaskbarCreated message: 49245
2025-07-29 11:35:17,340 [DEBUG] [MainThread] [systray_widget/systray.py:455]: Re-sorting widgets
2025-07-29 11:35:17,340 [DEBUG] [MainThread] [systray_widget/systray.py:477]: Updating current state
2025-07-29 11:35:17,340 [DEBUG] [MainThread] [systray_widget/systray.py:455]: Re-sorting widgets
2025-07-29 11:35:17,340 [DEBUG] [MainThread] [systray_widget/systray.py:477]: Updating current state
2025-07-29 11:35:20,023 [DEBUG] [MainThread] [systray_widget/systray.py:455]: Re-sorting widgets
2025-07-29 11:35:20,024 [DEBUG] [MainThread] [systray_widget/systray.py:477]: Updating current state
2025-07-29 11:35:20,024 [DEBUG] [MainThread] [systray_widget/systray.py:455]: Re-sorting widgets
2025-07-29 11:35:20,024 [DEBUG] [MainThread] [systray_widget/systray.py:477]: Updating current state
2025-07-29 11:41:23,968 [INFO] [MainThread] [root/controller.py:30]: Exiting Application from tray...
2025-07-29 11:41:24,081 [INFO] [MainThread] [cli_server/cli_server.py:112]: Log pipe server stopped
2025-07-29 11:41:24,081 [DEBUG] [MainThread] [cli_server/cli_server.py:206]: CLI server stopped
2025-07-29 11:41:24,081 [DEBUG] [MainThread] [systray_widget/systray.py:477]: Updating current state
2025-07-29 11:41:24,081 [DEBUG] [MainThread] [systray_widget/systray.py:495]: Saving state to disk
2025-07-29 11:41:24,082 [DEBUG] [MainThread] [systray_widget/systray.py:499]: Saving state to C:\Users\Mimi\AppData\Local\YASB\systray_state_ASUSTEKCOMPUTERINCVG279QMNALMQS093971.json
2025-07-29 11:41:24,083 [DEBUG] [MainThread] [systray_widget/systray.py:477]: Updating current state
2025-07-29 11:41:24,083 [DEBUG] [MainThread] [systray_widget/systray.py:495]: Saving state to disk
2025-07-29 11:41:24,083 [DEBUG] [MainThread] [systray_widget/systray.py:499]: Saving state to C:\Users\Mimi\AppData\Local\YASB\systray_state_ACERTECHNOLOGIESXB271HUAASOKGNKECGZD.json
2025-07-29 11:41:24,084 [DEBUG] [MainThread] [qasync._windows._EventPoller/_windows.py:218]: Stopping worker thread...
2025-07-29 11:41:24,096 [DEBUG] [Dummy-11] [qasync._windows._EventWorker/_windows.py:201]: Exiting thread
2025-07-29 11:41:24,096 [DEBUG] [MainThread] [qasync._windows._IocpProactor/_windows.py:75]: Closing
2025-07-29 11:41:24,116 [ERROR] [Dummy-158] [root/event_service.py:32]: Failed to emit signal <bound PYQT_SIGNAL window_name_change of ActiveWindowWidget object at 0x000001E43A61F930>. Removing link to WinEvent.EventObjectStateChange.
2025-07-29 11:41:24,134 [DEBUG] [MainThread] [systray_widget/utils.py:96]: Destroying window 1313740
2025-07-29 11:41:24,134 [DEBUG] [MainThread] [systray_widget/utils.py:96]: Destroying window 90966200
2025-07-30 02:25:45,330 [INFO] [MainThread] [root/log.py:59]: YASB v1.7.7
2025-07-30 02:25:45,330 [INFO] [Thread-1 (_run_server)] [cli_server/cli_server.py:212]: CLI server started v1.1.2
2025-07-30 02:25:45,331 [INFO] [MainThread] [cli_server/cli_server.py:104]: Log pipe server started
2025-07-30 02:25:45,430 [DEBUG] [MainThread] [tzlocal/win32.py:55]: Looking up time zone info from registry
2025-07-30 02:25:45,756 [DEBUG] [MainThread] [comtypes/__init__.py:149]: CoInitializeEx(None, 2)
2025-07-30 02:25:46,835 [INFO] [MainThread] [root/bar_manager.py:74]: Starting SystemEventListener...
2025-07-30 02:25:46,839 [INFO] [MainThread] [root/bar_manager.py:74]: Starting KomorebiEventListener...
2025-07-30 02:25:46,839 [INFO] [MainThread] [root/watcher.py:54]: Created file watcher for path C:\Users\Mimi\.config\yasb
2025-07-30 02:25:46,899 [INFO] [Dummy-7] [root/event_listener.py:51]: Created named pipe yasb-bcb98915-6cdb-11f0-b78c-10ffe07f117f
2025-07-30 02:25:46,917 [DEBUG] [MainThread] [qasync._windows._EventPoller/_windows.py:213]: Starting (proactor: <_IocpProactor overlapped#=0 result#=0>)...
2025-07-30 02:25:46,918 [DEBUG] [Dummy-11] [qasync._windows._EventWorker/_windows.py:192]: Thread started
2025-07-30 02:25:46,929 [DEBUG] [MainThread] [systray_widget/systray.py:517]: Loading state from C:\Users\Mimi\AppData\Local\YASB\systray_state_ASUSTEKCOMPUTERINCVG279QMNALMQS093971.json
2025-07-30 02:25:46,933 [DEBUG] [TrayMonitor] [systray_widget/systray.py:58]: Systray thread is starting...
2025-07-30 02:25:46,933 [DEBUG] [TaskbarService] [systray_widget/systray.py:72]: TaskbarService thread is starting...
2025-07-30 02:25:46,935 [DEBUG] [MainThread] [systray_widget/systray.py:517]: Loading state from C:\Users\Mimi\AppData\Local\YASB\systray_state_ACERTECHNOLOGIESXB271HUAASOKGNKECGZD.json
2025-07-30 02:25:47,010 [DEBUG] [TaskbarService] [root/tasks_service.py:75]: Found yasb systray hwnd: 66876
2025-07-30 02:25:47,010 [DEBUG] [TaskbarService] [systray_widget/tasks_service.py:81]: Adding TaskbandHWND prop to hwnd 66876
2025-07-30 02:25:47,080 [DEBUG] [MainThread] [systray_widget/systray.py:267]: Systray thread started
2025-07-30 02:25:47,281 [DEBUG] [TaskbarService] [systray_widget/tasks_service.py:81]: Adding TaskbandHWND prop to hwnd 66876
2025-07-30 02:25:47,282 [DEBUG] [TrayMonitor] [systray_widget/tray_monitor.py:208]: Finding real tray hwnd
2025-07-30 02:25:47,294 [DEBUG] [MainThread] [systray_widget/tray_monitor.py:144]: Sending TaskbarCreated message: 49246
2025-07-30 02:25:48,493 [DEBUG] [MainThread] [systray_widget/systray.py:455]: Re-sorting widgets
2025-07-30 02:25:48,496 [DEBUG] [MainThread] [systray_widget/systray.py:477]: Updating current state
2025-07-30 02:25:48,496 [DEBUG] [MainThread] [systray_widget/systray.py:455]: Re-sorting widgets
2025-07-30 02:25:48,496 [DEBUG] [MainThread] [systray_widget/systray.py:477]: Updating current state
2025-07-30 02:26:00,509 [DEBUG] [MainThread] [systray_widget/systray.py:455]: Re-sorting widgets
2025-07-30 02:26:00,509 [DEBUG] [MainThread] [systray_widget/systray.py:477]: Updating current state
2025-07-30 02:26:00,509 [DEBUG] [MainThread] [systray_widget/systray.py:455]: Re-sorting widgets
2025-07-30 02:26:00,509 [DEBUG] [MainThread] [systray_widget/systray.py:477]: Updating current state
2025-07-30 02:26:03,820 [DEBUG] [MainThread] [systray_widget/systray.py:455]: Re-sorting widgets
2025-07-30 02:26:03,820 [DEBUG] [MainThread] [systray_widget/systray.py:477]: Updating current state
2025-07-30 02:26:03,820 [DEBUG] [MainThread] [systray_widget/systray.py:455]: Re-sorting widgets
2025-07-30 02:26:03,820 [DEBUG] [MainThread] [systray_widget/systray.py:477]: Updating current state
2025-07-30 02:28:55,603 [DEBUG] [MainThread] [systray_widget/systray.py:455]: Re-sorting widgets
2025-07-30 02:28:55,603 [DEBUG] [MainThread] [systray_widget/systray.py:477]: Updating current state
2025-07-30 02:28:55,603 [DEBUG] [MainThread] [systray_widget/systray.py:455]: Re-sorting widgets
2025-07-30 02:28:55,603 [DEBUG] [MainThread] [systray_widget/systray.py:477]: Updating current state
2025-07-30 02:29:34,760 [DEBUG] [MainThread] [systray_widget/systray.py:455]: Re-sorting widgets
2025-07-30 02:29:34,760 [DEBUG] [MainThread] [systray_widget/systray.py:477]: Updating current state
2025-07-30 02:29:34,761 [DEBUG] [MainThread] [systray_widget/systray.py:455]: Re-sorting widgets
2025-07-30 02:29:34,761 [DEBUG] [MainThread] [systray_widget/systray.py:477]: Updating current state
2025-07-30 02:44:08,332 [INFO] [MainThread] [root/controller.py:30]: Exiting Application from tray...
2025-07-30 02:44:08,433 [INFO] [MainThread] [cli_server/cli_server.py:112]: Log pipe server stopped
2025-07-30 02:44:08,433 [DEBUG] [MainThread] [cli_server/cli_server.py:206]: CLI server stopped
2025-07-30 02:44:08,433 [DEBUG] [MainThread] [systray_widget/systray.py:477]: Updating current state
2025-07-30 02:44:08,433 [DEBUG] [MainThread] [systray_widget/systray.py:495]: Saving state to disk
2025-07-30 02:44:08,434 [DEBUG] [MainThread] [systray_widget/systray.py:499]: Saving state to C:\Users\Mimi\AppData\Local\YASB\systray_state_ASUSTEKCOMPUTERINCVG279QMNALMQS093971.json
2025-07-30 02:44:08,435 [DEBUG] [MainThread] [systray_widget/systray.py:477]: Updating current state
2025-07-30 02:44:08,435 [DEBUG] [MainThread] [systray_widget/systray.py:495]: Saving state to disk
2025-07-30 02:44:08,435 [DEBUG] [MainThread] [systray_widget/systray.py:499]: Saving state to C:\Users\Mimi\AppData\Local\YASB\systray_state_ACERTECHNOLOGIESXB271HUAASOKGNKECGZD.json
2025-07-30 02:44:08,436 [DEBUG] [MainThread] [qasync._windows._EventPoller/_windows.py:218]: Stopping worker thread...
2025-07-30 02:44:08,448 [DEBUG] [Dummy-11] [qasync._windows._EventWorker/_windows.py:201]: Exiting thread
2025-07-30 02:44:08,448 [DEBUG] [MainThread] [qasync._windows._IocpProactor/_windows.py:75]: Closing
2025-07-30 02:44:08,459 [ERROR] [Dummy-438] [root/event_service.py:32]: Failed to emit signal <bound PYQT_SIGNAL window_name_change of ActiveWindowWidget object at 0x00000178F0B2F930>. Removing link to WinEvent.EventObjectStateChange.
2025-07-30 02:44:08,464 [ERROR] [Dummy-438] [root/event_service.py:32]: Failed to emit signal <bound PYQT_SIGNAL window_name_change of ActiveWindowWidget object at 0x00000178F0B2F930>. Removing link to WinEvent.EventObjectNameChange.
2025-07-30 10:52:42,115 [INFO] [MainThread] [root/log.py:59]: YASB v1.7.7
2025-07-30 10:52:42,115 [INFO] [Thread-1 (_run_server)] [cli_server/cli_server.py:212]: CLI server started v1.1.2
2025-07-30 10:52:42,116 [INFO] [MainThread] [cli_server/cli_server.py:104]: Log pipe server started
2025-07-30 10:52:42,212 [DEBUG] [MainThread] [tzlocal/win32.py:55]: Looking up time zone info from registry
2025-07-30 10:52:42,476 [DEBUG] [MainThread] [comtypes/__init__.py:149]: CoInitializeEx(None, 2)
2025-07-30 10:52:43,318 [INFO] [MainThread] [root/bar_manager.py:74]: Starting KomorebiEventListener...
2025-07-30 10:52:43,322 [INFO] [MainThread] [root/bar_manager.py:74]: Starting SystemEventListener...
2025-07-30 10:52:43,322 [INFO] [MainThread] [root/watcher.py:54]: Created file watcher for path C:\Users\Mimi\.config\yasb
2025-07-30 10:52:43,374 [INFO] [Dummy-7] [root/event_listener.py:51]: Created named pipe yasb-8e5c1421-6d22-11f0-9c28-10ffe07f117f
2025-07-30 10:52:43,397 [DEBUG] [MainThread] [qasync._windows._EventPoller/_windows.py:213]: Starting (proactor: <_IocpProactor overlapped#=0 result#=0>)...
2025-07-30 10:52:43,400 [DEBUG] [Dummy-11] [qasync._windows._EventWorker/_windows.py:192]: Thread started
2025-07-30 10:52:43,409 [DEBUG] [MainThread] [systray_widget/systray.py:517]: Loading state from C:\Users\Mimi\AppData\Local\YASB\systray_state_ASUSTEKCOMPUTERINCVG279QMNALMQS093971.json
2025-07-30 10:52:43,413 [DEBUG] [TrayMonitor] [systray_widget/systray.py:58]: Systray thread is starting...
2025-07-30 10:52:43,413 [DEBUG] [TaskbarService] [systray_widget/systray.py:72]: TaskbarService thread is starting...
2025-07-30 10:52:43,415 [DEBUG] [MainThread] [systray_widget/systray.py:517]: Loading state from C:\Users\Mimi\AppData\Local\YASB\systray_state_ACERTECHNOLOGIESXB271HUAASOKGNKECGZD.json
2025-07-30 10:52:43,487 [DEBUG] [TaskbarService] [root/tasks_service.py:75]: Found yasb systray hwnd: 262484
2025-07-30 10:52:43,487 [DEBUG] [TaskbarService] [systray_widget/tasks_service.py:81]: Adding TaskbandHWND prop to hwnd 262484
2025-07-30 10:52:43,550 [DEBUG] [MainThread] [systray_widget/systray.py:267]: Systray thread started
2025-07-30 10:52:43,750 [DEBUG] [TaskbarService] [systray_widget/tasks_service.py:81]: Adding TaskbandHWND prop to hwnd 262484
2025-07-30 10:52:43,750 [DEBUG] [TrayMonitor] [systray_widget/tray_monitor.py:208]: Finding real tray hwnd
2025-07-30 10:52:43,754 [DEBUG] [MainThread] [systray_widget/tray_monitor.py:144]: Sending TaskbarCreated message: 49245
2025-07-30 10:52:44,776 [DEBUG] [MainThread] [systray_widget/systray.py:455]: Re-sorting widgets
2025-07-30 10:52:44,794 [DEBUG] [MainThread] [systray_widget/systray.py:477]: Updating current state
2025-07-30 10:52:44,794 [DEBUG] [MainThread] [systray_widget/systray.py:455]: Re-sorting widgets
2025-07-30 10:52:44,794 [DEBUG] [MainThread] [systray_widget/systray.py:477]: Updating current state
2025-07-30 10:52:46,916 [DEBUG] [MainThread] [systray_widget/systray.py:455]: Re-sorting widgets
2025-07-30 10:52:46,916 [DEBUG] [MainThread] [systray_widget/systray.py:477]: Updating current state
2025-07-30 10:52:46,916 [DEBUG] [MainThread] [systray_widget/systray.py:455]: Re-sorting widgets
2025-07-30 10:52:46,916 [DEBUG] [MainThread] [systray_widget/systray.py:477]: Updating current state
2025-07-30 10:52:48,635 [DEBUG] [MainThread] [systray_widget/systray.py:455]: Re-sorting widgets
2025-07-30 10:52:48,636 [DEBUG] [MainThread] [systray_widget/systray.py:477]: Updating current state
2025-07-30 10:52:48,636 [DEBUG] [MainThread] [systray_widget/systray.py:455]: Re-sorting widgets
2025-07-30 10:52:48,636 [DEBUG] [MainThread] [systray_widget/systray.py:477]: Updating current state
2025-07-30 10:53:15,717 [INFO] [MainThread] [root/controller.py:30]: Exiting Application from tray...
2025-07-30 10:53:15,820 [INFO] [MainThread] [cli_server/cli_server.py:112]: Log pipe server stopped
2025-07-30 10:53:15,820 [DEBUG] [MainThread] [cli_server/cli_server.py:206]: CLI server stopped
2025-07-30 10:53:15,820 [DEBUG] [MainThread] [systray_widget/systray.py:477]: Updating current state
2025-07-30 10:53:15,820 [DEBUG] [MainThread] [systray_widget/systray.py:495]: Saving state to disk
2025-07-30 10:53:15,821 [DEBUG] [MainThread] [systray_widget/systray.py:499]: Saving state to C:\Users\Mimi\AppData\Local\YASB\systray_state_ASUSTEKCOMPUTERINCVG279QMNALMQS093971.json
2025-07-30 10:53:15,821 [DEBUG] [MainThread] [systray_widget/systray.py:477]: Updating current state
2025-07-30 10:53:15,822 [DEBUG] [MainThread] [systray_widget/systray.py:495]: Saving state to disk
2025-07-30 10:53:15,822 [DEBUG] [MainThread] [systray_widget/systray.py:499]: Saving state to C:\Users\Mimi\AppData\Local\YASB\systray_state_ACERTECHNOLOGIESXB271HUAASOKGNKECGZD.json
2025-07-30 10:53:15,822 [DEBUG] [MainThread] [qasync._windows._EventPoller/_windows.py:218]: Stopping worker thread...
2025-07-30 10:53:15,836 [DEBUG] [Dummy-11] [qasync._windows._EventWorker/_windows.py:201]: Exiting thread
2025-07-30 10:53:15,836 [DEBUG] [MainThread] [qasync._windows._IocpProactor/_windows.py:75]: Closing
2025-07-30 10:53:15,846 [ERROR] [Dummy-26] [root/event_service.py:32]: Failed to emit signal <bound PYQT_SIGNAL window_name_change of ActiveWindowWidget object at 0x000001D097CEF930>. Removing link to WinEvent.EventObjectStateChange.
2025-07-30 10:53:15,864 [DEBUG] [MainThread] [systray_widget/utils.py:96]: Destroying window 197414
2025-07-30 10:53:15,864 [DEBUG] [MainThread] [systray_widget/utils.py:96]: Destroying window 262484
2025-07-30 16:15:27,725 [INFO] [MainThread] [root/log.py:59]: YASB v1.7.7
2025-07-30 16:15:27,726 [INFO] [Thread-1 (_run_server)] [cli_server/cli_server.py:212]: CLI server started v1.1.2
2025-07-30 16:15:27,726 [INFO] [MainThread] [cli_server/cli_server.py:104]: Log pipe server started
2025-07-30 16:15:27,821 [DEBUG] [MainThread] [tzlocal/win32.py:55]: Looking up time zone info from registry
2025-07-30 16:15:28,040 [DEBUG] [MainThread] [comtypes/__init__.py:149]: CoInitializeEx(None, 2)
2025-07-30 16:15:29,021 [INFO] [MainThread] [root/bar_manager.py:74]: Starting KomorebiEventListener...
2025-07-30 16:15:29,024 [INFO] [MainThread] [root/bar_manager.py:74]: Starting SystemEventListener...
2025-07-30 16:15:29,025 [INFO] [MainThread] [root/watcher.py:54]: Created file watcher for path C:\Users\Mimi\.config\yasb
2025-07-30 16:15:29,068 [INFO] [Dummy-7] [root/event_listener.py:51]: Created named pipe yasb-a537e027-6d4f-11f0-844d-10ffe07f117f
2025-07-30 16:15:29,090 [DEBUG] [MainThread] [qasync._windows._EventPoller/_windows.py:213]: Starting (proactor: <_IocpProactor overlapped#=0 result#=0>)...
2025-07-30 16:15:29,092 [DEBUG] [Dummy-11] [qasync._windows._EventWorker/_windows.py:192]: Thread started
2025-07-30 16:15:29,104 [DEBUG] [MainThread] [systray_widget/systray.py:517]: Loading state from C:\Users\Mimi\AppData\Local\YASB\systray_state_ASUSTEKCOMPUTERINCVG279QMNALMQS093971.json
2025-07-30 16:15:29,109 [DEBUG] [TrayMonitor] [systray_widget/systray.py:58]: Systray thread is starting...
2025-07-30 16:15:29,109 [DEBUG] [TaskbarService] [systray_widget/systray.py:72]: TaskbarService thread is starting...
2025-07-30 16:15:29,111 [DEBUG] [MainThread] [systray_widget/systray.py:517]: Loading state from C:\Users\Mimi\AppData\Local\YASB\systray_state_ACERTECHNOLOGIESXB271HUAASOKGNKECGZD.json
2025-07-30 16:15:29,189 [DEBUG] [TaskbarService] [root/tasks_service.py:75]: Found yasb systray hwnd: 66976
2025-07-30 16:15:29,189 [DEBUG] [TaskbarService] [systray_widget/tasks_service.py:81]: Adding TaskbandHWND prop to hwnd 66976
2025-07-30 16:15:29,235 [DEBUG] [MainThread] [systray_widget/systray.py:267]: Systray thread started
2025-07-30 16:15:29,435 [DEBUG] [TaskbarService] [systray_widget/tasks_service.py:81]: Adding TaskbandHWND prop to hwnd 66976
2025-07-30 16:15:29,435 [DEBUG] [TrayMonitor] [systray_widget/tray_monitor.py:208]: Finding real tray hwnd
2025-07-30 16:15:29,440 [DEBUG] [MainThread] [systray_widget/tray_monitor.py:144]: Sending TaskbarCreated message: 49246
2025-07-30 16:15:30,601 [DEBUG] [MainThread] [systray_widget/systray.py:455]: Re-sorting widgets
2025-07-30 16:15:30,602 [DEBUG] [MainThread] [systray_widget/systray.py:477]: Updating current state
2025-07-30 16:15:30,603 [DEBUG] [MainThread] [systray_widget/systray.py:455]: Re-sorting widgets
2025-07-30 16:15:30,603 [DEBUG] [MainThread] [systray_widget/systray.py:477]: Updating current state
2025-07-30 16:15:34,412 [DEBUG] [MainThread] [systray_widget/systray.py:455]: Re-sorting widgets
2025-07-30 16:15:34,412 [DEBUG] [MainThread] [systray_widget/systray.py:477]: Updating current state
2025-07-30 16:15:34,413 [DEBUG] [MainThread] [systray_widget/systray.py:455]: Re-sorting widgets
2025-07-30 16:15:34,413 [DEBUG] [MainThread] [systray_widget/systray.py:477]: Updating current state
2025-07-30 16:15:38,600 [DEBUG] [MainThread] [systray_widget/systray.py:455]: Re-sorting widgets
2025-07-30 16:15:38,600 [DEBUG] [MainThread] [systray_widget/systray.py:477]: Updating current state
2025-07-30 16:15:38,600 [DEBUG] [MainThread] [systray_widget/systray.py:455]: Re-sorting widgets
2025-07-30 16:15:38,600 [DEBUG] [MainThread] [systray_widget/systray.py:477]: Updating current state
2025-07-30 16:15:42,736 [INFO] [MainThread] [root/controller.py:30]: Exiting Application from tray...
2025-07-30 16:15:42,847 [INFO] [MainThread] [cli_server/cli_server.py:112]: Log pipe server stopped
2025-07-30 16:15:42,847 [DEBUG] [MainThread] [cli_server/cli_server.py:206]: CLI server stopped
2025-07-30 16:15:42,847 [DEBUG] [MainThread] [systray_widget/systray.py:477]: Updating current state
2025-07-30 16:15:42,847 [DEBUG] [MainThread] [systray_widget/systray.py:495]: Saving state to disk
2025-07-30 16:15:42,847 [DEBUG] [MainThread] [systray_widget/systray.py:499]: Saving state to C:\Users\Mimi\AppData\Local\YASB\systray_state_ASUSTEKCOMPUTERINCVG279QMNALMQS093971.json
2025-07-30 16:15:42,848 [DEBUG] [MainThread] [systray_widget/systray.py:477]: Updating current state
2025-07-30 16:15:42,848 [DEBUG] [MainThread] [systray_widget/systray.py:495]: Saving state to disk
2025-07-30 16:15:42,848 [DEBUG] [MainThread] [systray_widget/systray.py:499]: Saving state to C:\Users\Mimi\AppData\Local\YASB\systray_state_ACERTECHNOLOGIESXB271HUAASOKGNKECGZD.json
2025-07-30 16:15:42,849 [DEBUG] [MainThread] [qasync._windows._EventPoller/_windows.py:218]: Stopping worker thread...
2025-07-30 16:15:42,863 [DEBUG] [Dummy-11] [qasync._windows._EventWorker/_windows.py:201]: Exiting thread
2025-07-30 16:15:42,863 [DEBUG] [MainThread] [qasync._windows._IocpProactor/_windows.py:75]: Closing
2025-07-30 16:15:42,880 [DEBUG] [MainThread] [systray_widget/utils.py:96]: Destroying window 66980
2025-07-30 16:15:42,880 [DEBUG] [MainThread] [systray_widget/utils.py:96]: Destroying window 66976
2025-07-31 02:51:32,090 [INFO] [MainThread] [root/log.py:59]: YASB v1.7.7
2025-07-31 02:51:32,091 [INFO] [Thread-1 (_run_server)] [cli_server/cli_server.py:212]: CLI server started v1.1.2
2025-07-31 02:51:32,091 [INFO] [MainThread] [cli_server/cli_server.py:104]: Log pipe server started
2025-07-31 02:51:32,435 [DEBUG] [MainThread] [tzlocal/win32.py:55]: Looking up time zone info from registry
2025-07-31 02:51:32,738 [DEBUG] [MainThread] [comtypes/__init__.py:149]: CoInitializeEx(None, 2)
2025-07-31 02:51:33,735 [INFO] [MainThread] [root/bar_manager.py:74]: Starting KomorebiEventListener...
2025-07-31 02:51:33,736 [INFO] [MainThread] [root/bar_manager.py:74]: Starting SystemEventListener...
2025-07-31 02:51:33,736 [INFO] [MainThread] [root/watcher.py:54]: Created file watcher for path C:\Users\Mimi\.config\yasb
2025-07-31 02:51:33,778 [INFO] [Dummy-7] [root/event_listener.py:51]: Created named pipe yasb-8128ef77-6da8-11f0-814d-10ffe07f117f
2025-07-31 02:51:33,794 [DEBUG] [MainThread] [qasync._windows._EventPoller/_windows.py:213]: Starting (proactor: <_IocpProactor overlapped#=0 result#=0>)...
2025-07-31 02:51:33,795 [DEBUG] [Dummy-9] [qasync._windows._EventWorker/_windows.py:192]: Thread started
2025-07-31 02:51:33,803 [DEBUG] [MainThread] [systray_widget/systray.py:517]: Loading state from C:\Users\Mimi\AppData\Local\YASB\systray_state_ASUSTEKCOMPUTERINCVG279QMNALMQS093971.json
2025-07-31 02:51:33,805 [DEBUG] [TrayMonitor] [systray_widget/systray.py:58]: Systray thread is starting...
2025-07-31 02:51:33,805 [DEBUG] [TaskbarService] [systray_widget/systray.py:72]: TaskbarService thread is starting...
2025-07-31 02:51:33,807 [DEBUG] [MainThread] [systray_widget/systray.py:517]: Loading state from C:\Users\Mimi\AppData\Local\YASB\systray_state_ACERTECHNOLOGIESXB271HUAASOKGNKECGZD.json
2025-07-31 02:51:33,861 [DEBUG] [TaskbarService] [root/tasks_service.py:75]: Found yasb systray hwnd: 132378
2025-07-31 02:51:33,861 [DEBUG] [TaskbarService] [systray_widget/tasks_service.py:81]: Adding TaskbandHWND prop to hwnd 132378
2025-07-31 02:51:33,907 [DEBUG] [MainThread] [systray_widget/systray.py:267]: Systray thread started
2025-07-31 02:51:34,108 [DEBUG] [TaskbarService] [systray_widget/tasks_service.py:81]: Adding TaskbandHWND prop to hwnd 132378
2025-07-31 02:51:34,108 [DEBUG] [TrayMonitor] [systray_widget/tray_monitor.py:208]: Finding real tray hwnd
2025-07-31 02:51:34,114 [DEBUG] [MainThread] [systray_widget/tray_monitor.py:144]: Sending TaskbarCreated message: 49246
2025-07-31 02:51:35,276 [DEBUG] [MainThread] [systray_widget/systray.py:455]: Re-sorting widgets
2025-07-31 02:51:35,277 [DEBUG] [MainThread] [systray_widget/systray.py:477]: Updating current state
2025-07-31 02:51:35,277 [DEBUG] [MainThread] [systray_widget/systray.py:455]: Re-sorting widgets
2025-07-31 02:51:35,277 [DEBUG] [MainThread] [systray_widget/systray.py:477]: Updating current state
2025-07-31 02:51:37,400 [DEBUG] [MainThread] [systray_widget/systray.py:455]: Re-sorting widgets
2025-07-31 02:51:37,400 [DEBUG] [MainThread] [systray_widget/systray.py:477]: Updating current state
2025-07-31 02:51:37,400 [DEBUG] [MainThread] [systray_widget/systray.py:455]: Re-sorting widgets
2025-07-31 02:51:37,401 [DEBUG] [MainThread] [systray_widget/systray.py:477]: Updating current state
2025-07-31 02:51:40,837 [DEBUG] [MainThread] [systray_widget/systray.py:455]: Re-sorting widgets
2025-07-31 02:51:40,837 [DEBUG] [MainThread] [systray_widget/systray.py:477]: Updating current state
2025-07-31 02:51:40,837 [DEBUG] [MainThread] [systray_widget/systray.py:455]: Re-sorting widgets
2025-07-31 02:51:40,838 [DEBUG] [MainThread] [systray_widget/systray.py:477]: Updating current state
2025-07-31 02:51:47,572 [DEBUG] [MainThread] [systray_widget/systray.py:455]: Re-sorting widgets
2025-07-31 02:51:47,572 [DEBUG] [MainThread] [systray_widget/systray.py:477]: Updating current state
2025-07-31 02:51:47,572 [DEBUG] [MainThread] [systray_widget/systray.py:455]: Re-sorting widgets
2025-07-31 02:51:47,572 [DEBUG] [MainThread] [systray_widget/systray.py:477]: Updating current state
2025-07-31 02:57:54,860 [INFO] [MainThread] [root/controller.py:30]: Exiting Application from tray...
2025-07-31 02:57:54,974 [INFO] [MainThread] [cli_server/cli_server.py:112]: Log pipe server stopped
2025-07-31 02:57:54,974 [DEBUG] [MainThread] [cli_server/cli_server.py:206]: CLI server stopped
2025-07-31 02:57:54,974 [DEBUG] [MainThread] [systray_widget/systray.py:477]: Updating current state
2025-07-31 02:57:54,974 [DEBUG] [MainThread] [systray_widget/systray.py:495]: Saving state to disk
2025-07-31 02:57:54,975 [DEBUG] [MainThread] [systray_widget/systray.py:499]: Saving state to C:\Users\Mimi\AppData\Local\YASB\systray_state_ASUSTEKCOMPUTERINCVG279QMNALMQS093971.json
2025-07-31 02:57:54,975 [DEBUG] [MainThread] [systray_widget/systray.py:477]: Updating current state
2025-07-31 02:57:54,975 [DEBUG] [MainThread] [systray_widget/systray.py:495]: Saving state to disk
2025-07-31 02:57:54,976 [DEBUG] [MainThread] [systray_widget/systray.py:499]: Saving state to C:\Users\Mimi\AppData\Local\YASB\systray_state_ACERTECHNOLOGIESXB271HUAASOKGNKECGZD.json
2025-07-31 02:57:54,976 [DEBUG] [MainThread] [qasync._windows._EventPoller/_windows.py:218]: Stopping worker thread...
2025-07-31 02:57:54,991 [DEBUG] [Dummy-9] [qasync._windows._EventWorker/_windows.py:201]: Exiting thread
2025-07-31 02:57:54,991 [DEBUG] [MainThread] [qasync._windows._IocpProactor/_windows.py:75]: Closing
2025-07-31 02:57:55,003 [ERROR] [Dummy-160] [root/event_service.py:32]: Failed to emit signal <bound PYQT_SIGNAL window_name_change of ActiveWindowWidget object at 0x00000223B836F930>. Removing link to WinEvent.EventObjectStateChange.
2025-07-31 02:57:55,015 [DEBUG] [MainThread] [systray_widget/utils.py:96]: Destroying window 66856
2025-07-31 02:57:55,015 [DEBUG] [MainThread] [systray_widget/utils.py:96]: Destroying window 132378
2025-08-01 04:09:59,233 [INFO] [MainThread] [root/log.py:59]: YASB v1.7.7
2025-08-01 04:09:59,234 [INFO] [Thread-1 (_run_server)] [cli_server/cli_server.py:212]: CLI server started v1.1.2
2025-08-01 04:09:59,234 [INFO] [MainThread] [cli_server/cli_server.py:104]: Log pipe server started
2025-08-01 04:09:59,629 [DEBUG] [MainThread] [tzlocal/win32.py:55]: Looking up time zone info from registry
2025-08-01 04:09:59,912 [DEBUG] [MainThread] [comtypes/__init__.py:149]: CoInitializeEx(None, 2)
2025-08-01 04:10:01,071 [INFO] [MainThread] [root/bar_manager.py:74]: Starting KomorebiEventListener...
2025-08-01 04:10:01,073 [INFO] [MainThread] [root/bar_manager.py:74]: Starting SystemEventListener...
2025-08-01 04:10:01,073 [INFO] [MainThread] [root/watcher.py:54]: Created file watcher for path C:\Users\Mimi\.config\yasb
2025-08-01 04:10:01,105 [INFO] [Dummy-7] [root/event_listener.py:51]: Created named pipe yasb-a15d64ab-6e7c-11f0-82ff-10ffe07f117f
2025-08-01 04:10:01,136 [DEBUG] [MainThread] [qasync._windows._EventPoller/_windows.py:213]: Starting (proactor: <_IocpProactor overlapped#=0 result#=0>)...
2025-08-01 04:10:01,139 [DEBUG] [Dummy-11] [qasync._windows._EventWorker/_windows.py:192]: Thread started
2025-08-01 04:10:01,145 [DEBUG] [MainThread] [systray_widget/systray.py:517]: Loading state from C:\Users\Mimi\AppData\Local\YASB\systray_state_ASUSTEKCOMPUTERINCVG279QMNALMQS093971.json
2025-08-01 04:10:01,149 [DEBUG] [TaskbarService] [systray_widget/systray.py:72]: TaskbarService thread is starting...
2025-08-01 04:10:01,149 [DEBUG] [TrayMonitor] [systray_widget/systray.py:58]: Systray thread is starting...
2025-08-01 04:10:01,150 [DEBUG] [MainThread] [systray_widget/systray.py:517]: Loading state from C:\Users\Mimi\AppData\Local\YASB\systray_state_ACERTECHNOLOGIESXB271HUAASOKGNKECGZD.json
2025-08-01 04:10:01,227 [DEBUG] [TaskbarService] [root/tasks_service.py:75]: Found yasb systray hwnd: 66790
2025-08-01 04:10:01,227 [DEBUG] [TaskbarService] [systray_widget/tasks_service.py:81]: Adding TaskbandHWND prop to hwnd 66790
2025-08-01 04:10:01,304 [DEBUG] [MainThread] [systray_widget/systray.py:267]: Systray thread started
2025-08-01 04:10:01,506 [DEBUG] [TaskbarService] [systray_widget/tasks_service.py:81]: Adding TaskbandHWND prop to hwnd 66790
2025-08-01 04:10:01,506 [DEBUG] [TrayMonitor] [systray_widget/tray_monitor.py:208]: Finding real tray hwnd
2025-08-01 04:10:01,511 [DEBUG] [MainThread] [systray_widget/tray_monitor.py:144]: Sending TaskbarCreated message: 49246
2025-08-01 04:10:02,696 [DEBUG] [MainThread] [systray_widget/systray.py:455]: Re-sorting widgets
2025-08-01 04:10:02,698 [DEBUG] [MainThread] [systray_widget/systray.py:477]: Updating current state
2025-08-01 04:10:02,698 [DEBUG] [MainThread] [systray_widget/systray.py:455]: Re-sorting widgets
2025-08-01 04:10:02,698 [DEBUG] [MainThread] [systray_widget/systray.py:477]: Updating current state
2025-08-01 04:10:08,856 [DEBUG] [MainThread] [systray_widget/systray.py:455]: Re-sorting widgets
2025-08-01 04:10:08,856 [DEBUG] [MainThread] [systray_widget/systray.py:477]: Updating current state
2025-08-01 04:10:08,856 [DEBUG] [MainThread] [systray_widget/systray.py:455]: Re-sorting widgets
2025-08-01 04:10:08,856 [DEBUG] [MainThread] [systray_widget/systray.py:477]: Updating current state
2025-08-01 04:10:10,399 [DEBUG] [MainThread] [systray_widget/systray.py:455]: Re-sorting widgets
2025-08-01 04:10:10,400 [DEBUG] [MainThread] [systray_widget/systray.py:477]: Updating current state
2025-08-01 04:10:10,400 [DEBUG] [MainThread] [systray_widget/systray.py:455]: Re-sorting widgets
2025-08-01 04:10:10,400 [DEBUG] [MainThread] [systray_widget/systray.py:477]: Updating current state
2025-08-01 04:13:34,388 [INFO] [MainThread] [root/controller.py:30]: Exiting Application from tray...
2025-08-01 04:13:34,499 [INFO] [MainThread] [cli_server/cli_server.py:112]: Log pipe server stopped
2025-08-01 04:13:34,499 [DEBUG] [MainThread] [cli_server/cli_server.py:206]: CLI server stopped
2025-08-01 04:13:34,499 [DEBUG] [MainThread] [systray_widget/systray.py:477]: Updating current state
2025-08-01 04:13:34,499 [DEBUG] [MainThread] [systray_widget/systray.py:495]: Saving state to disk
2025-08-01 04:13:34,500 [DEBUG] [MainThread] [systray_widget/systray.py:499]: Saving state to C:\Users\Mimi\AppData\Local\YASB\systray_state_ASUSTEKCOMPUTERINCVG279QMNALMQS093971.json
2025-08-01 04:13:34,500 [DEBUG] [MainThread] [systray_widget/systray.py:477]: Updating current state
2025-08-01 04:13:34,500 [DEBUG] [MainThread] [systray_widget/systray.py:495]: Saving state to disk
2025-08-01 04:13:34,501 [DEBUG] [MainThread] [systray_widget/systray.py:499]: Saving state to C:\Users\Mimi\AppData\Local\YASB\systray_state_ACERTECHNOLOGIESXB271HUAASOKGNKECGZD.json
2025-08-01 04:13:34,501 [DEBUG] [MainThread] [qasync._windows._EventPoller/_windows.py:218]: Stopping worker thread...
2025-08-01 04:13:34,515 [DEBUG] [Dummy-11] [qasync._windows._EventWorker/_windows.py:201]: Exiting thread
2025-08-01 04:13:34,515 [DEBUG] [MainThread] [qasync._windows._IocpProactor/_windows.py:75]: Closing
2025-08-01 04:13:34,532 [ERROR] [Dummy-96] [root/event_service.py:32]: Failed to emit signal <bound PYQT_SIGNAL foreground_change of ActiveWindowWidget object at 0x0000018F0BA51DB0>. Removing link to WinEvent.EventSystemForeground.
2025-08-01 04:13:34,540 [ERROR] [Dummy-96] [root/event_service.py:32]: Failed to emit signal <bound PYQT_SIGNAL window_name_change of ActiveWindowWidget object at 0x0000018F0AF6F930>. Removing link to WinEvent.EventObjectStateChange.
2025-08-01 04:13:34,551 [DEBUG] [MainThread] [systray_widget/utils.py:96]: Destroying window 66786
2025-08-01 04:13:34,551 [DEBUG] [MainThread] [systray_widget/utils.py:96]: Destroying window 66790
2025-08-02 04:48:42,052 [INFO] [MainThread] [root/log.py:59]: YASB v1.7.7
2025-08-02 04:48:42,053 [INFO] [Thread-1 (_run_server)] [cli_server/cli_server.py:212]: CLI server started v1.1.2
2025-08-02 04:48:42,053 [INFO] [MainThread] [cli_server/cli_server.py:104]: Log pipe server started
2025-08-02 04:48:42,149 [DEBUG] [MainThread] [tzlocal/win32.py:55]: Looking up time zone info from registry
2025-08-02 04:48:42,380 [DEBUG] [MainThread] [comtypes/__init__.py:149]: CoInitializeEx(None, 2)
2025-08-02 04:48:43,511 [INFO] [MainThread] [root/bar_manager.py:74]: Starting SystemEventListener...
2025-08-02 04:48:43,512 [INFO] [MainThread] [root/bar_manager.py:74]: Starting KomorebiEventListener...
2025-08-02 04:48:43,512 [INFO] [MainThread] [root/watcher.py:54]: Created file watcher for path C:\Users\Mimi\.config\yasb
2025-08-02 04:48:43,569 [INFO] [Dummy-7] [root/event_listener.py:51]: Created named pipe yasb-340f1c81-6f4b-11f0-afe5-10ffe07f117f
2025-08-02 04:48:43,586 [DEBUG] [MainThread] [qasync._windows._EventPoller/_windows.py:213]: Starting (proactor: <_IocpProactor overlapped#=0 result#=0>)...
2025-08-02 04:48:43,586 [DEBUG] [Dummy-11] [qasync._windows._EventWorker/_windows.py:192]: Thread started
2025-08-02 04:48:43,600 [DEBUG] [MainThread] [systray_widget/systray.py:517]: Loading state from C:\Users\Mimi\AppData\Local\YASB\systray_state_ASUSTEKCOMPUTERINCVG279QMNALMQS093971.json
2025-08-02 04:48:43,605 [DEBUG] [TrayMonitor] [systray_widget/systray.py:58]: Systray thread is starting...
2025-08-02 04:48:43,605 [DEBUG] [TaskbarService] [systray_widget/systray.py:72]: TaskbarService thread is starting...
2025-08-02 04:48:43,607 [DEBUG] [MainThread] [systray_widget/systray.py:517]: Loading state from C:\Users\Mimi\AppData\Local\YASB\systray_state_ACERTECHNOLOGIESXB271HUAASOKGNKECGZD.json
2025-08-02 04:48:43,685 [DEBUG] [TaskbarService] [root/tasks_service.py:75]: Found yasb systray hwnd: 66784
2025-08-02 04:48:43,685 [DEBUG] [TaskbarService] [systray_widget/tasks_service.py:81]: Adding TaskbandHWND prop to hwnd 66784
2025-08-02 04:48:43,737 [DEBUG] [MainThread] [systray_widget/systray.py:267]: Systray thread started
2025-08-02 04:48:43,939 [DEBUG] [TaskbarService] [systray_widget/tasks_service.py:81]: Adding TaskbandHWND prop to hwnd 66784
2025-08-02 04:48:43,939 [DEBUG] [TrayMonitor] [systray_widget/tray_monitor.py:208]: Finding real tray hwnd
2025-08-02 04:48:43,944 [DEBUG] [MainThread] [systray_widget/tray_monitor.py:144]: Sending TaskbarCreated message: 49245
2025-08-02 04:48:44,947 [DEBUG] [MainThread] [systray_widget/systray.py:455]: Re-sorting widgets
2025-08-02 04:48:44,948 [DEBUG] [MainThread] [systray_widget/systray.py:477]: Updating current state
2025-08-02 04:48:44,948 [DEBUG] [MainThread] [systray_widget/systray.py:455]: Re-sorting widgets
2025-08-02 04:48:44,948 [DEBUG] [MainThread] [systray_widget/systray.py:477]: Updating current state
2025-08-02 04:48:51,775 [DEBUG] [MainThread] [systray_widget/systray.py:455]: Re-sorting widgets
2025-08-02 04:48:51,775 [DEBUG] [MainThread] [systray_widget/systray.py:477]: Updating current state
2025-08-02 04:48:51,775 [DEBUG] [MainThread] [systray_widget/systray.py:455]: Re-sorting widgets
2025-08-02 04:48:51,775 [DEBUG] [MainThread] [systray_widget/systray.py:477]: Updating current state
2025-08-02 04:48:52,955 [ERROR] [TrayMonitor] [root/app_icons.py:215]: GetIconInfo failed: 0
2025-08-02 04:48:52,960 [ERROR] [TrayMonitor] [root/app_icons.py:215]: GetIconInfo failed: 0
2025-08-02 04:48:53,945 [DEBUG] [MainThread] [systray_widget/systray.py:455]: Re-sorting widgets
2025-08-02 04:48:53,945 [DEBUG] [MainThread] [systray_widget/systray.py:477]: Updating current state
2025-08-02 04:48:53,945 [DEBUG] [MainThread] [systray_widget/systray.py:455]: Re-sorting widgets
2025-08-02 04:48:53,945 [DEBUG] [MainThread] [systray_widget/systray.py:477]: Updating current state
2025-08-02 04:48:56,229 [DEBUG] [MainThread] [systray_widget/systray.py:455]: Re-sorting widgets
2025-08-02 04:48:56,230 [DEBUG] [MainThread] [systray_widget/systray.py:477]: Updating current state
2025-08-02 04:48:56,246 [DEBUG] [MainThread] [systray_widget/systray.py:455]: Re-sorting widgets
2025-08-02 04:48:56,247 [DEBUG] [MainThread] [systray_widget/systray.py:477]: Updating current state
2025-08-02 04:48:58,821 [DEBUG] [MainThread] [systray_widget/systray.py:455]: Re-sorting widgets
2025-08-02 04:48:58,821 [DEBUG] [MainThread] [systray_widget/systray.py:477]: Updating current state
2025-08-02 04:48:58,821 [DEBUG] [MainThread] [systray_widget/systray.py:455]: Re-sorting widgets
2025-08-02 04:48:58,821 [DEBUG] [MainThread] [systray_widget/systray.py:477]: Updating current state
2025-08-02 04:50:32,555 [INFO] [MainThread] [root/controller.py:30]: Exiting Application from tray...
2025-08-02 04:50:32,667 [INFO] [MainThread] [cli_server/cli_server.py:112]: Log pipe server stopped
2025-08-02 04:50:32,667 [DEBUG] [MainThread] [cli_server/cli_server.py:206]: CLI server stopped
2025-08-02 04:50:32,667 [DEBUG] [MainThread] [systray_widget/systray.py:477]: Updating current state
2025-08-02 04:50:32,667 [DEBUG] [MainThread] [systray_widget/systray.py:495]: Saving state to disk
2025-08-02 04:50:32,667 [DEBUG] [MainThread] [systray_widget/systray.py:499]: Saving state to C:\Users\Mimi\AppData\Local\YASB\systray_state_ASUSTEKCOMPUTERINCVG279QMNALMQS093971.json
2025-08-02 04:50:32,668 [DEBUG] [MainThread] [systray_widget/systray.py:477]: Updating current state
2025-08-02 04:50:32,668 [DEBUG] [MainThread] [systray_widget/systray.py:495]: Saving state to disk
2025-08-02 04:50:32,668 [DEBUG] [MainThread] [systray_widget/systray.py:499]: Saving state to C:\Users\Mimi\AppData\Local\YASB\systray_state_ACERTECHNOLOGIESXB271HUAASOKGNKECGZD.json
2025-08-02 04:50:32,669 [DEBUG] [MainThread] [qasync._windows._EventPoller/_windows.py:218]: Stopping worker thread...
2025-08-02 04:50:32,683 [DEBUG] [Dummy-11] [qasync._windows._EventWorker/_windows.py:201]: Exiting thread
2025-08-02 04:50:32,683 [DEBUG] [MainThread] [qasync._windows._IocpProactor/_windows.py:75]: Closing
2025-08-02 04:50:32,692 [ERROR] [Dummy-54] [root/event_service.py:32]: Failed to emit signal <bound PYQT_SIGNAL window_name_change of ActiveWindowWidget object at 0x000001DB6E3BF930>. Removing link to WinEvent.EventObjectStateChange.
2025-08-02 04:50:32,709 [DEBUG] [MainThread] [systray_widget/utils.py:96]: Destroying window 66788
2025-08-02 04:50:32,709 [DEBUG] [MainThread] [systray_widget/utils.py:96]: Destroying window 66784
2025-08-03 06:31:44,876 [INFO] [MainThread] [root/log.py:59]: YASB v1.7.7
2025-08-03 06:31:44,878 [INFO] [Thread-1 (_run_server)] [cli_server/cli_server.py:212]: CLI server started v1.1.2
2025-08-03 06:31:44,878 [INFO] [MainThread] [cli_server/cli_server.py:104]: Log pipe server started
2025-08-03 06:31:44,974 [DEBUG] [MainThread] [tzlocal/win32.py:55]: Looking up time zone info from registry
2025-08-03 06:31:45,189 [DEBUG] [MainThread] [comtypes/__init__.py:149]: CoInitializeEx(None, 2)
2025-08-03 06:31:46,499 [INFO] [MainThread] [root/bar_manager.py:74]: Starting SystemEventListener...
2025-08-03 06:31:46,502 [INFO] [MainThread] [root/bar_manager.py:74]: Starting KomorebiEventListener...
2025-08-03 06:31:46,502 [INFO] [MainThread] [root/watcher.py:54]: Created file watcher for path C:\Users\Mimi\.config\yasb
2025-08-03 06:31:46,552 [INFO] [Dummy-7] [root/event_listener.py:51]: Created named pipe yasb-c3d24ab3-7022-11f0-a180-10ffe07f117f
2025-08-03 06:31:46,572 [DEBUG] [MainThread] [qasync._windows._EventPoller/_windows.py:213]: Starting (proactor: <_IocpProactor overlapped#=0 result#=0>)...
2025-08-03 06:31:46,574 [DEBUG] [Dummy-11] [qasync._windows._EventWorker/_windows.py:192]: Thread started
2025-08-03 06:31:46,590 [DEBUG] [MainThread] [systray_widget/systray.py:517]: Loading state from C:\Users\Mimi\AppData\Local\YASB\systray_state_ASUSTEKCOMPUTERINCVG279QMNALMQS093971.json
2025-08-03 06:31:46,594 [DEBUG] [TrayMonitor] [systray_widget/systray.py:58]: Systray thread is starting...
2025-08-03 06:31:46,594 [DEBUG] [TaskbarService] [systray_widget/systray.py:72]: TaskbarService thread is starting...
2025-08-03 06:31:46,597 [DEBUG] [MainThread] [systray_widget/systray.py:517]: Loading state from C:\Users\Mimi\AppData\Local\YASB\systray_state_ACERTECHNOLOGIESXB271HUAASOKGNKECGZD.json
2025-08-03 06:31:46,677 [DEBUG] [TaskbarService] [root/tasks_service.py:75]: Found yasb systray hwnd: 66828
2025-08-03 06:31:46,677 [DEBUG] [TaskbarService] [systray_widget/tasks_service.py:81]: Adding TaskbandHWND prop to hwnd 66828
2025-08-03 06:31:46,747 [DEBUG] [MainThread] [systray_widget/systray.py:267]: Systray thread started
2025-08-03 06:31:46,948 [DEBUG] [TaskbarService] [systray_widget/tasks_service.py:81]: Adding TaskbandHWND prop to hwnd 66828
2025-08-03 06:31:46,948 [DEBUG] [TrayMonitor] [systray_widget/tray_monitor.py:208]: Finding real tray hwnd
2025-08-03 06:31:46,955 [DEBUG] [MainThread] [systray_widget/tray_monitor.py:144]: Sending TaskbarCreated message: 49245
2025-08-03 06:31:48,135 [DEBUG] [MainThread] [systray_widget/systray.py:455]: Re-sorting widgets
2025-08-03 06:31:48,137 [DEBUG] [MainThread] [systray_widget/systray.py:477]: Updating current state
2025-08-03 06:31:48,138 [DEBUG] [MainThread] [systray_widget/systray.py:455]: Re-sorting widgets
2025-08-03 06:31:48,138 [DEBUG] [MainThread] [systray_widget/systray.py:477]: Updating current state
2025-08-03 06:31:51,823 [DEBUG] [MainThread] [systray_widget/systray.py:455]: Re-sorting widgets
2025-08-03 06:31:51,823 [DEBUG] [MainThread] [systray_widget/systray.py:477]: Updating current state
2025-08-03 06:31:52,573 [DEBUG] [MainThread] [systray_widget/systray.py:455]: Re-sorting widgets
2025-08-03 06:31:52,574 [DEBUG] [MainThread] [systray_widget/systray.py:477]: Updating current state
2025-08-03 06:31:53,371 [ERROR] [TrayMonitor] [root/app_icons.py:215]: GetIconInfo failed: 0
2025-08-03 06:31:53,375 [ERROR] [TrayMonitor] [root/app_icons.py:215]: GetIconInfo failed: 0
2025-08-03 06:31:54,368 [DEBUG] [MainThread] [systray_widget/systray.py:455]: Re-sorting widgets
2025-08-03 06:31:54,368 [DEBUG] [MainThread] [systray_widget/systray.py:477]: Updating current state
2025-08-03 06:31:54,368 [DEBUG] [MainThread] [systray_widget/systray.py:455]: Re-sorting widgets
2025-08-03 06:31:54,368 [DEBUG] [MainThread] [systray_widget/systray.py:477]: Updating current state
2025-08-03 06:31:55,571 [DEBUG] [MainThread] [systray_widget/systray.py:455]: Re-sorting widgets
2025-08-03 06:31:55,571 [DEBUG] [MainThread] [systray_widget/systray.py:477]: Updating current state
2025-08-03 06:31:55,571 [DEBUG] [MainThread] [systray_widget/systray.py:455]: Re-sorting widgets
2025-08-03 06:31:55,571 [DEBUG] [MainThread] [systray_widget/systray.py:477]: Updating current state
2025-08-03 06:31:59,198 [DEBUG] [MainThread] [systray_widget/systray.py:455]: Re-sorting widgets
2025-08-03 06:31:59,198 [DEBUG] [MainThread] [systray_widget/systray.py:477]: Updating current state
2025-08-03 06:31:59,199 [DEBUG] [MainThread] [systray_widget/systray.py:455]: Re-sorting widgets
2025-08-03 06:31:59,199 [DEBUG] [MainThread] [systray_widget/systray.py:477]: Updating current state
2025-08-03 06:32:01,074 [DEBUG] [MainThread] [systray_widget/systray.py:455]: Re-sorting widgets
2025-08-03 06:32:01,074 [DEBUG] [MainThread] [systray_widget/systray.py:477]: Updating current state
2025-08-03 06:32:01,074 [DEBUG] [MainThread] [systray_widget/systray.py:455]: Re-sorting widgets
2025-08-03 06:32:01,074 [DEBUG] [MainThread] [systray_widget/systray.py:477]: Updating current state
2025-08-03 06:35:53,760 [DEBUG] [MainThread] [systray_widget/systray.py:455]: Re-sorting widgets
2025-08-03 06:35:53,761 [DEBUG] [MainThread] [systray_widget/systray.py:477]: Updating current state
2025-08-03 06:35:53,761 [DEBUG] [MainThread] [systray_widget/systray.py:455]: Re-sorting widgets
2025-08-03 06:35:53,761 [DEBUG] [MainThread] [systray_widget/systray.py:477]: Updating current state
2025-08-03 06:35:56,027 [DEBUG] [MainThread] [systray_widget/systray.py:455]: Re-sorting widgets
2025-08-03 06:35:56,027 [DEBUG] [MainThread] [systray_widget/systray.py:477]: Updating current state
2025-08-03 06:35:56,028 [DEBUG] [MainThread] [systray_widget/systray.py:455]: Re-sorting widgets
2025-08-03 06:35:56,028 [DEBUG] [MainThread] [systray_widget/systray.py:477]: Updating current state
2025-08-03 06:42:27,470 [INFO] [MainThread] [root/controller.py:30]: Exiting Application from tray...
2025-08-03 06:42:27,576 [INFO] [MainThread] [cli_server/cli_server.py:112]: Log pipe server stopped
2025-08-03 06:42:27,576 [DEBUG] [MainThread] [cli_server/cli_server.py:206]: CLI server stopped
2025-08-03 06:42:27,576 [DEBUG] [MainThread] [systray_widget/systray.py:477]: Updating current state
2025-08-03 06:42:27,576 [DEBUG] [MainThread] [systray_widget/systray.py:495]: Saving state to disk
2025-08-03 06:42:27,577 [DEBUG] [MainThread] [systray_widget/systray.py:499]: Saving state to C:\Users\Mimi\AppData\Local\YASB\systray_state_ASUSTEKCOMPUTERINCVG279QMNALMQS093971.json
2025-08-03 06:42:27,577 [DEBUG] [MainThread] [systray_widget/systray.py:477]: Updating current state
2025-08-03 06:42:27,577 [DEBUG] [MainThread] [systray_widget/systray.py:495]: Saving state to disk
2025-08-03 06:42:27,578 [DEBUG] [MainThread] [systray_widget/systray.py:499]: Saving state to C:\Users\Mimi\AppData\Local\YASB\systray_state_ACERTECHNOLOGIESXB271HUAASOKGNKECGZD.json
2025-08-03 06:42:27,578 [DEBUG] [MainThread] [qasync._windows._EventPoller/_windows.py:218]: Stopping worker thread...
2025-08-03 06:42:27,592 [DEBUG] [Dummy-11] [qasync._windows._EventWorker/_windows.py:201]: Exiting thread
2025-08-03 06:42:27,592 [DEBUG] [MainThread] [qasync._windows._IocpProactor/_windows.py:75]: Closing
2025-08-03 06:42:27,604 [ERROR] [Dummy-260] [root/event_service.py:32]: Failed to emit signal <bound PYQT_SIGNAL window_name_change of ActiveWindowWidget object at 0x000001CB5187F930>. Removing link to WinEvent.EventObjectStateChange.
2025-08-03 06:42:27,619 [DEBUG] [MainThread] [systray_widget/utils.py:96]: Destroying window 66832
2025-08-03 06:42:27,619 [DEBUG] [MainThread] [systray_widget/utils.py:96]: Destroying window 66828
2025-08-04 07:32:56,295 [INFO] [MainThread] [root/log.py:59]: YASB v1.7.7
2025-08-04 07:32:56,296 [INFO] [Thread-1 (_run_server)] [cli_server/cli_server.py:212]: CLI server started v1.1.2
2025-08-04 07:32:56,296 [INFO] [MainThread] [cli_server/cli_server.py:104]: Log pipe server started
2025-08-04 07:32:56,400 [DEBUG] [MainThread] [tzlocal/win32.py:55]: Looking up time zone info from registry
2025-08-04 07:32:57,040 [DEBUG] [MainThread] [comtypes/__init__.py:149]: CoInitializeEx(None, 2)
2025-08-04 07:32:59,024 [INFO] [MainThread] [root/bar_manager.py:74]: Starting KomorebiEventListener...
2025-08-04 07:32:59,033 [INFO] [MainThread] [root/bar_manager.py:74]: Starting SystemEventListener...
2025-08-04 07:32:59,033 [INFO] [MainThread] [root/watcher.py:54]: Created file watcher for path C:\Users\Mimi\.config\yasb
2025-08-04 07:32:59,184 [INFO] [Dummy-7] [root/event_listener.py:51]: Created named pipe yasb-7b3b77e4-70f4-11f0-b070-10ffe07f117f
2025-08-04 07:32:59,210 [DEBUG] [MainThread] [qasync._windows._EventPoller/_windows.py:213]: Starting (proactor: <_IocpProactor overlapped#=0 result#=0>)...
2025-08-04 07:32:59,211 [DEBUG] [Dummy-11] [qasync._windows._EventWorker/_windows.py:192]: Thread started
2025-08-04 07:32:59,266 [DEBUG] [MainThread] [systray_widget/systray.py:517]: Loading state from C:\Users\Mimi\AppData\Local\YASB\systray_state_ASUSTEKCOMPUTERINCVG279QMNALMQS093971.json
2025-08-04 07:32:59,276 [DEBUG] [TrayMonitor] [systray_widget/systray.py:58]: Systray thread is starting...
2025-08-04 07:32:59,276 [DEBUG] [TaskbarService] [systray_widget/systray.py:72]: TaskbarService thread is starting...
2025-08-04 07:32:59,278 [DEBUG] [MainThread] [systray_widget/systray.py:517]: Loading state from C:\Users\Mimi\AppData\Local\YASB\systray_state_ACERTECHNOLOGIESXB271HUAASOKGNKECGZD.json
2025-08-04 07:32:59,308 [DEBUG] [TaskbarService] [root/tasks_service.py:75]: Found yasb systray hwnd: 66806
2025-08-04 07:32:59,309 [DEBUG] [TaskbarService] [systray_widget/tasks_service.py:81]: Adding TaskbandHWND prop to hwnd 66806
2025-08-04 07:32:59,593 [DEBUG] [MainThread] [systray_widget/systray.py:267]: Systray thread started
2025-08-04 07:32:59,824 [DEBUG] [TaskbarService] [systray_widget/tasks_service.py:81]: Adding TaskbandHWND prop to hwnd 66806
2025-08-04 07:32:59,824 [DEBUG] [TrayMonitor] [systray_widget/tray_monitor.py:208]: Finding real tray hwnd
2025-08-04 07:32:59,829 [DEBUG] [MainThread] [systray_widget/tray_monitor.py:144]: Sending TaskbarCreated message: 49246
2025-08-04 07:33:00,839 [DEBUG] [MainThread] [systray_widget/systray.py:455]: Re-sorting widgets
2025-08-04 07:33:00,842 [DEBUG] [MainThread] [systray_widget/systray.py:477]: Updating current state
2025-08-04 07:33:00,846 [DEBUG] [MainThread] [systray_widget/systray.py:455]: Re-sorting widgets
2025-08-04 07:33:00,846 [DEBUG] [MainThread] [systray_widget/systray.py:477]: Updating current state
2025-08-04 07:33:09,260 [DEBUG] [MainThread] [systray_widget/systray.py:455]: Re-sorting widgets
2025-08-04 07:33:09,260 [DEBUG] [MainThread] [systray_widget/systray.py:477]: Updating current state
2025-08-04 07:33:09,261 [DEBUG] [MainThread] [systray_widget/systray.py:455]: Re-sorting widgets
2025-08-04 07:33:09,261 [DEBUG] [MainThread] [systray_widget/systray.py:477]: Updating current state
2025-08-04 07:33:10,648 [ERROR] [TrayMonitor] [root/app_icons.py:215]: GetIconInfo failed: 0
2025-08-04 07:33:10,652 [ERROR] [TrayMonitor] [root/app_icons.py:215]: GetIconInfo failed: 0
2025-08-04 07:33:11,633 [DEBUG] [MainThread] [systray_widget/systray.py:455]: Re-sorting widgets
2025-08-04 07:33:11,634 [DEBUG] [MainThread] [systray_widget/systray.py:477]: Updating current state
2025-08-04 07:33:11,634 [DEBUG] [MainThread] [systray_widget/systray.py:455]: Re-sorting widgets
2025-08-04 07:33:11,634 [DEBUG] [MainThread] [systray_widget/systray.py:477]: Updating current state
2025-08-04 07:33:13,464 [DEBUG] [MainThread] [systray_widget/systray.py:455]: Re-sorting widgets
2025-08-04 07:33:13,464 [DEBUG] [MainThread] [systray_widget/systray.py:477]: Updating current state
2025-08-04 07:33:13,603 [DEBUG] [MainThread] [systray_widget/systray.py:455]: Re-sorting widgets
2025-08-04 07:33:13,603 [DEBUG] [MainThread] [systray_widget/systray.py:477]: Updating current state
2025-08-04 07:33:14,682 [DEBUG] [MainThread] [systray_widget/systray.py:455]: Re-sorting widgets
2025-08-04 07:33:14,682 [DEBUG] [MainThread] [systray_widget/systray.py:477]: Updating current state
2025-08-04 07:33:14,682 [DEBUG] [MainThread] [systray_widget/systray.py:455]: Re-sorting widgets
2025-08-04 07:33:14,682 [DEBUG] [MainThread] [systray_widget/systray.py:477]: Updating current state
2025-08-04 07:33:17,258 [DEBUG] [MainThread] [systray_widget/systray.py:455]: Re-sorting widgets
2025-08-04 07:33:17,258 [DEBUG] [MainThread] [systray_widget/systray.py:477]: Updating current state
2025-08-04 07:33:17,259 [DEBUG] [MainThread] [systray_widget/systray.py:455]: Re-sorting widgets
2025-08-04 07:33:17,259 [DEBUG] [MainThread] [systray_widget/systray.py:477]: Updating current state
2025-08-04 07:33:18,493 [DEBUG] [MainThread] [systray_widget/systray.py:455]: Re-sorting widgets
2025-08-04 07:33:18,494 [DEBUG] [MainThread] [systray_widget/systray.py:477]: Updating current state
2025-08-04 07:33:18,494 [DEBUG] [MainThread] [systray_widget/systray.py:455]: Re-sorting widgets
2025-08-04 07:33:18,494 [DEBUG] [MainThread] [systray_widget/systray.py:477]: Updating current state
2025-08-04 07:42:42,791 [INFO] [MainThread] [root/controller.py:30]: Exiting Application from tray...
2025-08-04 07:42:42,893 [INFO] [MainThread] [cli_server/cli_server.py:112]: Log pipe server stopped
2025-08-04 07:42:42,893 [DEBUG] [MainThread] [cli_server/cli_server.py:206]: CLI server stopped
2025-08-04 07:42:42,893 [DEBUG] [MainThread] [systray_widget/systray.py:477]: Updating current state
2025-08-04 07:42:42,893 [DEBUG] [MainThread] [systray_widget/systray.py:495]: Saving state to disk
2025-08-04 07:42:42,894 [DEBUG] [MainThread] [systray_widget/systray.py:499]: Saving state to C:\Users\Mimi\AppData\Local\YASB\systray_state_ASUSTEKCOMPUTERINCVG279QMNALMQS093971.json
2025-08-04 07:42:42,894 [DEBUG] [MainThread] [systray_widget/systray.py:477]: Updating current state
2025-08-04 07:42:42,894 [DEBUG] [MainThread] [systray_widget/systray.py:495]: Saving state to disk
2025-08-04 07:42:42,895 [DEBUG] [MainThread] [systray_widget/systray.py:499]: Saving state to C:\Users\Mimi\AppData\Local\YASB\systray_state_ACERTECHNOLOGIESXB271HUAASOKGNKECGZD.json
2025-08-04 07:42:42,896 [DEBUG] [MainThread] [qasync._windows._EventPoller/_windows.py:218]: Stopping worker thread...
2025-08-04 07:42:42,908 [DEBUG] [Dummy-11] [qasync._windows._EventWorker/_windows.py:201]: Exiting thread
2025-08-04 07:42:42,908 [DEBUG] [MainThread] [qasync._windows._IocpProactor/_windows.py:75]: Closing
2025-08-04 07:42:42,915 [ERROR] [Dummy-236] [root/event_service.py:32]: Failed to emit signal <bound PYQT_SIGNAL window_name_change of ActiveWindowWidget object at 0x0000024565591D10>. Removing link to WinEvent.EventObjectNameChange.
2025-08-04 07:42:42,915 [ERROR] [Dummy-236] [root/event_service.py:32]: Failed to emit signal <bound PYQT_SIGNAL window_name_change of ActiveWindowWidget object at 0x0000024565591D10>. Removing link to WinEvent.EventObjectStateChange.
2025-08-04 07:42:42,917 [ERROR] [Dummy-236] [root/event_service.py:32]: Failed to emit signal <bound PYQT_SIGNAL window_name_change of ActiveWindowWidget object at 0x0000024564AAF930>. Removing link to WinEvent.EventObjectNameChange.
2025-08-04 07:42:42,917 [ERROR] [Dummy-236] [root/event_service.py:32]: Failed to emit signal <bound PYQT_SIGNAL window_name_change of ActiveWindowWidget object at 0x0000024564AAF930>. Removing link to WinEvent.EventObjectStateChange.
2025-08-04 07:42:42,934 [DEBUG] [MainThread] [systray_widget/utils.py:96]: Destroying window 66810
2025-08-04 07:42:42,934 [DEBUG] [MainThread] [systray_widget/utils.py:96]: Destroying window 66806
2025-08-05 09:28:57,761 [INFO] [MainThread] [root/log.py:59]: YASB v1.7.7
2025-08-05 09:28:57,762 [INFO] [Thread-1 (_run_server)] [cli_server/cli_server.py:212]: CLI server started v1.1.2
2025-08-05 09:28:57,762 [INFO] [MainThread] [cli_server/cli_server.py:104]: Log pipe server started
2025-08-05 09:28:57,855 [DEBUG] [MainThread] [tzlocal/win32.py:55]: Looking up time zone info from registry
2025-08-05 09:28:58,081 [DEBUG] [MainThread] [comtypes/__init__.py:149]: CoInitializeEx(None, 2)
2025-08-05 09:28:59,374 [INFO] [MainThread] [root/bar_manager.py:74]: Starting SystemEventListener...
2025-08-05 09:28:59,374 [INFO] [MainThread] [root/bar_manager.py:74]: Starting KomorebiEventListener...
2025-08-05 09:28:59,376 [INFO] [MainThread] [root/watcher.py:54]: Created file watcher for path C:\Users\Mimi\.config\yasb
2025-08-05 09:28:59,429 [INFO] [Dummy-7] [root/event_listener.py:51]: Created named pipe yasb-da55a00b-71cd-11f0-9043-10ffe07f117f
2025-08-05 09:28:59,448 [DEBUG] [MainThread] [qasync._windows._EventPoller/_windows.py:213]: Starting (proactor: <_IocpProactor overlapped#=0 result#=0>)...
2025-08-05 09:28:59,449 [DEBUG] [Dummy-11] [qasync._windows._EventWorker/_windows.py:192]: Thread started
2025-08-05 09:28:59,467 [DEBUG] [MainThread] [systray_widget/systray.py:517]: Loading state from C:\Users\Mimi\AppData\Local\YASB\systray_state_ASUSTEKCOMPUTERINCVG279QMNALMQS093971.json
2025-08-05 09:28:59,472 [DEBUG] [TrayMonitor] [systray_widget/systray.py:58]: Systray thread is starting...
2025-08-05 09:28:59,473 [DEBUG] [TaskbarService] [systray_widget/systray.py:72]: TaskbarService thread is starting...
2025-08-05 09:28:59,475 [DEBUG] [MainThread] [systray_widget/systray.py:517]: Loading state from C:\Users\Mimi\AppData\Local\YASB\systray_state_ACERTECHNOLOGIESXB271HUAASOKGNKECGZD.json
2025-08-05 09:28:59,558 [DEBUG] [TaskbarService] [root/tasks_service.py:75]: Found yasb systray hwnd: 66852
2025-08-05 09:28:59,558 [DEBUG] [TaskbarService] [systray_widget/tasks_service.py:81]: Adding TaskbandHWND prop to hwnd 66852
2025-08-05 09:28:59,626 [DEBUG] [MainThread] [systray_widget/systray.py:267]: Systray thread started
2025-08-05 09:28:59,827 [DEBUG] [TaskbarService] [systray_widget/tasks_service.py:81]: Adding TaskbandHWND prop to hwnd 66852
2025-08-05 09:28:59,827 [DEBUG] [TrayMonitor] [systray_widget/tray_monitor.py:208]: Finding real tray hwnd
2025-08-05 09:28:59,831 [DEBUG] [MainThread] [systray_widget/tray_monitor.py:144]: Sending TaskbarCreated message: 49246
2025-08-05 09:29:01,041 [DEBUG] [MainThread] [systray_widget/systray.py:455]: Re-sorting widgets
2025-08-05 09:29:01,043 [DEBUG] [MainThread] [systray_widget/systray.py:477]: Updating current state
2025-08-05 09:29:01,044 [DEBUG] [MainThread] [systray_widget/systray.py:455]: Re-sorting widgets
2025-08-05 09:29:01,044 [DEBUG] [MainThread] [systray_widget/systray.py:477]: Updating current state
2025-08-05 09:29:05,118 [DEBUG] [MainThread] [systray_widget/systray.py:455]: Re-sorting widgets
2025-08-05 09:29:05,118 [DEBUG] [MainThread] [systray_widget/systray.py:477]: Updating current state
2025-08-05 09:29:05,711 [DEBUG] [MainThread] [systray_widget/systray.py:455]: Re-sorting widgets
2025-08-05 09:29:05,711 [DEBUG] [MainThread] [systray_widget/systray.py:477]: Updating current state
2025-08-05 09:29:09,649 [DEBUG] [MainThread] [systray_widget/systray.py:455]: Re-sorting widgets
2025-08-05 09:29:09,649 [DEBUG] [MainThread] [systray_widget/systray.py:477]: Updating current state
2025-08-05 09:29:11,354 [ERROR] [TrayMonitor] [root/app_icons.py:215]: GetIconInfo failed: 0
2025-08-05 09:29:11,358 [ERROR] [TrayMonitor] [root/app_icons.py:215]: GetIconInfo failed: 0
2025-08-05 09:29:13,104 [DEBUG] [MainThread] [systray_widget/systray.py:455]: Re-sorting widgets
2025-08-05 09:29:13,104 [DEBUG] [MainThread] [systray_widget/systray.py:477]: Updating current state
2025-08-05 09:29:13,104 [DEBUG] [MainThread] [systray_widget/systray.py:455]: Re-sorting widgets
2025-08-05 09:29:13,105 [DEBUG] [MainThread] [systray_widget/systray.py:477]: Updating current state
2025-08-05 09:29:16,634 [DEBUG] [MainThread] [systray_widget/systray.py:455]: Re-sorting widgets
2025-08-05 09:29:16,635 [DEBUG] [MainThread] [systray_widget/systray.py:477]: Updating current state
2025-08-05 09:29:16,635 [DEBUG] [MainThread] [systray_widget/systray.py:455]: Re-sorting widgets
2025-08-05 09:29:16,635 [DEBUG] [MainThread] [systray_widget/systray.py:477]: Updating current state
2025-08-05 09:29:18,743 [DEBUG] [MainThread] [systray_widget/systray.py:455]: Re-sorting widgets
2025-08-05 09:29:18,743 [DEBUG] [MainThread] [systray_widget/systray.py:477]: Updating current state
2025-08-05 09:29:18,743 [DEBUG] [MainThread] [systray_widget/systray.py:455]: Re-sorting widgets
2025-08-05 09:29:18,743 [DEBUG] [MainThread] [systray_widget/systray.py:477]: Updating current state
2025-08-05 09:33:47,229 [INFO] [MainThread] [root/utilities.py:210]: YASB removed from startup
2025-08-05 09:33:50,354 [INFO] [MainThread] [root/controller.py:30]: Exiting Application from tray...
2025-08-05 09:33:50,469 [INFO] [MainThread] [cli_server/cli_server.py:112]: Log pipe server stopped
2025-08-05 09:33:50,469 [DEBUG] [MainThread] [cli_server/cli_server.py:206]: CLI server stopped
2025-08-05 09:33:50,469 [DEBUG] [MainThread] [systray_widget/systray.py:477]: Updating current state
2025-08-05 09:33:50,469 [DEBUG] [MainThread] [systray_widget/systray.py:495]: Saving state to disk
2025-08-05 09:33:50,469 [DEBUG] [MainThread] [systray_widget/systray.py:499]: Saving state to C:\Users\Mimi\AppData\Local\YASB\systray_state_ASUSTEKCOMPUTERINCVG279QMNALMQS093971.json
2025-08-05 09:33:50,470 [DEBUG] [MainThread] [systray_widget/systray.py:477]: Updating current state
2025-08-05 09:33:50,470 [DEBUG] [MainThread] [systray_widget/systray.py:495]: Saving state to disk
2025-08-05 09:33:50,470 [DEBUG] [MainThread] [systray_widget/systray.py:499]: Saving state to C:\Users\Mimi\AppData\Local\YASB\systray_state_ACERTECHNOLOGIESXB271HUAASOKGNKECGZD.json
2025-08-05 09:33:50,471 [DEBUG] [MainThread] [qasync._windows._EventPoller/_windows.py:218]: Stopping worker thread...
2025-08-05 09:33:50,484 [DEBUG] [Dummy-11] [qasync._windows._EventWorker/_windows.py:201]: Exiting thread
2025-08-05 09:33:50,484 [DEBUG] [MainThread] [qasync._windows._IocpProactor/_windows.py:75]: Closing
2025-08-05 09:33:50,507 [DEBUG] [MainThread] [systray_widget/utils.py:96]: Destroying window 66854
2025-08-05 09:33:50,507 [DEBUG] [MainThread] [systray_widget/utils.py:96]: Destroying window 66852
