09:19:38 [INFO] starting tacky-borders
09:19:38 [INFO] generating default config in C:\Users\Mimi\.config\tacky-borders
09:19:38 [INFO] border is disabled for HWND(0x36c10890)
09:19:38 [INFO] border is disabled for HWND(0x80780)
09:19:38 [INFO] border is disabled for HWND(0x20624)
11:43:31 [INFO] border is disabled for HWND(0x30584)
14:11:26 [INFO] border is disabled for HWND(0x1d0d7e)
14:11:27 [INFO] border is disabled for HWND(0x40684)
14:12:08 [INFO] border is disabled for HWND(0x138a0256)
14:14:38 [INFO] border is disabled for HWND(0x138a0256)
14:25:12 [INFO] border is disabled for HWND(0x138a0256)
14:25:21 [INFO] border is disabled for HWND(0x138a0256)
14:25:22 [INFO] border is disabled for HWND(0x138a0256)
14:25:26 [INFO] border is disabled for HWND(0x138a0256)
14:25:40 [INFO] border is disabled for HWND(0x138a0256)
14:25:51 [INFO] border is disabled for HWND(0x138a0256)
14:25:56 [ERROR] could not set window position for HWND(0x29d04b6): Access is denied. (0x80070005)
14:25:56 [ERROR] could not set window position for HWND(0x29d04b6): Access is denied. (0x80070005)
14:27:43 [INFO] border is disabled for HWND(0x138a0256)
14:29:09 [INFO] border is disabled for HWND(0x138a0256)
14:29:40 [INFO] border is disabled for HWND(0x138a0256)
14:40:15 [INFO] border is disabled for HWND(0x138a0256)
14:47:01 [INFO] border is disabled for HWND(0x138a0256)
14:58:09 [INFO] border is disabled for HWND(0x138a0256)
15:08:34 [INFO] border is disabled for HWND(0x138a0256)
15:20:44 [INFO] border is disabled for HWND(0x138a0256)
15:31:22 [INFO] border is disabled for HWND(0x138a0256)
15:37:44 [INFO] border is disabled for HWND(0x2ef0a6e)
15:37:45 [INFO] border is disabled for HWND(0x2f00a6e)
15:37:46 [INFO] border is disabled for HWND(0x2f10a6e)
16:30:54 [INFO] border is disabled for HWND(0x138a0256)
17:10:51 [INFO] border is disabled for HWND(0x138a0256)
18:46:20 [INFO] border is disabled for HWND(0x55470914)
18:46:21 [INFO] border is disabled for HWND(0x1e0382)
21:02:34 [ERROR] could not get window rect for HWND(0x137c0e16): The handle is invalid. (0x80070006)
06:09:02 [INFO] starting tacky-borders
06:09:03 [INFO] border is disabled for HWND(0x10626)
06:09:05 [INFO] border is disabled for HWND(0x20662)
06:15:13 [INFO] border is disabled for HWND(0x60344)
06:28:23 [INFO] border is disabled for HWND(0x1a05a2)
06:33:55 [INFO] border is disabled for HWND(0x1a05a2)
06:34:08 [INFO] border is disabled for HWND(0x1a05a2)
06:38:19 [INFO] border is disabled for HWND(0x20670)
06:38:19 [INFO] border is disabled for HWND(0x20672)
06:40:13 [INFO] border is disabled for HWND(0xe06bc)
06:57:03 [INFO] border is disabled for HWND(0x1a05a2)
06:57:10 [INFO] border is disabled for HWND(0xe06bc)
06:57:48 [INFO] border is disabled for HWND(0x1a05a2)
07:00:46 [INFO] border is disabled for HWND(0xe06bc)
07:10:25 [INFO] border is disabled for HWND(0xe06bc)
07:16:27 [INFO] border is disabled for HWND(0x30d10)
07:17:03 [INFO] border is disabled for HWND(0x1a05a2)
07:17:12 [INFO] border is disabled for HWND(0x1a05a2)
07:17:17 [INFO] border is disabled for HWND(0x130ee0)
07:17:17 [INFO] border is disabled for HWND(0x40696)
07:17:31 [INFO] border is disabled for HWND(0xe06bc)
07:17:35 [INFO] border is disabled for HWND(0xe06bc)
07:18:30 [ERROR] could not get window rect for HWND(0xa0eec): The handle is invalid. (0x80070006)
07:18:38 [INFO] border is disabled for HWND(0x20640)
07:18:39 [INFO] border is disabled for HWND(0x401a0)
07:19:28 [INFO] border is disabled for HWND(0xe06bc)
07:19:53 [INFO] border is disabled for HWND(0xe06bc)
07:20:37 [INFO] border is disabled for HWND(0xe06bc)
07:21:20 [INFO] border is disabled for HWND(0xe06bc)
07:45:49 [INFO] border is disabled for HWND(0xe06bc)
08:18:30 [INFO] border is disabled for HWND(0x1a05a2)
08:18:47 [INFO] border is disabled for HWND(0xe06bc)
08:20:45 [INFO] border is disabled for HWND(0xe06bc)
08:26:28 [INFO] border is disabled for HWND(0xe06bc)
10:16:24 [INFO] border is disabled for HWND(0xe06bc)
10:19:14 [INFO] border is disabled for HWND(0xe06bc)
10:19:40 [INFO] border is disabled for HWND(0xe06bc)
10:27:56 [INFO] border is disabled for HWND(0xe06bc)
11:22:25 [INFO] border is disabled for HWND(0x1a05a2)
11:23:40 [INFO] border is disabled for HWND(0x1a05a2)
11:31:07 [INFO] border is disabled for HWND(0x1a05a2)
11:35:18 [INFO] border is disabled for HWND(0x1a05a2)
11:54:12 [INFO] border is disabled for HWND(0x1a05a2)
12:04:15 [INFO] border is disabled for HWND(0xe06bc)
12:06:21 [INFO] border is disabled for HWND(0xe06bc)
12:08:48 [INFO] border is disabled for HWND(0xe06bc)
13:17:55 [INFO] border is disabled for HWND(0x1a05a2)
13:18:03 [INFO] border is disabled for HWND(0x1a05a2)
13:34:45 [INFO] border is disabled for HWND(0x1a05a2)
13:34:50 [INFO] border is disabled for HWND(0x1a05a2)
13:37:45 [INFO] border is disabled for HWND(0x1a05a2)
13:41:56 [INFO] border is disabled for HWND(0x1a05a2)
13:42:22 [INFO] border is disabled for HWND(0x1a05a2)
13:42:22 [INFO] border is disabled for HWND(0x1a05a2)
13:42:22 [INFO] border is disabled for HWND(0x1a05a2)
13:42:22 [INFO] border is disabled for HWND(0x1a05a2)
13:42:23 [INFO] border is disabled for HWND(0x1a05a2)
13:42:23 [INFO] border is disabled for HWND(0x1a05a2)
13:42:23 [INFO] border is disabled for HWND(0x1a05a2)
13:44:55 [INFO] border is disabled for HWND(0x1a05a2)
13:45:08 [INFO] border is disabled for HWND(0x1a05a2)
13:45:24 [INFO] border is disabled for HWND(0x1a05a2)
13:47:44 [INFO] border is disabled for HWND(0x1a05a2)
13:47:58 [INFO] border is disabled for HWND(0x1a05a2)
13:48:54 [INFO] border is disabled for HWND(0x1a05a2)
13:52:00 [INFO] border is disabled for HWND(0x1a05a2)
13:52:09 [INFO] border is disabled for HWND(0x1a05a2)
13:54:23 [INFO] border is disabled for HWND(0x1a05a2)
13:54:33 [INFO] border is disabled for HWND(0x1a05a2)
13:54:45 [INFO] border is disabled for HWND(0x1a05a2)
13:56:04 [INFO] border is disabled for HWND(0x1a05a2)
13:56:56 [INFO] border is disabled for HWND(0x1a05a2)
13:57:01 [INFO] border is disabled for HWND(0x1a05a2)
13:57:49 [INFO] border is disabled for HWND(0x1a05a2)
13:58:01 [INFO] border is disabled for HWND(0x1a05a2)
13:58:22 [INFO] border is disabled for HWND(0x1a05a2)
14:00:10 [INFO] border is disabled for HWND(0x1a05a2)
14:05:52 [INFO] border is disabled for HWND(0x1a05a2)
14:16:44 [INFO] border is disabled for HWND(0x1a05a2)
14:18:45 [INFO] border is disabled for HWND(0x1a05a2)
14:20:43 [INFO] border is disabled for HWND(0x1a05a2)
14:21:01 [INFO] border is disabled for HWND(0x1a05a2)
14:24:08 [INFO] border is disabled for HWND(0x1a05a2)
14:24:25 [INFO] border is disabled for HWND(0x1a05a2)
14:24:31 [INFO] border is disabled for HWND(0x1a05a2)
14:25:12 [INFO] border is disabled for HWND(0x1a05a2)
14:44:12 [INFO] border is disabled for HWND(0xe06bc)
14:44:14 [INFO] border is disabled for HWND(0xe06bc)
14:44:17 [INFO] border is disabled for HWND(0xe06bc)
14:44:18 [INFO] border is disabled for HWND(0xe06bc)
14:44:21 [INFO] border is disabled for HWND(0xe06bc)
14:44:23 [INFO] border is disabled for HWND(0xe06bc)
14:46:08 [INFO] border is disabled for HWND(0x1a05a2)
15:02:00 [INFO] border is disabled for HWND(0x150730)
15:03:31 [INFO] border is disabled for HWND(0x1a05a2)
15:03:38 [INFO] border is disabled for HWND(0x1a05a2)
15:18:46 [INFO] border is disabled for HWND(0x1c06ee)
15:20:30 [INFO] border is disabled for HWND(0x1f0730)
15:20:32 [INFO] border is disabled for HWND(0x200730)
15:25:35 [INFO] border is disabled for HWND(0x1a05a2)
16:32:11 [INFO] border is disabled for HWND(0xe06bc)
16:35:26 [INFO] border is disabled for HWND(0x1a05a2)
16:36:05 [ERROR] could not set window position for HWND(0x6153c): Access is denied. (0x80070005)
16:36:05 [ERROR] could not set window position for HWND(0x6153c): Access is denied. (0x80070005)
16:36:05 [ERROR] could not set window position for HWND(0x6153c): Access is denied. (0x80070005)
16:36:05 [ERROR] could not set window position for HWND(0x6153c): Access is denied. (0x80070005)
16:36:05 [ERROR] could not set window position for HWND(0x6153c): Access is denied. (0x80070005)
16:36:05 [ERROR] could not set window position for HWND(0x6153c): Access is denied. (0x80070005)
16:36:05 [ERROR] could not set window position for HWND(0x5007c): Access is denied. (0x80070005)
16:36:05 [ERROR] could not set window position for HWND(0x5007c): Access is denied. (0x80070005)
16:36:05 [ERROR] could not set window position for HWND(0x5007c): Access is denied. (0x80070005)
16:36:15 [ERROR] could not set window position for HWND(0x6153c): Access is denied. (0x80070005)
16:36:15 [ERROR] could not set window position for HWND(0x5007c): Access is denied. (0x80070005)
16:36:15 [ERROR] could not set window position for HWND(0x6153c): Access is denied. (0x80070005)
16:36:15 [ERROR] could not set window position for HWND(0x5007c): Access is denied. (0x80070005)
16:36:34 [ERROR] could not get window rect for HWND(0xa150a): The handle is invalid. (0x80070006)
16:36:34 [ERROR] could not get window rect for HWND(0x5007c): The handle is invalid. (0x80070006)
16:37:15 [INFO] border is disabled for HWND(0xe06bc)
16:39:56 [ERROR] could not set window position for HWND(0xe1486): Access is denied. (0x80070005)
16:39:56 [ERROR] could not set window position for HWND(0xe1486): Access is denied. (0x80070005)
16:39:56 [ERROR] could not set window position for HWND(0xf14d8): Access is denied. (0x80070005)
16:39:56 [ERROR] could not set window position for HWND(0xf14d8): Access is denied. (0x80070005)
16:40:27 [INFO] border is disabled for HWND(0x1a05a2)
16:40:38 [INFO] border is disabled for HWND(0xe06bc)
16:40:39 [INFO] border is disabled for HWND(0xe06bc)
16:40:41 [ERROR] could not set window position for HWND(0x252172): Access is denied. (0x80070005)
16:40:45 [INFO] border is disabled for HWND(0xe06bc)
16:40:49 [ERROR] could not get window rect for HWND(0x262172): The handle is invalid. (0x80070006)
16:40:49 [ERROR] could not get window rect for HWND(0x272172): The handle is invalid. (0x80070006)
16:40:49 [ERROR] could not get window rect for HWND(0x402184): The handle is invalid. (0x80070006)
16:40:52 [INFO] border is disabled for HWND(0xe06bc)
16:40:58 [ERROR] could not set window position for HWND(0xe1486): Access is denied. (0x80070005)
16:40:58 [ERROR] could not set window position for HWND(0xe1486): Access is denied. (0x80070005)
16:40:58 [ERROR] could not set window position for HWND(0xf14d8): Access is denied. (0x80070005)
16:40:58 [ERROR] could not set window position for HWND(0xf14d8): Access is denied. (0x80070005)
16:40:58 [ERROR] could not set window position for HWND(0xf14d8): Access is denied. (0x80070005)
16:41:02 [ERROR] could not set window position for HWND(0xe1486): Access is denied. (0x80070005)
16:41:02 [ERROR] could not set window position for HWND(0xe1486): Access is denied. (0x80070005)
16:41:02 [ERROR] could not set window position for HWND(0xe1486): Access is denied. (0x80070005)
16:41:02 [ERROR] could not set window position for HWND(0xe1486): Access is denied. (0x80070005)
16:44:34 [INFO] border is disabled for HWND(0x8066e)
16:44:34 [INFO] border is disabled for HWND(0xb152c)
16:45:02 [INFO] border is disabled for HWND(0x501a8)
16:45:02 [INFO] border is disabled for HWND(0x1d1448)
16:48:48 [INFO] border is disabled for HWND(0xe06bc)
17:52:27 [INFO] border is disabled for HWND(0xe06bc)
17:52:35 [INFO] border is disabled for HWND(0xe06bc)
17:52:58 [INFO] border is disabled for HWND(0xe06bc)
17:55:02 [INFO] border is disabled for HWND(0xe06bc)
19:12:45 [INFO] border is disabled for HWND(0xe06bc)
19:16:33 [INFO] border is disabled for HWND(0x100474)
19:27:30 [INFO] border is disabled for HWND(0xe06bc)
19:27:33 [INFO] border is disabled for HWND(0xe06bc)
19:27:40 [INFO] border is disabled for HWND(0xe06bc)
20:32:47 [INFO] border is disabled for HWND(0x1004f4)
20:32:47 [INFO] border is disabled for HWND(0x70d0c)
22:35:19 [ERROR] could not get window rect for HWND(0x10152c): The handle is invalid. (0x80070006)
07:17:52 [INFO] starting tacky-borders
07:17:53 [INFO] border is disabled for HWND(0x205dc)
07:17:54 [INFO] border is disabled for HWND(0x10658)
07:26:59 [INFO] border is disabled for HWND(0x8c0714)
07:35:01 [INFO] border is disabled for HWND(0x3a06ac)
07:35:02 [INFO] border is disabled for HWND(0x40664)
07:35:10 [INFO] border is disabled for HWND(0x101f6)
07:35:10 [INFO] border is disabled for HWND(0x301fc)
07:35:47 [INFO] border is disabled for HWND(0x2046a)
07:35:51 [INFO] border is disabled for HWND(0x2046a)
07:35:55 [INFO] border is disabled for HWND(0x2046a)
07:35:56 [INFO] border is disabled for HWND(0x2046a)
07:35:59 [INFO] border is disabled for HWND(0x2046a)
07:36:09 [ERROR] could not set window position for HWND(0x4043e): Access is denied. (0x80070005)
07:36:09 [ERROR] could not set window position for HWND(0x4043e): Access is denied. (0x80070005)
08:29:20 [INFO] border is disabled for HWND(0x2046a)
08:42:59 [INFO] border is disabled for HWND(0x8c0714)
08:43:37 [INFO] border is disabled for HWND(0x8c0714)
08:44:25 [INFO] border is disabled for HWND(0x8c0714)
08:46:24 [INFO] border is disabled for HWND(0x2046a)
08:46:37 [INFO] border is disabled for HWND(0x2046a)
08:47:55 [INFO] border is disabled for HWND(0x8c0714)
08:48:05 [INFO] border is disabled for HWND(0x8c0714)
08:48:44 [INFO] border is disabled for HWND(0x8c0714)
08:51:01 [INFO] border is disabled for HWND(0x8c0714)
08:51:09 [INFO] border is disabled for HWND(0x8c0714)
08:52:27 [INFO] border is disabled for HWND(0x7089c)
08:52:28 [INFO] border is disabled for HWND(0x2083a)
08:52:28 [INFO] border is disabled for HWND(0x8c0714)
08:55:03 [INFO] border is disabled for HWND(0x8c0714)
08:58:13 [INFO] border is disabled for HWND(0x8c0714)
08:58:24 [INFO] border is disabled for HWND(0x8c0714)
09:01:23 [INFO] border is disabled for HWND(0x8c0714)
09:04:20 [INFO] border is disabled for HWND(0x8c0714)
09:05:21 [INFO] border is disabled for HWND(0x8c0714)
09:05:36 [INFO] border is disabled for HWND(0x8c0714)
09:22:17 [INFO] border is disabled for HWND(0x301c2)
09:34:39 [INFO] border is disabled for HWND(0x606fc)
09:34:39 [INFO] border is disabled for HWND(0x50966)
09:34:43 [INFO] border is disabled for HWND(0x8c0714)
09:37:41 [INFO] border is disabled for HWND(0xbd80876)
09:37:41 [INFO] border is disabled for HWND(0xc0a9e)
09:38:30 [ERROR] could not get window rect for HWND(0xa0aae): The handle is invalid. (0x80070006)
09:38:33 [INFO] border is disabled for HWND(0x206a0)
09:38:33 [INFO] border is disabled for HWND(0x6083a)
09:43:40 [ERROR] could not set window position for HWND(0xa0890): Access is denied. (0x80070005)
09:43:40 [ERROR] could not set window position for HWND(0xa0890): Access is denied. (0x80070005)
09:43:40 [ERROR] could not set window position for HWND(0xa0890): Access is denied. (0x80070005)
09:44:11 [INFO] border is disabled for HWND(0x90990)
09:44:14 [INFO] border is disabled for HWND(0x20bf6)
09:44:29 [INFO] border is disabled for HWND(0x306a0)
09:44:29 [INFO] border is disabled for HWND(0x709a4)
09:44:50 [INFO] border is disabled for HWND(0x17062a)
09:46:11 [ERROR] could not set window position for HWND(0x313fe): Access is denied. (0x80070005)
09:46:11 [ERROR] could not set window position for HWND(0x313fe): Access is denied. (0x80070005)
09:46:15 [ERROR] could not set window position for HWND(0x413fe): Access is denied. (0x80070005)
09:46:15 [ERROR] could not set window position for HWND(0x413fe): Access is denied. (0x80070005)
09:47:18 [ERROR] could not get window rect for HWND(0xe0652): The handle is invalid. (0x80070006)
09:47:27 [INFO] border is disabled for HWND(0x30678)
09:49:05 [ERROR] could not get window rect for HWND(0xe07aa): The handle is invalid. (0x80070006)
09:49:11 [INFO] border is disabled for HWND(0x908d8)
09:49:35 [INFO] border is disabled for HWND(0x2046a)
09:49:39 [INFO] border is disabled for HWND(0x2046a)
09:50:01 [INFO] border is disabled for HWND(0x2046a)
09:50:03 [INFO] border is disabled for HWND(0x2046a)
09:50:06 [INFO] border is disabled for HWND(0x2046a)
09:50:10 [INFO] border is disabled for HWND(0x2046a)
09:50:13 [INFO] border is disabled for HWND(0x2046a)
09:50:21 [INFO] border is disabled for HWND(0x2046a)
10:20:35 [INFO] border is disabled for HWND(0xa08d8)
10:24:53 [INFO] border is disabled for HWND(0xb08d8)
10:25:19 [INFO] border is disabled for HWND(0xc08d8)
11:07:21 [INFO] border is disabled for HWND(0x8c0714)
11:09:19 [INFO] border is disabled for HWND(0x2046a)
11:09:37 [INFO] border is disabled for HWND(0x8c0714)
11:10:05 [INFO] border is disabled for HWND(0x1207b0)
11:10:08 [INFO] border is disabled for HWND(0x8c0714)
11:19:43 [INFO] border is disabled for HWND(0x8c0714)
11:20:12 [INFO] border is disabled for HWND(0x8c0714)
11:20:30 [INFO] border is disabled for HWND(0x8c0714)
11:22:32 [INFO] border is disabled for HWND(0x2046a)
11:22:35 [INFO] border is disabled for HWND(0xa0634)
11:22:39 [INFO] border is disabled for HWND(0xb0634)
11:22:53 [INFO] border is disabled for HWND(0x8c0714)
11:24:40 [INFO] border is disabled for HWND(0x8c0714)
11:25:40 [INFO] border is disabled for HWND(0x8c0714)
11:27:19 [INFO] border is disabled for HWND(0x8c0714)
11:29:34 [INFO] border is disabled for HWND(0x8c0714)
11:30:05 [INFO] border is disabled for HWND(0x8c0714)
11:30:19 [INFO] border is disabled for HWND(0x8c0714)
11:32:00 [INFO] border is disabled for HWND(0x8c0714)
11:33:15 [INFO] border is disabled for HWND(0x8c0714)
11:33:49 [INFO] border is disabled for HWND(0x8c0714)
11:37:29 [INFO] border is disabled for HWND(0x8c0714)
11:55:05 [INFO] border is disabled for HWND(0x8c0714)
11:55:48 [INFO] border is disabled for HWND(0x8c0714)
11:57:13 [INFO] border is disabled for HWND(0x8c0714)
11:57:57 [INFO] border is disabled for HWND(0x8c0714)
12:00:49 [INFO] border is disabled for HWND(0x8c0714)
12:01:04 [INFO] border is disabled for HWND(0x8c0714)
12:01:10 [INFO] border is disabled for HWND(0x8c0714)
12:03:17 [INFO] border is disabled for HWND(0x8c0714)
12:03:30 [INFO] border is disabled for HWND(0x8c0714)
12:06:01 [INFO] border is disabled for HWND(0x8c0714)
12:06:21 [INFO] border is disabled for HWND(0x8c0714)
12:06:54 [INFO] border is disabled for HWND(0x8c0714)
12:07:21 [INFO] border is disabled for HWND(0x8c0714)
12:07:25 [INFO] border is disabled for HWND(0x8c0714)
12:09:23 [INFO] border is disabled for HWND(0x8c0714)
13:07:01 [INFO] border is disabled for HWND(0x8c0714)
13:10:39 [INFO] border is disabled for HWND(0x8c0714)
13:10:59 [INFO] border is disabled for HWND(0x8c0714)
13:11:02 [INFO] border is disabled for HWND(0x8c0714)
13:11:43 [INFO] border is disabled for HWND(0x8c0714)
13:17:03 [INFO] border is disabled for HWND(0x8c0714)
13:20:39 [INFO] border is disabled for HWND(0x8c0714)
13:21:35 [INFO] border is disabled for HWND(0xa8a09c2)
13:21:41 [INFO] border is disabled for HWND(0x8c0714)
13:21:52 [INFO] border is disabled for HWND(0x8c0714)
13:22:45 [INFO] border is disabled for HWND(0x8c0714)
13:23:24 [INFO] border is disabled for HWND(0x8c0714)
13:23:38 [INFO] border is disabled for HWND(0x8c0714)
13:23:52 [INFO] border is disabled for HWND(0x8c0714)
13:24:14 [INFO] border is disabled for HWND(0x8c0714)
13:33:35 [INFO] border is disabled for HWND(0x8c0714)
13:39:45 [ERROR] could not get window rect for HWND(0x9067a): The handle is invalid. (0x80070006)
13:39:53 [ERROR] could not get window rect for HWND(0x506de): The handle is invalid. (0x80070006)
13:40:00 [ERROR] could not get window rect for HWND(0x806da): The handle is invalid. (0x80070006)
13:40:19 [INFO] border is disabled for HWND(0x80660)
13:40:29 [INFO] border is disabled for HWND(0x90660)
13:40:38 [INFO] border is disabled for HWND(0xc084e)
13:40:43 [INFO] border is disabled for HWND(0x2046a)
13:40:48 [INFO] border is disabled for HWND(0x2046a)
13:40:49 [INFO] border is disabled for HWND(0x2046a)
13:40:58 [ERROR] could not set window position for HWND(0x1b0960): Access is denied. (0x80070005)
13:40:58 [ERROR] could not set window position for HWND(0x1b0960): Access is denied. (0x80070005)
14:15:57 [INFO] border is disabled for HWND(0x2046a)
14:28:51 [INFO] border is disabled for HWND(0x2046a)
14:28:56 [INFO] border is disabled for HWND(0x2046a)
14:29:02 [INFO] border is disabled for HWND(0x2046a)
15:02:21 [INFO] border is disabled for HWND(0x2046a)
15:02:23 [INFO] border is disabled for HWND(0x2046a)
15:03:29 [INFO] border is disabled for HWND(0x2046a)
15:07:23 [INFO] border is disabled for HWND(0x2046a)
15:43:13 [INFO] border is disabled for HWND(0x2046a)
15:45:13 [INFO] border is disabled for HWND(0x2046a)
16:01:27 [INFO] border is disabled for HWND(0x2046a)
18:46:26 [INFO] border is disabled for HWND(0x2046a)
18:52:13 [INFO] border is disabled for HWND(0x8c0714)
18:55:56 [INFO] border is disabled for HWND(0x2046a)
19:17:00 [INFO] border is disabled for HWND(0x2046a)
19:34:44 [INFO] border is disabled for HWND(0x2046a)
19:36:15 [INFO] border is disabled for HWND(0x2046a)
19:37:07 [INFO] border is disabled for HWND(0x2046a)
19:37:13 [INFO] border is disabled for HWND(0x2046a)
19:37:17 [INFO] border is disabled for HWND(0x2046a)
19:37:21 [ERROR] could not get window rect for HWND(0x270a9e): The handle is invalid. (0x80070006)
19:37:24 [INFO] border is disabled for HWND(0x2046a)
19:37:29 [ERROR] could not set window position for HWND(0x110920): Access is denied. (0x80070005)
19:37:29 [ERROR] could not set window position for HWND(0x110920): Access is denied. (0x80070005)
19:37:29 [ERROR] could not set window position for HWND(0x110920): Access is denied. (0x80070005)
19:37:29 [ERROR] could not set window position for HWND(0x110920): Access is denied. (0x80070005)
19:37:29 [ERROR] could not get window rect for HWND(0x120a9c): The handle is invalid. (0x80070006)
19:37:30 [ERROR] could not get window rect for HWND(0x280a9e): The handle is invalid. (0x80070006)
19:37:30 [INFO] border is disabled for HWND(0x180844)
19:37:32 [INFO] border is disabled for HWND(0x2046a)
19:37:33 [INFO] border is disabled for HWND(0x2046a)
19:37:38 [INFO] border is disabled for HWND(0x2046a)
19:37:39 [INFO] border is disabled for HWND(0x2046a)
19:37:40 [INFO] border is disabled for HWND(0x2046a)
19:37:42 [ERROR] could not set window position for HWND(0x1c04b0): Access is denied. (0x80070005)
19:37:42 [ERROR] could not set window position for HWND(0x1c04b0): Access is denied. (0x80070005)
19:45:53 [INFO] border is disabled for HWND(0xe0936)
19:48:37 [INFO] border is disabled for HWND(0x8c0714)
19:51:16 [INFO] border is disabled for HWND(0x2046a)
19:51:17 [INFO] border is disabled for HWND(0x2046a)
20:03:37 [INFO] border is disabled for HWND(0x8c0714)
20:40:16 [INFO] border is disabled for HWND(0x8c0714)
20:56:18 [INFO] border is disabled for HWND(0x8c0714)
21:35:51 [INFO] border is disabled for HWND(0x8c0714)
21:39:59 [INFO] border is disabled for HWND(0x8c0714)
21:49:07 [INFO] border is disabled for HWND(0x2046a)
21:50:33 [INFO] border is disabled for HWND(0x2046a)
21:50:35 [INFO] border is disabled for HWND(0x2046a)
21:51:04 [INFO] border is disabled for HWND(0x2046a)
22:12:58 [INFO] border is disabled for HWND(0x2046a)
22:33:31 [INFO] border is disabled for HWND(0x2046a)
22:47:03 [INFO] border is disabled for HWND(0x2046a)
22:47:06 [INFO] border is disabled for HWND(0x2046a)
23:08:45 [INFO] border is disabled for HWND(0x2046a)
00:26:06 [ERROR] could not get window rect for HWND(0xc0d09a6): The handle is invalid. (0x80070006)
00:26:07 [ERROR] could not get window rect for HWND(0x19079e): The handle is invalid. (0x80070006)
00:26:08 [ERROR] could not get window rect for HWND(0x403de): The handle is invalid. (0x80070006)
00:26:08 [ERROR] received invalid dpi of 0 from GetDpiForWindow for HWND(0x403de)
09:14:03 [INFO] starting tacky-borders
09:14:04 [INFO] border is disabled for HWND(0x10624)
09:15:49 [INFO] border is disabled for HWND(0x10696)
09:15:52 [INFO] border is disabled for HWND(0x10696)
09:16:35 [INFO] border is disabled for HWND(0x10696)
09:16:41 [INFO] border is disabled for HWND(0x10696)
09:16:43 [INFO] border is disabled for HWND(0x10696)
09:16:59 [INFO] border is disabled for HWND(0x10696)
09:17:25 [INFO] border is disabled for HWND(0x10696)
09:17:31 [INFO] border is disabled for HWND(0x10696)
09:19:47 [INFO] border is disabled for HWND(0x10696)
09:20:02 [INFO] border is disabled for HWND(0x10696)
09:25:49 [INFO] border is disabled for HWND(0x180724)
10:32:37 [INFO] border is disabled for HWND(0x68072a)
10:40:27 [INFO] border is disabled for HWND(0x4907a0)
11:41:40 [INFO] border is disabled for HWND(0x20624)
11:44:59 [INFO] border is disabled for HWND(0xc07b2)
11:59:18 [INFO] border is disabled for HWND(0xc07b2)
11:59:26 [INFO] border is disabled for HWND(0xc07b2)
12:01:51 [INFO] border is disabled for HWND(0xc07b2)
12:37:02 [INFO] border is disabled for HWND(0xc07b2)
12:48:17 [INFO] border is disabled for HWND(0x148907e6)
12:48:46 [INFO] border is disabled for HWND(0xc07b2)
12:56:39 [INFO] border is disabled for HWND(0xc07b2)
12:56:51 [INFO] border is disabled for HWND(0x3b10860)
12:57:46 [INFO] border is disabled for HWND(0x3b20860)
12:57:57 [INFO] border is disabled for HWND(0x3b30860)
13:40:10 [ERROR] could not get window rect for HWND(0x120736): The handle is invalid. (0x80070006)
13:40:17 [ERROR] could not get window rect for HWND(0x1a360918): The handle is invalid. (0x80070006)
13:40:23 [ERROR] could not set window position for HWND(0x907c4): Access is denied. (0x80070005)
13:40:24 [ERROR] could not get window rect for HWND(0x17f80930): The handle is invalid. (0x80070006)
13:40:30 [ERROR] could not get window rect for HWND(0x68e08f6): The handle is invalid. (0x80070006)
13:40:30 [INFO] border is disabled for HWND(0x169e084c)
13:40:35 [INFO] border is disabled for HWND(0xc07b2)
13:40:53 [INFO] border is disabled for HWND(0x706d2)
13:41:10 [INFO] border is disabled for HWND(0xc07b2)
13:41:48 [INFO] border is disabled for HWND(0xc07b2)
13:47:15 [INFO] border is disabled for HWND(0xc07b2)
13:48:54 [INFO] border is disabled for HWND(0xc07b2)
13:51:56 [INFO] border is disabled for HWND(0xc07b2)
13:59:39 [INFO] border is disabled for HWND(0xc07b2)
14:02:15 [INFO] border is disabled for HWND(0x192d0826)
14:02:50 [INFO] border is disabled for HWND(0xc07b2)
14:02:50 [ERROR] could not get window rect for HWND(0x2000ea): The handle is invalid. (0x80070006)
14:03:07 [INFO] border is disabled for HWND(0xc07b2)
14:19:17 [INFO] border is disabled for HWND(0xbeb09da)
14:27:46 [INFO] border is disabled for HWND(0xc07b2)
14:27:52 [INFO] border is disabled for HWND(0x14c4087e)
14:27:53 [INFO] border is disabled for HWND(0x14c5087e)
14:27:54 [INFO] border is disabled for HWND(0x14c6087e)
14:27:55 [INFO] border is disabled for HWND(0x14c7087e)
14:27:57 [INFO] border is disabled for HWND(0x14c8087e)
14:27:57 [INFO] border is disabled for HWND(0x14c9087e)
14:27:57 [INFO] border is disabled for HWND(0x51a0434)
14:28:05 [INFO] border is disabled for HWND(0x51c0434)
14:28:05 [INFO] border is disabled for HWND(0x51d0434)
14:28:06 [INFO] border is disabled for HWND(0x19ad0938)
14:28:07 [INFO] border is disabled for HWND(0x19ae0938)
14:28:22 [INFO] border is disabled for HWND(0x1a4008b2)
14:31:06 [INFO] border is disabled for HWND(0xc07b2)
15:27:15 [INFO] border is disabled for HWND(0xc07b2)
15:31:38 [INFO] border is disabled for HWND(0xc07b2)
17:24:32 [INFO] border is disabled for HWND(0x30400)
18:06:48 [INFO] border is disabled for HWND(0x15013c)
18:07:09 [INFO] border is disabled for HWND(0x9062e)
18:07:39 [ERROR] could not get window rect for HWND(0x1a4308b2): The handle is invalid. (0x80070006)
18:07:47 [INFO] border is disabled for HWND(0x30610)
18:08:22 [INFO] border is disabled for HWND(0xc07b2)
18:08:33 [INFO] border is disabled for HWND(0x501b4)
18:08:35 [INFO] border is disabled for HWND(0x601b4)
18:08:36 [INFO] border is disabled for HWND(0x701b4)
18:29:48 [INFO] border is disabled for HWND(0x10696)
18:30:02 [INFO] border is disabled for HWND(0x10696)
18:30:28 [INFO] border is disabled for HWND(0x10696)
18:32:33 [INFO] border is disabled for HWND(0x10696)
18:32:44 [INFO] border is disabled for HWND(0xc07b2)
18:33:06 [INFO] border is disabled for HWND(0x10696)
18:33:08 [INFO] border is disabled for HWND(0x10696)
18:34:01 [INFO] border is disabled for HWND(0x10696)
18:34:56 [INFO] border is disabled for HWND(0x10696)
18:35:12 [INFO] border is disabled for HWND(0x10696)
18:35:12 [INFO] border is disabled for HWND(0x10696)
18:35:18 [INFO] border is disabled for HWND(0x10696)
18:35:22 [INFO] border is disabled for HWND(0x10696)
18:35:42 [INFO] border is disabled for HWND(0x10696)
18:35:46 [INFO] border is disabled for HWND(0x10696)
18:39:23 [INFO] border is disabled for HWND(0x10696)
18:39:44 [INFO] border is disabled for HWND(0x10696)
18:40:50 [INFO] border is disabled for HWND(0x10696)
18:41:34 [INFO] border is disabled for HWND(0x10696)
18:41:42 [INFO] border is disabled for HWND(0x10696)
18:42:23 [INFO] border is disabled for HWND(0x10696)
18:42:26 [INFO] border is disabled for HWND(0x10696)
18:42:36 [INFO] border is disabled for HWND(0x10696)
18:43:04 [INFO] border is disabled for HWND(0x10696)
18:43:51 [INFO] border is disabled for HWND(0x10696)
18:44:13 [INFO] border is disabled for HWND(0x10696)
18:44:23 [INFO] border is disabled for HWND(0x10696)
18:44:27 [INFO] border is disabled for HWND(0x10696)
18:44:27 [INFO] border is disabled for HWND(0x10696)
18:45:27 [INFO] border is disabled for HWND(0x10696)
18:46:47 [INFO] border is disabled for HWND(0x10696)
18:46:54 [INFO] border is disabled for HWND(0x10696)
18:47:33 [INFO] border is disabled for HWND(0x10696)
18:47:38 [INFO] border is disabled for HWND(0x10696)
18:49:27 [INFO] border is disabled for HWND(0x10696)
18:49:29 [INFO] border is disabled for HWND(0x10696)
18:51:14 [INFO] border is disabled for HWND(0x10696)
18:51:19 [INFO] border is disabled for HWND(0x10696)
18:53:48 [INFO] border is disabled for HWND(0x10696)
18:54:17 [INFO] border is disabled for HWND(0xc07b2)
18:54:33 [INFO] border is disabled for HWND(0xc07b2)
18:54:39 [INFO] border is disabled for HWND(0xc07b2)
18:57:21 [INFO] border is disabled for HWND(0x10696)
19:03:01 [INFO] border is disabled for HWND(0x10696)
19:03:06 [INFO] border is disabled for HWND(0x10696)
19:03:24 [INFO] border is disabled for HWND(0x10696)
19:03:25 [INFO] border is disabled for HWND(0x10696)
19:04:31 [INFO] border is disabled for HWND(0x10696)
19:04:31 [INFO] border is disabled for HWND(0x10696)
19:04:33 [INFO] border is disabled for HWND(0x10696)
19:04:54 [INFO] border is disabled for HWND(0x10696)
19:05:52 [INFO] border is disabled for HWND(0x10696)
19:07:23 [INFO] border is disabled for HWND(0x10696)
19:07:43 [INFO] border is disabled for HWND(0x10696)
19:07:44 [INFO] border is disabled for HWND(0x10696)
19:07:45 [INFO] border is disabled for HWND(0x10696)
19:08:14 [INFO] border is disabled for HWND(0x10696)
19:08:16 [INFO] border is disabled for HWND(0x10696)
19:08:17 [INFO] border is disabled for HWND(0x10696)
19:08:20 [INFO] border is disabled for HWND(0x10696)
19:08:21 [INFO] border is disabled for HWND(0x10696)
19:08:22 [INFO] border is disabled for HWND(0x10696)
19:08:40 [INFO] border is disabled for HWND(0x10696)
19:08:41 [INFO] border is disabled for HWND(0x10696)
19:09:19 [INFO] border is disabled for HWND(0x10696)
19:09:23 [INFO] border is disabled for HWND(0x10696)
19:10:19 [INFO] border is disabled for HWND(0x10696)
19:10:20 [INFO] border is disabled for HWND(0x10696)
19:10:23 [INFO] border is disabled for HWND(0x10696)
19:11:35 [INFO] border is disabled for HWND(0x10696)
19:12:04 [INFO] border is disabled for HWND(0x10696)
19:12:38 [INFO] border is disabled for HWND(0x10696)
19:12:51 [INFO] border is disabled for HWND(0x10696)
19:12:56 [INFO] border is disabled for HWND(0x10696)
19:13:10 [INFO] border is disabled for HWND(0x10696)
19:13:19 [INFO] border is disabled for HWND(0x10696)
19:13:20 [INFO] border is disabled for HWND(0x10696)
19:13:34 [INFO] border is disabled for HWND(0x10696)
19:13:39 [INFO] border is disabled for HWND(0x10696)
19:13:44 [INFO] border is disabled for HWND(0x10696)
19:15:57 [INFO] border is disabled for HWND(0xd0a5c)
19:16:02 [INFO] border is disabled for HWND(0x10696)
19:16:02 [INFO] border is disabled for HWND(0x10696)
20:29:25 [INFO] border is disabled for HWND(0xc07b2)
20:32:02 [INFO] border is disabled for HWND(0x10696)
20:32:18 [INFO] border is disabled for HWND(0xc07b2)
20:41:30 [INFO] border is disabled for HWND(0xc07b2)
21:03:36 [INFO] border is disabled for HWND(0xc07b2)
21:15:37 [INFO] border is disabled for HWND(0xc07b2)
21:15:42 [INFO] border is disabled for HWND(0xc07b2)
21:15:47 [INFO] border is disabled for HWND(0xc07b2)
21:40:38 [INFO] border is disabled for HWND(0xc07b2)
22:06:02 [INFO] border is disabled for HWND(0x1aca09a2)
22:06:08 [INFO] border is disabled for HWND(0xc07b2)
23:18:40 [INFO] border is disabled for HWND(0x10696)
23:28:22 [INFO] border is disabled for HWND(0x10696)
23:28:33 [INFO] border is disabled for HWND(0x10696)
23:31:50 [INFO] border is disabled for HWND(0x10696)
23:33:38 [INFO] border is disabled for HWND(0x10696)
23:33:47 [INFO] border is disabled for HWND(0xc07b2)
23:33:48 [INFO] border is disabled for HWND(0xc07b2)
23:33:53 [INFO] border is disabled for HWND(0x10696)
23:34:00 [INFO] border is disabled for HWND(0x10696)
23:35:13 [INFO] border is disabled for HWND(0x10696)
23:38:15 [INFO] border is disabled for HWND(0x10696)
23:38:29 [INFO] border is disabled for HWND(0xc07b2)
00:49:26 [INFO] border is disabled for HWND(0x10696)
00:49:30 [INFO] border is disabled for HWND(0x10696)
00:51:12 [INFO] border is disabled for HWND(0x10696)
00:56:42 [INFO] border is disabled for HWND(0x10696)
01:18:35 [ERROR] could not get window rect for HWND(0x190cc0): The handle is invalid. (0x80070006)
10:29:14 [INFO] starting tacky-borders
10:29:16 [INFO] border is disabled for HWND(0x1063c)
10:45:24 [INFO] border is disabled for HWND(0x1072a)
10:49:41 [INFO] border is disabled for HWND(0x40442)
10:50:06 [INFO] border is disabled for HWND(0x40442)
10:51:07 [INFO] border is disabled for HWND(0x40442)
10:51:14 [INFO] border is disabled for HWND(0x40442)
10:51:56 [INFO] border is disabled for HWND(0x40442)
10:52:23 [INFO] border is disabled for HWND(0x40442)
10:53:28 [INFO] border is disabled for HWND(0x40442)
10:55:14 [INFO] border is disabled for HWND(0x40442)
10:55:34 [INFO] border is disabled for HWND(0x40442)
10:55:59 [INFO] border is disabled for HWND(0x40442)
10:56:09 [INFO] border is disabled for HWND(0x40442)
10:56:24 [INFO] border is disabled for HWND(0x40442)
10:56:44 [INFO] border is disabled for HWND(0x40442)
11:11:11 [INFO] border is disabled for HWND(0x40442)
11:11:24 [INFO] border is disabled for HWND(0x40442)
11:12:09 [INFO] border is disabled for HWND(0x40442)
11:14:52 [INFO] border is disabled for HWND(0x40442)
11:20:08 [INFO] border is disabled for HWND(0x110438)
11:22:52 [INFO] border is disabled for HWND(0x6c0730)
11:56:12 [INFO] border is disabled for HWND(0x6c0730)
12:50:22 [INFO] border is disabled for HWND(0x6c0730)
12:56:45 [INFO] border is disabled for HWND(0x6c0730)
13:01:05 [INFO] border is disabled for HWND(0x6c0730)
13:01:48 [INFO] border is disabled for HWND(0x6c0730)
13:02:22 [INFO] border is disabled for HWND(0x6c0730)
13:02:29 [INFO] border is disabled for HWND(0x6c0730)
13:04:00 [INFO] border is disabled for HWND(0x6c0730)
13:23:00 [INFO] border is disabled for HWND(0x6c0730)
13:46:54 [INFO] border is disabled for HWND(0x6c0730)
14:41:35 [INFO] border is disabled for HWND(0x40442)
15:00:20 [INFO] border is disabled for HWND(0x40442)
15:00:30 [INFO] border is disabled for HWND(0x40442)
15:00:59 [INFO] border is disabled for HWND(0x40442)
15:03:31 [INFO] border is disabled for HWND(0x40442)
15:03:34 [INFO] border is disabled for HWND(0x40442)
15:06:38 [INFO] border is disabled for HWND(0x6c0730)
15:38:39 [INFO] border is disabled for HWND(0x6c0730)
15:46:31 [INFO] border is disabled for HWND(0x6c0730)
15:55:51 [INFO] border is disabled for HWND(0x40442)
16:01:05 [INFO] border is disabled for HWND(0x40442)
16:09:20 [INFO] border is disabled for HWND(0x40442)
16:09:23 [INFO] border is disabled for HWND(0x40442)
16:09:55 [INFO] border is disabled for HWND(0x40442)
16:10:29 [INFO] border is disabled for HWND(0x40442)
16:18:16 [INFO] border is disabled for HWND(0x40442)
16:18:42 [INFO] border is disabled for HWND(0x40442)
16:20:56 [INFO] border is disabled for HWND(0x40442)
16:26:44 [INFO] border is disabled for HWND(0x40442)
16:30:24 [INFO] border is disabled for HWND(0x40442)
16:36:40 [INFO] border is disabled for HWND(0x40442)
17:00:21 [INFO] border is disabled for HWND(0x323607fc)
17:09:55 [INFO] border is disabled for HWND(0x6c0730)
17:09:59 [INFO] border is disabled for HWND(0x6c0730)
17:10:08 [INFO] border is disabled for HWND(0x6c0730)
17:11:33 [INFO] border is disabled for HWND(0x6c0730)
17:12:24 [INFO] border is disabled for HWND(0x6c0730)
17:47:17 [INFO] border is disabled for HWND(0x6c0730)
17:47:26 [INFO] border is disabled for HWND(0x6c0730)
17:49:33 [INFO] border is disabled for HWND(0x6c0730)
18:31:00 [INFO] border is disabled for HWND(0x6c0730)
18:31:10 [INFO] border is disabled for HWND(0x178f071a)
19:01:17 [INFO] border is disabled for HWND(0x4e4109ca)
19:01:22 [INFO] border is disabled for HWND(0x6c0730)
19:03:01 [INFO] border is disabled for HWND(0x6c0730)
19:03:39 [INFO] border is disabled for HWND(0x6c0730)
19:40:09 [INFO] border is disabled for HWND(0x30400966)
20:00:26 [INFO] border is disabled for HWND(0x40442)
20:00:29 [INFO] border is disabled for HWND(0x40442)
20:04:03 [INFO] starting tacky-borders
20:04:03 [INFO] border is disabled for HWND(0x30400966)
20:04:03 [INFO] border is disabled for HWND(0x1063a)
20:15:25 [INFO] border is disabled for HWND(0x40442)
20:15:34 [INFO] border is disabled for HWND(0x40442)
20:15:47 [INFO] border is disabled for HWND(0x40442)
21:26:22 [INFO] border is disabled for HWND(0x120f1e)
22:32:54 [INFO] border is disabled for HWND(0x6c0730)
22:48:27 [INFO] border is disabled for HWND(0x130f1e)
22:54:18 [INFO] border is disabled for HWND(0x40442)
22:54:34 [INFO] border is disabled for HWND(0x40442)
22:54:36 [INFO] border is disabled for HWND(0x40442)
23:11:55 [INFO] border is disabled for HWND(0x40442)
23:12:05 [INFO] border is disabled for HWND(0x40442)
23:26:26 [INFO] border is disabled for HWND(0x40442)
23:56:13 [INFO] border is disabled for HWND(0x40442)
02:20:32 [ERROR] could not get window rect for HWND(0x4e5509ca): The handle is invalid. (0x80070006)
10:03:28 [INFO] starting tacky-borders
10:03:30 [INFO] border is disabled for HWND(0x2805e2)
10:12:27 [INFO] border is disabled for HWND(0x208d0)
10:31:08 [INFO] border is disabled for HWND(0x303d0)
10:31:42 [INFO] border is disabled for HWND(0x303d0)
11:36:43 [INFO] border is disabled for HWND(0x303d0)
11:57:35 [INFO] border is disabled for HWND(0x303d0)
11:57:41 [INFO] border is disabled for HWND(0x303d0)
12:26:50 [INFO] border is disabled for HWND(0x108e6)
12:27:34 [INFO] border is disabled for HWND(0x1203a6)
12:29:07 [INFO] border is disabled for HWND(0x1203a6)
12:30:00 [INFO] border is disabled for HWND(0x1203a6)
12:31:50 [INFO] border is disabled for HWND(0x1203a6)
12:32:04 [INFO] border is disabled for HWND(0x1203a6)
12:32:32 [ERROR] could not get window rect for HWND(0x6074a): The handle is invalid. (0x80070006)
12:32:57 [ERROR] could not set window position for HWND(0x15e077e): Access is denied. (0x80070005)
12:32:57 [ERROR] could not set window position for HWND(0x15e077e): Access is denied. (0x80070005)
12:32:57 [ERROR] could not set window position for HWND(0x15e077e): Access is denied. (0x80070005)
12:32:57 [ERROR] could not set window position for HWND(0x15e077e): Access is denied. (0x80070005)
12:33:58 [INFO] border is disabled for HWND(0x1203a6)
12:36:26 [INFO] border is disabled for HWND(0x1203a6)
12:36:28 [INFO] border is disabled for HWND(0x1203a6)
12:38:20 [INFO] border is disabled for HWND(0x1203a6)
12:39:51 [INFO] border is disabled for HWND(0x1203a6)
12:41:44 [INFO] border is disabled for HWND(0x1203a6)
12:41:55 [INFO] border is disabled for HWND(0x1203a6)
12:47:51 [INFO] border is disabled for HWND(0x1203a6)
12:52:19 [INFO] border is disabled for HWND(0x1203a6)
13:02:21 [INFO] border is disabled for HWND(0x1203a6)
13:05:22 [INFO] border is disabled for HWND(0x303d0)
13:05:49 [INFO] border is disabled for HWND(0x303d0)
13:08:28 [INFO] border is disabled for HWND(0x303d0)
13:14:47 [INFO] border is disabled for HWND(0x303d0)
13:14:56 [INFO] border is disabled for HWND(0x303d0)
13:21:22 [INFO] border is disabled for HWND(0x303d0)
13:22:15 [INFO] border is disabled for HWND(0x303d0)
13:33:46 [INFO] border is disabled for HWND(0x303d0)
13:33:51 [INFO] border is disabled for HWND(0x303d0)
13:40:07 [INFO] border is disabled for HWND(0x1203a6)
13:40:19 [INFO] border is disabled for HWND(0x1203a6)
13:40:26 [INFO] border is disabled for HWND(0x1203a6)
13:58:57 [INFO] border is disabled for HWND(0x1203a6)
14:18:48 [INFO] border is disabled for HWND(0x1203a6)
14:18:50 [INFO] border is disabled for HWND(0x1203a6)
14:33:12 [INFO] border is disabled for HWND(0x1203a6)
14:35:09 [INFO] border is disabled for HWND(0x1203a6)
14:38:19 [INFO] border is disabled for HWND(0x1203a6)
14:39:28 [INFO] border is disabled for HWND(0x1203a6)
14:40:54 [INFO] border is disabled for HWND(0x1203a6)
14:44:09 [INFO] border is disabled for HWND(0x303d0)
14:44:20 [INFO] border is disabled for HWND(0x303d0)
14:48:47 [INFO] border is disabled for HWND(0x303d0)
14:52:50 [INFO] border is disabled for HWND(0x303d0)
14:58:46 [INFO] border is disabled for HWND(0x303d0)
14:59:46 [INFO] border is disabled for HWND(0x303d0)
15:00:15 [INFO] border is disabled for HWND(0x303d0)
15:05:25 [INFO] border is disabled for HWND(0x303d0)
15:05:29 [INFO] border is disabled for HWND(0x303d0)
15:07:41 [INFO] border is disabled for HWND(0x303d0)
15:09:07 [INFO] border is disabled for HWND(0x1203a6)
15:09:37 [INFO] border is disabled for HWND(0x303d0)
15:09:51 [INFO] border is disabled for HWND(0x303d0)
15:10:21 [INFO] border is disabled for HWND(0x303d0)
15:10:36 [INFO] border is disabled for HWND(0x303d0)
15:10:48 [INFO] border is disabled for HWND(0x303d0)
15:11:24 [INFO] border is disabled for HWND(0x1203a6)
15:11:59 [INFO] border is disabled for HWND(0x303d0)
15:12:10 [INFO] border is disabled for HWND(0x303d0)
15:12:34 [INFO] border is disabled for HWND(0x303d0)
15:15:20 [INFO] border is disabled for HWND(0x303d0)
15:15:42 [INFO] border is disabled for HWND(0x303d0)
15:16:09 [INFO] border is disabled for HWND(0x303d0)
15:17:54 [INFO] border is disabled for HWND(0x303d0)
15:21:22 [INFO] border is disabled for HWND(0x303d0)
15:21:33 [INFO] border is disabled for HWND(0x303d0)
15:22:31 [INFO] border is disabled for HWND(0x303d0)
16:02:18 [INFO] border is disabled for HWND(0x303d0)
16:07:59 [INFO] border is disabled for HWND(0x303d0)
16:08:28 [INFO] border is disabled for HWND(0x303d0)
16:08:34 [INFO] border is disabled for HWND(0x303d0)
16:13:14 [INFO] border is disabled for HWND(0x303d0)
16:15:21 [INFO] border is disabled for HWND(0x303d0)
16:16:30 [INFO] border is disabled for HWND(0x303d0)
16:18:55 [INFO] border is disabled for HWND(0x303d0)
17:51:57 [INFO] border is disabled for HWND(0x1203a6)
17:52:00 [INFO] border is disabled for HWND(0x1203a6)
17:52:03 [INFO] border is disabled for HWND(0x1203a6)
17:52:07 [INFO] border is disabled for HWND(0x1203a6)
17:56:59 [INFO] border is disabled for HWND(0x1203a6)
18:07:50 [INFO] border is disabled for HWND(0x1203a6)
18:10:55 [INFO] border is disabled for HWND(0x303d0)
18:11:42 [INFO] border is disabled for HWND(0x303d0)
18:11:54 [INFO] border is disabled for HWND(0x6010578)
18:11:55 [INFO] border is disabled for HWND(0x6020578)
18:11:55 [INFO] border is disabled for HWND(0x6030578)
18:11:56 [INFO] border is disabled for HWND(0x6040578)
18:11:58 [INFO] border is disabled for HWND(0x303d0)
18:12:13 [INFO] border is disabled for HWND(0x303d0)
18:12:54 [INFO] border is disabled for HWND(0x303d0)
18:14:32 [INFO] border is disabled for HWND(0x303d0)
18:14:36 [INFO] border is disabled for HWND(0x303d0)
18:14:44 [INFO] border is disabled for HWND(0x303d0)
20:41:29 [INFO] border is disabled for HWND(0x303d0)
22:26:39 [INFO] border is disabled for HWND(0x304ec)
22:29:04 [INFO] border is disabled for HWND(0x1203a6)
22:51:46 [INFO] border is disabled for HWND(0x303d0)
23:16:45 [INFO] border is disabled for HWND(0x303d0)
23:17:19 [INFO] border is disabled for HWND(0x303d0)
23:22:23 [ERROR] could not set window position for HWND(0x359509e4): Access is denied. (0x80070005)
23:22:23 [ERROR] could not set window position for HWND(0x359509e4): Access is denied. (0x80070005)
23:22:23 [ERROR] could not set window position for HWND(0x359509e4): Access is denied. (0x80070005)
23:22:23 [ERROR] could not set window position for HWND(0x292d0ac0): Access is denied. (0x80070005)
23:22:23 [ERROR] could not set window position for HWND(0x292d0ac0): Access is denied. (0x80070005)
23:22:23 [ERROR] could not set window position for HWND(0x292d0ac0): Access is denied. (0x80070005)
23:22:24 [ERROR] could not set window position for HWND(0x359509e4): Access is denied. (0x80070005)
23:22:24 [ERROR] could not set window position for HWND(0x359509e4): Access is denied. (0x80070005)
23:22:24 [ERROR] could not set window position for HWND(0x110b8e): Access is denied. (0x80070005)
23:22:24 [ERROR] could not set window position for HWND(0x110b8e): Access is denied. (0x80070005)
23:22:24 [ERROR] could not set window position for HWND(0x110b8e): Access is denied. (0x80070005)
23:22:27 [ERROR] could not set window position for HWND(0x277a0afe): Access is denied. (0x80070005)
23:22:27 [ERROR] could not set window position for HWND(0x277a0afe): Access is denied. (0x80070005)
23:22:53 [ERROR] could not set window position for HWND(0x359509e4): Access is denied. (0x80070005)
23:22:53 [ERROR] could not set window position for HWND(0x359509e4): Access is denied. (0x80070005)
23:22:53 [ERROR] could not set window position for HWND(0x359509e4): Access is denied. (0x80070005)
23:22:53 [ERROR] could not set window position for HWND(0x359509e4): Access is denied. (0x80070005)
23:22:53 [ERROR] could not get window rect for HWND(0xc06e6): The handle is invalid. (0x80070006)
23:45:37 [INFO] border is disabled for HWND(0x303d0)
23:56:39 [INFO] border is disabled for HWND(0x303d0)
23:57:33 [ERROR] could not set window position for HWND(0x137e04f4): Access is denied. (0x80070005)
23:57:33 [ERROR] could not set window position for HWND(0x137e04f4): Access is denied. (0x80070005)
23:57:33 [ERROR] could not set window position for HWND(0x137e04f4): Access is denied. (0x80070005)
23:57:41 [INFO] border is disabled for HWND(0x1203a6)
23:57:44 [ERROR] could not set window position for HWND(0x1105f4): Access is denied. (0x80070005)
23:57:44 [ERROR] could not set window position for HWND(0x1105f4): Access is denied. (0x80070005)
00:12:36 [INFO] border is disabled for HWND(0x1203a6)
00:12:37 [INFO] border is disabled for HWND(0x1203a6)
00:12:38 [INFO] border is disabled for HWND(0x1203a6)
00:12:39 [INFO] border is disabled for HWND(0x1203a6)
00:18:48 [INFO] border is disabled for HWND(0x1203a6)
00:29:30 [INFO] border is disabled for HWND(0x1203a6)
00:34:29 [INFO] border is disabled for HWND(0x1203a6)
01:06:22 [INFO] border is disabled for HWND(0x1203a6)
01:09:09 [INFO] border is disabled for HWND(0x1203a6)
01:11:17 [INFO] border is disabled for HWND(0x1203a6)
01:15:31 [INFO] border is disabled for HWND(0x1203a6)
01:28:14 [INFO] border is disabled for HWND(0x1203a6)
01:45:49 [INFO] border is disabled for HWND(0x1203a6)
01:58:30 [INFO] border is disabled for HWND(0x1203a6)
02:02:07 [INFO] border is disabled for HWND(0x1203a6)
02:09:51 [INFO] border is disabled for HWND(0x303d0)
02:11:00 [INFO] border is disabled for HWND(0x303d0)
02:11:04 [INFO] border is disabled for HWND(0x303d0)
02:11:41 [INFO] border is disabled for HWND(0x303d0)
02:12:19 [INFO] border is disabled for HWND(0x303d0)
02:13:21 [INFO] border is disabled for HWND(0x303d0)
02:13:58 [INFO] border is disabled for HWND(0x303d0)
02:15:46 [INFO] border is disabled for HWND(0x303d0)
02:17:17 [INFO] border is disabled for HWND(0x303d0)
02:21:15 [INFO] border is disabled for HWND(0x303d0)
02:22:43 [INFO] border is disabled for HWND(0x303d0)
02:23:04 [INFO] border is disabled for HWND(0x5e70548)
02:23:21 [INFO] border is disabled for HWND(0x904fc)
02:41:23 [INFO] border is disabled for HWND(0x1203a6)
03:02:04 [INFO] border is disabled for HWND(0x1203a6)
03:07:33 [INFO] border is disabled for HWND(0x21c80b20)
03:08:36 [INFO] border is disabled for HWND(0x101f2)
03:08:36 [INFO] border is disabled for HWND(0x301f8)
04:02:46 [INFO] border is disabled for HWND(0x13e60b5e)
04:03:08 [INFO] border is disabled for HWND(0x1304b0)
04:03:28 [INFO] border is disabled for HWND(0x23770790)
04:40:42 [ERROR] could not get window rect for HWND(0x4ab208e4): The handle is invalid. (0x80070006)
04:40:43 [ERROR] could not get window rect for HWND(0x32960794): The handle is invalid. (0x80070006)
11:28:41 [INFO] starting tacky-borders
11:28:42 [INFO] border is disabled for HWND(0x2062a)
11:41:45 [INFO] border is disabled for HWND(0x3066a)
11:42:17 [INFO] border is disabled for HWND(0x3066a)
11:42:28 [INFO] border is disabled for HWND(0x3066a)
12:16:42 [INFO] border is disabled for HWND(0x108b6)
12:40:37 [INFO] border is disabled for HWND(0x108b6)
12:41:03 [INFO] border is disabled for HWND(0x108b6)
12:41:21 [INFO] border is disabled for HWND(0x108b6)
12:41:57 [INFO] border is disabled for HWND(0x108b6)
12:41:59 [INFO] border is disabled for HWND(0x108b6)
12:43:55 [INFO] border is disabled for HWND(0x108b6)
12:46:09 [INFO] border is disabled for HWND(0x108b6)
12:46:36 [INFO] border is disabled for HWND(0x108b6)
12:46:42 [INFO] border is disabled for HWND(0x108b6)
12:46:43 [INFO] border is disabled for HWND(0x108b6)
13:31:10 [INFO] border is disabled for HWND(0x108b6)
13:53:50 [INFO] border is disabled for HWND(0x108b6)
13:53:53 [INFO] border is disabled for HWND(0x108b6)
14:10:09 [INFO] border is disabled for HWND(0x108b6)
14:10:14 [INFO] border is disabled for HWND(0x108b6)
14:10:18 [INFO] border is disabled for HWND(0x108b6)
14:14:16 [INFO] border is disabled for HWND(0x3066a)
14:43:54 [INFO] border is disabled for HWND(0x3062a)
14:48:19 [INFO] border is disabled for HWND(0x3066a)
14:54:55 [INFO] border is disabled for HWND(0x108b6)
15:00:38 [INFO] border is disabled for HWND(0x3066a)
15:08:22 [INFO] border is disabled for HWND(0x3066a)
15:09:35 [INFO] border is disabled for HWND(0x3066a)
15:09:39 [INFO] border is disabled for HWND(0x3066a)
15:11:16 [INFO] border is disabled for HWND(0x3066a)
15:15:38 [INFO] border is disabled for HWND(0x3066a)
15:16:15 [INFO] border is disabled for HWND(0x3066a)
15:16:26 [INFO] border is disabled for HWND(0x3066a)
15:16:45 [INFO] border is disabled for HWND(0x3066a)
15:17:08 [INFO] border is disabled for HWND(0x3066a)
15:17:42 [INFO] border is disabled for HWND(0x3066a)
15:17:53 [INFO] border is disabled for HWND(0x3066a)
15:18:29 [INFO] border is disabled for HWND(0x3066a)
15:18:44 [INFO] border is disabled for HWND(0x3066a)
15:20:25 [INFO] border is disabled for HWND(0x3066a)
15:23:07 [INFO] border is disabled for HWND(0x3066a)
15:25:09 [INFO] border is disabled for HWND(0x3066a)
15:25:43 [INFO] border is disabled for HWND(0x3066a)
15:25:44 [INFO] border is disabled for HWND(0x3066a)
15:25:52 [INFO] border is disabled for HWND(0x3066a)
15:26:08 [INFO] border is disabled for HWND(0x3066a)
15:28:33 [INFO] border is disabled for HWND(0x3066a)
15:30:56 [INFO] border is disabled for HWND(0x3066a)
15:33:16 [INFO] border is disabled for HWND(0x3066a)
15:33:33 [INFO] border is disabled for HWND(0x3066a)
15:33:42 [INFO] border is disabled for HWND(0x3066a)
15:33:46 [INFO] border is disabled for HWND(0x3066a)
15:34:52 [ERROR] could not retrieve window corner preference: The handle is invalid. (0x80070006)
15:34:53 [ERROR] could not get window rect for HWND(0x111a6): The handle is invalid. (0x80070006)
15:41:14 [INFO] border is disabled for HWND(0x3066a)
15:44:36 [INFO] border is disabled for HWND(0x3066a)
15:46:30 [INFO] border is disabled for HWND(0x3066a)
15:47:01 [INFO] border is disabled for HWND(0x3066a)
16:17:17 [INFO] border is disabled for HWND(0x3066a)
16:17:33 [INFO] border is disabled for HWND(0x3066a)
16:32:51 [INFO] border is disabled for HWND(0x3066a)
16:34:39 [INFO] border is disabled for HWND(0x3066a)
16:35:21 [INFO] border is disabled for HWND(0x3066a)
16:39:34 [ERROR] could not set window position for HWND(0x1014a0): Access is denied. (0x80070005)
16:39:34 [ERROR] could not set window position for HWND(0x1014a0): Access is denied. (0x80070005)
16:39:34 [ERROR] could not set window position for HWND(0x1014a0): Access is denied. (0x80070005)
16:40:38 [ERROR] could not set window position for HWND(0x4147c): Access is denied. (0x80070005)
16:40:38 [ERROR] could not set window position for HWND(0x4147c): Access is denied. (0x80070005)
16:40:38 [ERROR] could not set window position for HWND(0x4147c): Access is denied. (0x80070005)
16:40:41 [ERROR] could not set window position for HWND(0x4147c): Access is denied. (0x80070005)
16:40:41 [ERROR] could not set window position for HWND(0x4147c): Access is denied. (0x80070005)
16:40:46 [ERROR] could not set window position for HWND(0x4147c): Access is denied. (0x80070005)
16:40:46 [ERROR] could not set window position for HWND(0x4147c): Access is denied. (0x80070005)
16:40:48 [ERROR] could not set window position for HWND(0x4147c): Access is denied. (0x80070005)
16:40:48 [ERROR] could not set window position for HWND(0x4147c): Access is denied. (0x80070005)
16:48:17 [ERROR] could not set window position for HWND(0xe145e): Access is denied. (0x80070005)
16:48:17 [ERROR] could not set window position for HWND(0xe145e): Access is denied. (0x80070005)
16:48:17 [ERROR] could not set window position for HWND(0xe145e): Access is denied. (0x80070005)
16:49:03 [INFO] border is disabled for HWND(0x3066a)
16:49:08 [INFO] border is disabled for HWND(0x3066a)
16:49:08 [INFO] border is disabled for HWND(0x3066a)
16:50:25 [INFO] border is disabled for HWND(0x3066a)
16:50:32 [INFO] border is disabled for HWND(0x3066a)
16:51:04 [INFO] border is disabled for HWND(0x3066a)
16:51:45 [ERROR] could not set window position for HWND(0x27dd099e): Access is denied. (0x80070005)
16:51:45 [ERROR] could not set window position for HWND(0x27dd099e): Access is denied. (0x80070005)
16:51:45 [ERROR] could not set window position for HWND(0x27dd099e): Access is denied. (0x80070005)
16:54:11 [INFO] border is disabled for HWND(0x3066a)
17:03:35 [ERROR] could not set window position for HWND(0x310ae4): Access is denied. (0x80070005)
17:03:35 [ERROR] could not set window position for HWND(0x310ae4): Access is denied. (0x80070005)
17:03:35 [ERROR] could not set window position for HWND(0x310ae4): Access is denied. (0x80070005)
17:10:39 [INFO] border is disabled for HWND(0x3066a)
17:12:48 [ERROR] could not set window position for HWND(0x1b1368): Access is denied. (0x80070005)
17:12:48 [ERROR] could not set window position for HWND(0x1b1368): Access is denied. (0x80070005)
17:12:48 [ERROR] could not set window position for HWND(0x1b1368): Access is denied. (0x80070005)
17:13:15 [INFO] border is disabled for HWND(0x3066a)
17:13:30 [INFO] border is disabled for HWND(0x3066a)
17:13:43 [INFO] border is disabled for HWND(0x3066a)
17:13:48 [INFO] border is disabled for HWND(0x3066a)
17:15:06 [ERROR] could not set window position for HWND(0x1c440a22): Access is denied. (0x80070005)
17:15:06 [ERROR] could not set window position for HWND(0x1c440a22): Access is denied. (0x80070005)
17:15:06 [ERROR] could not set window position for HWND(0x1c440a22): Access is denied. (0x80070005)
17:17:18 [ERROR] could not set window position for HWND(0x111430): Access is denied. (0x80070005)
17:17:18 [ERROR] could not set window position for HWND(0x111430): Access is denied. (0x80070005)
17:17:18 [ERROR] could not set window position for HWND(0x111430): Access is denied. (0x80070005)
17:17:55 [ERROR] could not set window position for HWND(0x111430): Access is denied. (0x80070005)
17:17:55 [ERROR] could not set window position for HWND(0x111430): Access is denied. (0x80070005)
17:18:15 [ERROR] could not set window position for HWND(0x281390): Access is denied. (0x80070005)
17:18:15 [ERROR] could not set window position for HWND(0x281390): Access is denied. (0x80070005)
17:19:28 [INFO] border is disabled for HWND(0x3066a)
17:22:59 [ERROR] could not set window position for HWND(0x16142a): Access is denied. (0x80070005)
17:22:59 [ERROR] could not set window position for HWND(0x16142a): Access is denied. (0x80070005)
17:47:13 [ERROR] could not set window position for HWND(0x208f0a68): Access is denied. (0x80070005)
17:47:13 [ERROR] could not set window position for HWND(0x208f0a68): Access is denied. (0x80070005)
17:47:13 [ERROR] could not set window position for HWND(0x208f0a68): Access is denied. (0x80070005)
17:48:03 [INFO] border is disabled for HWND(0x3066a)
17:54:58 [INFO] border is disabled for HWND(0x3066a)
17:55:14 [INFO] border is disabled for HWND(0x3066a)
17:55:57 [INFO] border is disabled for HWND(0x3066a)
17:56:00 [INFO] border is disabled for HWND(0x3066a)
17:59:06 [INFO] border is disabled for HWND(0x3066a)
17:59:12 [INFO] border is disabled for HWND(0x3066a)
18:05:33 [ERROR] could not set window position for HWND(0x3a1406): Access is denied. (0x80070005)
18:05:33 [ERROR] could not set window position for HWND(0x3a1406): Access is denied. (0x80070005)
18:05:33 [ERROR] could not set window position for HWND(0x3a1406): Access is denied. (0x80070005)
18:12:10 [INFO] border is disabled for HWND(0x3066a)
18:12:19 [INFO] border is disabled for HWND(0x3066a)
18:16:00 [INFO] border is disabled for HWND(0x3066a)
18:19:47 [INFO] border is disabled for HWND(0x3066a)
18:33:02 [INFO] border is disabled for HWND(0x3066a)
18:33:20 [INFO] border is disabled for HWND(0x3066a)
18:50:31 [INFO] border is disabled for HWND(0x3066a)
18:50:37 [INFO] border is disabled for HWND(0x3066a)
18:58:49 [INFO] border is disabled for HWND(0x3066a)
18:59:01 [INFO] border is disabled for HWND(0x3066a)
18:59:52 [INFO] border is disabled for HWND(0x3066a)
19:00:09 [INFO] border is disabled for HWND(0x3066a)
19:01:19 [INFO] border is disabled for HWND(0x3066a)
19:01:28 [INFO] border is disabled for HWND(0x3066a)
19:01:37 [INFO] border is disabled for HWND(0x3066a)
19:02:01 [INFO] border is disabled for HWND(0x3066a)
19:04:38 [INFO] border is disabled for HWND(0x4062a)
19:17:14 [INFO] border is disabled for HWND(0x108b6)
19:25:10 [INFO] border is disabled for HWND(0x108b6)
19:28:06 [INFO] border is disabled for HWND(0x108b6)
21:12:58 [INFO] border is disabled for HWND(0x108b6)
21:18:47 [INFO] border is disabled for HWND(0x108b6)
21:42:17 [INFO] border is disabled for HWND(0x108b6)
21:42:40 [INFO] border is disabled for HWND(0x28092c)
22:13:06 [INFO] border is disabled for HWND(0x29092c)
22:18:39 [INFO] border is disabled for HWND(0x2a092c)
22:18:45 [INFO] border is disabled for HWND(0x108b6)
22:18:50 [INFO] border is disabled for HWND(0x2b092c)
22:19:15 [INFO] border is disabled for HWND(0xf12b8)
22:19:30 [INFO] border is disabled for HWND(0x108b6)
23:27:09 [INFO] border is disabled for HWND(0x40bda)
23:47:26 [INFO] border is disabled for HWND(0x3066a)
23:57:59 [INFO] border is disabled for HWND(0x108b6)
23:58:05 [INFO] border is disabled for HWND(0x108b6)
23:58:07 [INFO] border is disabled for HWND(0x108b6)
23:58:08 [INFO] border is disabled for HWND(0x108b6)
00:08:10 [INFO] border is disabled for HWND(0x108b6)
00:08:10 [INFO] border is disabled for HWND(0x108b6)
00:12:37 [INFO] border is disabled for HWND(0x108b6)
00:12:44 [INFO] border is disabled for HWND(0x108b6)
00:12:51 [INFO] border is disabled for HWND(0x108b6)
00:15:29 [INFO] border is disabled for HWND(0x108b6)
00:15:32 [INFO] border is disabled for HWND(0x108b6)
00:18:58 [INFO] border is disabled for HWND(0x108b6)
00:18:59 [INFO] border is disabled for HWND(0x3066a)
00:30:16 [INFO] border is disabled for HWND(0x108b6)
00:30:22 [INFO] border is disabled for HWND(0x108b6)
00:39:38 [INFO] border is disabled for HWND(0x108b6)
00:41:38 [INFO] border is disabled for HWND(0x108b6)
00:41:51 [INFO] border is disabled for HWND(0x108b6)
00:44:23 [INFO] border is disabled for HWND(0x108b6)
01:10:40 [INFO] border is disabled for HWND(0x108b6)
01:23:39 [INFO] border is disabled for HWND(0x108b6)
01:24:15 [INFO] border is disabled for HWND(0x108b6)
01:37:29 [INFO] border is disabled for HWND(0x108b6)
02:08:46 [INFO] border is disabled for HWND(0x108b6)
02:09:49 [INFO] border is disabled for HWND(0x108b6)
02:11:11 [INFO] border is disabled for HWND(0x108b6)
02:13:37 [INFO] border is disabled for HWND(0x108b6)
02:57:39 [INFO] border is disabled for HWND(0x108b6)
03:46:34 [ERROR] could not set window position for HWND(0x3d07c6): Access is denied. (0x80070005)
03:46:34 [ERROR] could not set window position for HWND(0x3d07c6): Access is denied. (0x80070005)
03:47:10 [ERROR] could not set window position for HWND(0x906c8): Access is denied. (0x80070005)
03:47:10 [ERROR] could not set window position for HWND(0x906c8): Access is denied. (0x80070005)
03:47:10 [ERROR] could not set window position for HWND(0x906c8): Access is denied. (0x80070005)
03:47:10 [ERROR] could not set window position for HWND(0x906c8): Access is denied. (0x80070005)
03:47:10 [ERROR] could not set window position for HWND(0x906c8): Access is denied. (0x80070005)
03:47:10 [ERROR] could not set window position for HWND(0x401384): Access is denied. (0x80070005)
03:47:10 [ERROR] could not set window position for HWND(0x401384): Access is denied. (0x80070005)
03:47:10 [ERROR] could not set window position for HWND(0x401384): Access is denied. (0x80070005)
03:47:10 [ERROR] could not set window position for HWND(0x401384): Access is denied. (0x80070005)
03:47:10 [ERROR] could not set window position for HWND(0xc0c04): Access is denied. (0x80070005)
03:47:10 [ERROR] could not set window position for HWND(0xc0c04): Access is denied. (0x80070005)
03:47:11 [ERROR] could not set window position for HWND(0xe0c04): Access is denied. (0x80070005)
03:47:11 [ERROR] could not set window position for HWND(0xe0c04): Access is denied. (0x80070005)
03:47:11 [ERROR] could not set window position for HWND(0xe0c04): Access is denied. (0x80070005)
03:47:12 [ERROR] could not set window position for HWND(0xf0c04): Access is denied. (0x80070005)
03:47:12 [ERROR] could not set window position for HWND(0xf0c04): Access is denied. (0x80070005)
03:47:12 [ERROR] could not set window position for HWND(0xf0c04): Access is denied. (0x80070005)
03:47:12 [ERROR] could not set window position for HWND(0xf0c04): Access is denied. (0x80070005)
03:47:20 [ERROR] could not set window position for HWND(0x259d0a44): Access is denied. (0x80070005)
03:47:20 [ERROR] could not set window position for HWND(0x259d0a44): Access is denied. (0x80070005)
03:47:21 [ERROR] could not set window position for HWND(0x2f13d6): Access is denied. (0x80070005)
03:47:21 [ERROR] could not set window position for HWND(0x2f13d6): Access is denied. (0x80070005)
03:47:21 [ERROR] could not set window position for HWND(0x259f0a44): Access is denied. (0x80070005)
03:47:21 [ERROR] could not set window position for HWND(0x259f0a44): Access is denied. (0x80070005)
03:47:24 [ERROR] could not set window position for HWND(0x25a00a44): Access is denied. (0x80070005)
03:47:24 [ERROR] could not set window position for HWND(0x25a00a44): Access is denied. (0x80070005)
03:47:24 [ERROR] could not set window position for HWND(0x25a00a44): Access is denied. (0x80070005)
03:47:24 [ERROR] could not set window position for HWND(0x140758): Access is denied. (0x80070005)
03:47:25 [ERROR] could not set window position for HWND(0x25a10a44): Access is denied. (0x80070005)
03:47:25 [ERROR] could not set window position for HWND(0x25a10a44): Access is denied. (0x80070005)
03:47:25 [ERROR] could not set window position for HWND(0x25a10a44): Access is denied. (0x80070005)
03:48:35 [INFO] border is disabled for HWND(0x108b6)
03:48:46 [INFO] border is disabled for HWND(0x108b6)
03:48:48 [INFO] border is disabled for HWND(0x108b6)
03:48:49 [INFO] border is disabled for HWND(0x108b6)
03:49:01 [ERROR] could not set window position for HWND(0x10038a): Access is denied. (0x80070005)
03:49:01 [ERROR] could not set window position for HWND(0x10038a): Access is denied. (0x80070005)
03:50:54 [ERROR] could not set window position for HWND(0x15047c): Access is denied. (0x80070005)
03:50:54 [ERROR] could not set window position for HWND(0x15047c): Access is denied. (0x80070005)
03:50:54 [ERROR] could not set window position for HWND(0x2719093e): Access is denied. (0x80070005)
03:50:54 [ERROR] could not set window position for HWND(0x2719093e): Access is denied. (0x80070005)
03:50:59 [ERROR] could not set window position for HWND(0x25c80998): Access is denied. (0x80070005)
03:50:59 [ERROR] could not set window position for HWND(0x25c80998): Access is denied. (0x80070005)
03:51:02 [ERROR] could not set window position for HWND(0x25c90998): Access is denied. (0x80070005)
03:51:02 [ERROR] could not set window position for HWND(0x25c90998): Access is denied. (0x80070005)
03:51:02 [ERROR] could not set window position for HWND(0x25c90998): Access is denied. (0x80070005)
03:51:05 [ERROR] could not set window position for HWND(0x503ac): Access is denied. (0x80070005)
03:51:05 [ERROR] could not set window position for HWND(0x503ac): Access is denied. (0x80070005)
03:51:07 [ERROR] could not set window position for HWND(0x25ca0998): Access is denied. (0x80070005)
03:51:07 [ERROR] could not set window position for HWND(0x25ca0998): Access is denied. (0x80070005)
03:51:07 [ERROR] could not set window position for HWND(0x25ca0998): Access is denied. (0x80070005)
03:51:26 [ERROR] could not set window position for HWND(0xafc09dc): Access is denied. (0x80070005)
03:51:26 [ERROR] could not set window position for HWND(0xafc09dc): Access is denied. (0x80070005)
03:51:26 [ERROR] could not set window position for HWND(0xafc09dc): Access is denied. (0x80070005)
03:51:26 [ERROR] could not set window position for HWND(0xafc09dc): Access is denied. (0x80070005)
03:51:26 [ERROR] could not set window position for HWND(0xafc09dc): Access is denied. (0x80070005)
03:51:26 [ERROR] could not set window position for HWND(0xafc09dc): Access is denied. (0x80070005)
03:51:26 [ERROR] could not set window position for HWND(0xafc09dc): Access is denied. (0x80070005)
03:51:26 [ERROR] could not set window position for HWND(0x107d0776): Access is denied. (0x80070005)
03:51:26 [ERROR] could not set window position for HWND(0x107d0776): Access is denied. (0x80070005)
03:51:26 [ERROR] could not set window position for HWND(0x107d0776): Access is denied. (0x80070005)
03:51:26 [ERROR] could not set window position for HWND(0x20110980): Access is denied. (0x80070005)
03:51:26 [ERROR] could not set window position for HWND(0x20110980): Access is denied. (0x80070005)
03:51:27 [ERROR] could not set window position for HWND(0x20130980): Access is denied. (0x80070005)
03:51:27 [ERROR] could not set window position for HWND(0x20130980): Access is denied. (0x80070005)
03:51:27 [ERROR] could not set window position for HWND(0x20130980): Access is denied. (0x80070005)
03:51:28 [ERROR] could not set window position for HWND(0x20140980): Access is denied. (0x80070005)
03:51:28 [ERROR] could not set window position for HWND(0x20140980): Access is denied. (0x80070005)
03:51:28 [ERROR] could not set window position for HWND(0x20140980): Access is denied. (0x80070005)
03:51:56 [ERROR] could not set window position for HWND(0x300400): Access is denied. (0x80070005)
03:51:56 [ERROR] could not set window position for HWND(0x300400): Access is denied. (0x80070005)
03:51:56 [ERROR] could not set window position for HWND(0x300400): Access is denied. (0x80070005)
03:51:56 [ERROR] could not set window position for HWND(0x300400): Access is denied. (0x80070005)
03:51:56 [ERROR] could not set window position for HWND(0x300400): Access is denied. (0x80070005)
03:51:56 [ERROR] could not set window position for HWND(0x300400): Access is denied. (0x80070005)
03:51:56 [ERROR] could not set window position for HWND(0x2b0740): Access is denied. (0x80070005)
03:51:56 [ERROR] could not set window position for HWND(0x2b0740): Access is denied. (0x80070005)
03:51:56 [ERROR] could not set window position for HWND(0x2b0740): Access is denied. (0x80070005)
03:51:56 [ERROR] could not set window position for HWND(0x6c1432): Access is denied. (0x80070005)
03:51:56 [ERROR] could not set window position for HWND(0x6c1432): Access is denied. (0x80070005)
03:51:57 [ERROR] could not set window position for HWND(0x6e1432): Access is denied. (0x80070005)
03:51:57 [ERROR] could not set window position for HWND(0x6e1432): Access is denied. (0x80070005)
03:51:57 [ERROR] could not set window position for HWND(0x6e1432): Access is denied. (0x80070005)
03:51:59 [ERROR] could not set window position for HWND(0x6f1432): Access is denied. (0x80070005)
03:51:59 [ERROR] could not set window position for HWND(0x6f1432): Access is denied. (0x80070005)
03:51:59 [ERROR] could not set window position for HWND(0x6f1432): Access is denied. (0x80070005)
03:52:04 [ERROR] could not set window position for HWND(0x27b4096e): Access is denied. (0x80070005)
03:52:04 [ERROR] could not set window position for HWND(0x27b4096e): Access is denied. (0x80070005)
03:52:04 [ERROR] could not set window position for HWND(0x27b4096e): Access is denied. (0x80070005)
03:52:04 [ERROR] could not set window position for HWND(0x27b4096e): Access is denied. (0x80070005)
03:52:04 [ERROR] could not set window position for HWND(0x27b4096e): Access is denied. (0x80070005)
03:52:04 [ERROR] could not set window position for HWND(0x2e0740): Access is denied. (0x80070005)
03:52:04 [ERROR] could not set window position for HWND(0x2e0740): Access is denied. (0x80070005)
03:52:04 [ERROR] could not set window position for HWND(0x2e0740): Access is denied. (0x80070005)
03:52:04 [ERROR] could not set window position for HWND(0x25d40998): Access is denied. (0x80070005)
03:52:04 [ERROR] could not set window position for HWND(0x25d40998): Access is denied. (0x80070005)
03:52:06 [ERROR] could not set window position for HWND(0x25d60998): Access is denied. (0x80070005)
03:52:06 [ERROR] could not set window position for HWND(0x25d60998): Access is denied. (0x80070005)
03:52:06 [ERROR] could not set window position for HWND(0x25d60998): Access is denied. (0x80070005)
03:52:07 [ERROR] could not set window position for HWND(0x25d70998): Access is denied. (0x80070005)
03:52:07 [ERROR] could not set window position for HWND(0x25d70998): Access is denied. (0x80070005)
03:52:07 [ERROR] could not set window position for HWND(0x25d70998): Access is denied. (0x80070005)
03:52:11 [ERROR] could not set window position for HWND(0x2607d4): Access is denied. (0x80070005)
03:52:11 [ERROR] could not set window position for HWND(0x2607d4): Access is denied. (0x80070005)
03:52:11 [ERROR] could not set window position for HWND(0x2607d4): Access is denied. (0x80070005)
03:52:11 [ERROR] could not set window position for HWND(0x2607d4): Access is denied. (0x80070005)
03:52:11 [ERROR] could not set window position for HWND(0x2607d4): Access is denied. (0x80070005)
03:52:11 [ERROR] could not set window position for HWND(0x310740): Access is denied. (0x80070005)
03:52:11 [ERROR] could not set window position for HWND(0x310740): Access is denied. (0x80070005)
03:52:11 [ERROR] could not set window position for HWND(0x310740): Access is denied. (0x80070005)
03:52:11 [ERROR] could not set window position for HWND(0x310740): Access is denied. (0x80070005)
03:52:11 [ERROR] could not set window position for HWND(0x1b037a): Access is denied. (0x80070005)
03:52:11 [ERROR] could not set window position for HWND(0x1b037a): Access is denied. (0x80070005)
03:52:13 [ERROR] could not set window position for HWND(0x1d037a): Access is denied. (0x80070005)
03:52:13 [ERROR] could not set window position for HWND(0x1d037a): Access is denied. (0x80070005)
03:52:13 [ERROR] could not set window position for HWND(0x1d037a): Access is denied. (0x80070005)
03:52:14 [ERROR] could not set window position for HWND(0x1e037a): Access is denied. (0x80070005)
03:52:14 [ERROR] could not set window position for HWND(0x1e037a): Access is denied. (0x80070005)
03:52:14 [ERROR] could not set window position for HWND(0x1e037a): Access is denied. (0x80070005)
03:52:18 [ERROR] could not set window position for HWND(0x360400): Access is denied. (0x80070005)
03:52:18 [ERROR] could not set window position for HWND(0x360400): Access is denied. (0x80070005)
03:52:18 [ERROR] could not set window position for HWND(0x360400): Access is denied. (0x80070005)
03:52:18 [ERROR] could not set window position for HWND(0x360400): Access is denied. (0x80070005)
03:52:18 [ERROR] could not set window position for HWND(0x360400): Access is denied. (0x80070005)
03:52:18 [ERROR] could not set window position for HWND(0x360400): Access is denied. (0x80070005)
03:52:18 [ERROR] could not set window position for HWND(0x2906c2): Access is denied. (0x80070005)
03:52:18 [ERROR] could not set window position for HWND(0x2906c2): Access is denied. (0x80070005)
03:52:18 [ERROR] could not set window position for HWND(0x2906c2): Access is denied. (0x80070005)
03:52:19 [ERROR] could not set window position for HWND(0x7206e6): Access is denied. (0x80070005)
03:52:19 [ERROR] could not set window position for HWND(0x7206e6): Access is denied. (0x80070005)
03:52:19 [ERROR] could not set window position for HWND(0x7406e6): Access is denied. (0x80070005)
03:52:19 [ERROR] could not set window position for HWND(0x7406e6): Access is denied. (0x80070005)
03:52:19 [ERROR] could not set window position for HWND(0x7406e6): Access is denied. (0x80070005)
03:52:21 [ERROR] could not set window position for HWND(0x7506e6): Access is denied. (0x80070005)
03:52:21 [ERROR] could not set window position for HWND(0x7506e6): Access is denied. (0x80070005)
03:52:21 [ERROR] could not set window position for HWND(0x7506e6): Access is denied. (0x80070005)
03:52:25 [ERROR] could not set window position for HWND(0x1703ba): Access is denied. (0x80070005)
03:52:25 [ERROR] could not set window position for HWND(0x1703ba): Access is denied. (0x80070005)
03:52:25 [ERROR] could not set window position for HWND(0x1703ba): Access is denied. (0x80070005)
03:52:25 [ERROR] could not set window position for HWND(0x1703ba): Access is denied. (0x80070005)
03:52:25 [ERROR] could not set window position for HWND(0x1703ba): Access is denied. (0x80070005)
03:52:25 [ERROR] could not set window position for HWND(0x1703ba): Access is denied. (0x80070005)
03:52:25 [ERROR] could not set window position for HWND(0x380400): Access is denied. (0x80070005)
03:52:25 [ERROR] could not set window position for HWND(0x380400): Access is denied. (0x80070005)
03:52:25 [ERROR] could not set window position for HWND(0x380400): Access is denied. (0x80070005)
03:52:25 [ERROR] could not set window position for HWND(0x24037a): Access is denied. (0x80070005)
03:52:25 [ERROR] could not set window position for HWND(0x24037a): Access is denied. (0x80070005)
03:52:26 [ERROR] could not set window position for HWND(0x26037a): Access is denied. (0x80070005)
03:52:26 [ERROR] could not set window position for HWND(0x26037a): Access is denied. (0x80070005)
03:52:26 [ERROR] could not set window position for HWND(0x26037a): Access is denied. (0x80070005)
03:52:27 [ERROR] could not set window position for HWND(0x27037a): Access is denied. (0x80070005)
03:52:27 [ERROR] could not set window position for HWND(0x27037a): Access is denied. (0x80070005)
03:52:27 [ERROR] could not set window position for HWND(0x27037a): Access is denied. (0x80070005)
03:52:46 [ERROR] could not set window position for HWND(0x108f0776): Access is denied. (0x80070005)
03:52:46 [ERROR] could not set window position for HWND(0x108f0776): Access is denied. (0x80070005)
03:52:57 [ERROR] could not set window position for HWND(0x2f037a): Access is denied. (0x80070005)
03:52:57 [ERROR] could not set window position for HWND(0x2f037a): Access is denied. (0x80070005)
03:52:57 [ERROR] could not set window position for HWND(0x2f037a): Access is denied. (0x80070005)
03:53:34 [ERROR] could not set window position for HWND(0x2732093e): Access is denied. (0x80070005)
03:53:34 [ERROR] could not set window position for HWND(0x2732093e): Access is denied. (0x80070005)
03:53:38 [ERROR] could not set window position for HWND(0x16fc08c2): Access is denied. (0x80070005)
03:53:38 [ERROR] could not set window position for HWND(0x16fc08c2): Access is denied. (0x80070005)
03:53:38 [ERROR] could not set window position for HWND(0x16fc08c2): Access is denied. (0x80070005)
03:53:49 [ERROR] could not set window position for HWND(0x3a037a): Access is denied. (0x80070005)
03:53:49 [ERROR] could not set window position for HWND(0x3a037a): Access is denied. (0x80070005)
03:53:49 [ERROR] could not set window position for HWND(0x3a037a): Access is denied. (0x80070005)
03:54:00 [ERROR] could not set window position for HWND(0x30047c): Access is denied. (0x80070005)
03:54:00 [ERROR] could not set window position for HWND(0x30047c): Access is denied. (0x80070005)
03:54:02 [ERROR] could not set window position for HWND(0x31047c): Access is denied. (0x80070005)
03:54:02 [ERROR] could not set window position for HWND(0x31047c): Access is denied. (0x80070005)
03:54:02 [ERROR] could not set window position for HWND(0x31047c): Access is denied. (0x80070005)
03:54:02 [ERROR] could not set window position for HWND(0x31047c): Access is denied. (0x80070005)
03:54:02 [ERROR] could not set window position for HWND(0x254c09b6): Access is denied. (0x80070005)
03:54:02 [ERROR] could not set window position for HWND(0x254c09b6): Access is denied. (0x80070005)
03:54:02 [ERROR] could not set window position for HWND(0x254c09b6): Access is denied. (0x80070005)
03:54:06 [ERROR] could not set window position for HWND(0x34047c): Access is denied. (0x80070005)
03:54:06 [ERROR] could not set window position for HWND(0x34047c): Access is denied. (0x80070005)
03:54:12 [ERROR] could not set window position for HWND(0x170a08c2): Access is denied. (0x80070005)
03:54:12 [ERROR] could not set window position for HWND(0x170a08c2): Access is denied. (0x80070005)
03:54:12 [ERROR] could not set window position for HWND(0x4f0400): Access is denied. (0x80070005)
03:54:12 [ERROR] could not set window position for HWND(0x4f0400): Access is denied. (0x80070005)
03:54:14 [ERROR] could not get window rect for HWND(0xd110940): The handle is invalid. (0x80070006)
03:54:23 [ERROR] could not set window position for HWND(0x330d7c): Access is denied. (0x80070005)
03:54:23 [ERROR] could not set window position for HWND(0x330d7c): Access is denied. (0x80070005)
03:54:23 [ERROR] could not set window position for HWND(0x330d7c): Access is denied. (0x80070005)
03:54:24 [ERROR] could not get window rect for HWND(0x340d7c): The handle is invalid. (0x80070006)
03:54:24 [ERROR] could not set window position for HWND(0x350d7c): Access is denied. (0x80070005)
03:54:24 [ERROR] could not set window position for HWND(0x350d7c): Access is denied. (0x80070005)
03:54:24 [ERROR] could not set window position for HWND(0x350d7c): Access is denied. (0x80070005)
03:56:38 [ERROR] could not set window position for HWND(0x5a0400): Access is denied. (0x80070005)
03:56:38 [ERROR] could not set window position for HWND(0x5a0400): Access is denied. (0x80070005)
03:56:38 [ERROR] could not set window position for HWND(0x5a0400): Access is denied. (0x80070005)
03:56:38 [ERROR] could not set window position for HWND(0x5a0400): Access is denied. (0x80070005)
03:56:38 [ERROR] could not set window position for HWND(0x5a0400): Access is denied. (0x80070005)
03:56:38 [ERROR] could not set window position for HWND(0x5a0400): Access is denied. (0x80070005)
03:56:39 [ERROR] could not set window position for HWND(0x20340980): Access is denied. (0x80070005)
03:56:39 [ERROR] could not set window position for HWND(0x20340980): Access is denied. (0x80070005)
03:56:39 [ERROR] could not set window position for HWND(0x20340980): Access is denied. (0x80070005)
03:56:39 [ERROR] could not set window position for HWND(0x20340980): Access is denied. (0x80070005)
03:56:39 [ERROR] could not set window position for HWND(0x3a1026): Access is denied. (0x80070005)
03:56:39 [ERROR] could not set window position for HWND(0x3a1026): Access is denied. (0x80070005)
03:56:40 [ERROR] could not set window position for HWND(0x3c1026): Access is denied. (0x80070005)
03:56:40 [ERROR] could not set window position for HWND(0x3c1026): Access is denied. (0x80070005)
03:56:40 [ERROR] could not set window position for HWND(0x3c1026): Access is denied. (0x80070005)
03:56:41 [ERROR] could not set window position for HWND(0x3d1026): Access is denied. (0x80070005)
03:56:41 [ERROR] could not set window position for HWND(0x3d1026): Access is denied. (0x80070005)
03:56:41 [ERROR] could not set window position for HWND(0x3d1026): Access is denied. (0x80070005)
03:57:03 [ERROR] could not set window position for HWND(0x340738): Access is denied. (0x80070005)
03:57:03 [ERROR] could not set window position for HWND(0x340738): Access is denied. (0x80070005)
03:57:03 [ERROR] could not set window position for HWND(0x340738): Access is denied. (0x80070005)
03:57:03 [ERROR] could not set window position for HWND(0x340738): Access is denied. (0x80070005)
03:57:03 [ERROR] could not set window position for HWND(0x340738): Access is denied. (0x80070005)
03:57:03 [ERROR] could not set window position for HWND(0x340738): Access is denied. (0x80070005)
03:57:03 [ERROR] could not set window position for HWND(0x20a2089e): Access is denied. (0x80070005)
03:57:03 [ERROR] could not set window position for HWND(0x20a2089e): Access is denied. (0x80070005)
03:57:03 [ERROR] could not set window position for HWND(0x20a2089e): Access is denied. (0x80070005)
03:57:03 [ERROR] could not set window position for HWND(0x37073e): Access is denied. (0x80070005)
03:57:03 [ERROR] could not set window position for HWND(0x37073e): Access is denied. (0x80070005)
03:57:05 [ERROR] could not set window position for HWND(0x39073e): Access is denied. (0x80070005)
03:57:05 [ERROR] could not set window position for HWND(0x39073e): Access is denied. (0x80070005)
03:57:05 [ERROR] could not set window position for HWND(0x39073e): Access is denied. (0x80070005)
03:57:05 [ERROR] could not get window rect for HWND(0xb1f09dc): The handle is invalid. (0x80070006)
03:57:05 [ERROR] could not get window rect for HWND(0xb2009dc): The handle is invalid. (0x80070006)
03:57:05 [ERROR] could not get window rect for HWND(0xb2109dc): The handle is invalid. (0x80070006)
03:57:05 [ERROR] could not get window rect for HWND(0xb2209dc): The handle is invalid. (0x80070006)
03:57:05 [ERROR] could not get window rect for HWND(0xb2309dc): The handle is invalid. (0x80070006)
03:57:06 [ERROR] could not get window rect for HWND(0x10a70776): The handle is invalid. (0x80070006)
03:57:06 [ERROR] could not set window position for HWND(0x3b073e): Access is denied. (0x80070005)
03:57:06 [ERROR] could not set window position for HWND(0x3b073e): Access is denied. (0x80070005)
03:57:06 [ERROR] could not set window position for HWND(0x3b073e): Access is denied. (0x80070005)
03:57:19 [ERROR] could not set window position for HWND(0x3b0be0): Access is denied. (0x80070005)
03:57:19 [ERROR] could not set window position for HWND(0x3b0be0): Access is denied. (0x80070005)
03:57:19 [ERROR] could not set window position for HWND(0x3b0be0): Access is denied. (0x80070005)
03:57:19 [ERROR] could not set window position for HWND(0x3b0be0): Access is denied. (0x80070005)
03:57:19 [ERROR] could not set window position for HWND(0x3b0be0): Access is denied. (0x80070005)
03:57:19 [ERROR] could not set window position for HWND(0x3b0be0): Access is denied. (0x80070005)
03:57:19 [ERROR] could not set window position for HWND(0x25f60998): Access is denied. (0x80070005)
03:57:19 [ERROR] could not set window position for HWND(0x25f60998): Access is denied. (0x80070005)
03:57:19 [ERROR] could not set window position for HWND(0x25f60998): Access is denied. (0x80070005)
03:57:19 [ERROR] could not set window position for HWND(0x166409da): Access is denied. (0x80070005)
03:57:19 [ERROR] could not set window position for HWND(0x166409da): Access is denied. (0x80070005)
03:57:20 [ERROR] could not set window position for HWND(0x166609da): Access is denied. (0x80070005)
03:57:20 [ERROR] could not set window position for HWND(0x166609da): Access is denied. (0x80070005)
03:57:20 [ERROR] could not set window position for HWND(0x166609da): Access is denied. (0x80070005)
03:57:21 [ERROR] could not set window position for HWND(0x166709da): Access is denied. (0x80070005)
03:57:21 [ERROR] could not set window position for HWND(0x166709da): Access is denied. (0x80070005)
03:57:21 [ERROR] could not set window position for HWND(0x166709da): Access is denied. (0x80070005)
03:57:40 [ERROR] could not set window position for HWND(0x42047c): Access is denied. (0x80070005)
03:57:40 [ERROR] could not set window position for HWND(0x42047c): Access is denied. (0x80070005)
03:57:40 [ERROR] could not set window position for HWND(0x42047c): Access is denied. (0x80070005)
03:57:40 [ERROR] could not set window position for HWND(0x42047c): Access is denied. (0x80070005)
03:57:40 [ERROR] could not set window position for HWND(0x42047c): Access is denied. (0x80070005)
03:57:40 [ERROR] could not set window position for HWND(0x42047c): Access is denied. (0x80070005)
03:57:40 [ERROR] could not set window position for HWND(0x1e072c): Access is denied. (0x80070005)
03:57:40 [ERROR] could not set window position for HWND(0x1e072c): Access is denied. (0x80070005)
03:57:40 [ERROR] could not set window position for HWND(0x1e072c): Access is denied. (0x80070005)
03:57:40 [ERROR] could not set window position for HWND(0x171b08c2): Access is denied. (0x80070005)
03:57:40 [ERROR] could not set window position for HWND(0x171b08c2): Access is denied. (0x80070005)
03:57:41 [ERROR] could not set window position for HWND(0x171d08c2): Access is denied. (0x80070005)
03:57:41 [ERROR] could not set window position for HWND(0x171d08c2): Access is denied. (0x80070005)
03:57:41 [ERROR] could not set window position for HWND(0x171d08c2): Access is denied. (0x80070005)
03:57:42 [ERROR] could not set window position for HWND(0x171e08c2): Access is denied. (0x80070005)
03:57:42 [ERROR] could not set window position for HWND(0x171e08c2): Access is denied. (0x80070005)
03:57:42 [ERROR] could not set window position for HWND(0x171e08c2): Access is denied. (0x80070005)
03:58:33 [ERROR] could not set window position for HWND(0x4606c2): Access is denied. (0x80070005)
03:58:33 [ERROR] could not set window position for HWND(0x4606c2): Access is denied. (0x80070005)
03:58:33 [ERROR] could not set window position for HWND(0x4606c2): Access is denied. (0x80070005)
03:58:33 [ERROR] could not set window position for HWND(0x4606c2): Access is denied. (0x80070005)
03:58:33 [ERROR] could not set window position for HWND(0x4606c2): Access is denied. (0x80070005)
03:58:33 [ERROR] could not set window position for HWND(0x4606c2): Access is denied. (0x80070005)
03:58:33 [ERROR] could not set window position for HWND(0x23b60a66): Access is denied. (0x80070005)
03:58:33 [ERROR] could not set window position for HWND(0x23b60a66): Access is denied. (0x80070005)
03:58:33 [ERROR] could not set window position for HWND(0x23b60a66): Access is denied. (0x80070005)
03:58:35 [ERROR] could not set window position for HWND(0x4e07d4): Access is denied. (0x80070005)
03:58:35 [ERROR] could not set window position for HWND(0x4e07d4): Access is denied. (0x80070005)
03:58:36 [ERROR] could not set window position for HWND(0x20ae089e): Access is denied. (0x80070005)
03:58:36 [ERROR] could not set window position for HWND(0x20ae089e): Access is denied. (0x80070005)
03:58:36 [ERROR] could not set window position for HWND(0x20ae089e): Access is denied. (0x80070005)
03:58:37 [ERROR] could not set window position for HWND(0x20af089e): Access is denied. (0x80070005)
03:58:37 [ERROR] could not set window position for HWND(0x20af089e): Access is denied. (0x80070005)
03:58:37 [ERROR] could not set window position for HWND(0x20af089e): Access is denied. (0x80070005)
03:59:37 [ERROR] could not set window position for HWND(0x26010998): Access is denied. (0x80070005)
03:59:37 [ERROR] could not set window position for HWND(0x26010998): Access is denied. (0x80070005)
04:00:23 [ERROR] could not set window position for HWND(0x1acc09d2): Access is denied. (0x80070005)
04:00:23 [ERROR] could not set window position for HWND(0x1acc09d2): Access is denied. (0x80070005)
04:00:23 [ERROR] could not set window position for HWND(0xd03c6): Access is denied. (0x80070005)
04:00:23 [ERROR] could not set window position for HWND(0xd03c6): Access is denied. (0x80070005)
04:00:30 [ERROR] could not set window position for HWND(0xf0be4): Access is denied. (0x80070005)
04:00:30 [ERROR] could not set window position for HWND(0xf0be4): Access is denied. (0x80070005)
04:01:11 [ERROR] could not set window position for HWND(0x4f0d7c): Access is denied. (0x80070005)
04:01:11 [ERROR] could not set window position for HWND(0x4f0d7c): Access is denied. (0x80070005)
04:01:11 [ERROR] could not set window position for HWND(0x244f0984): Access is denied. (0x80070005)
04:01:11 [ERROR] could not set window position for HWND(0x244f0984): Access is denied. (0x80070005)
04:01:16 [ERROR] could not set window position for HWND(0x4003ba): Access is denied. (0x80070005)
04:01:16 [ERROR] could not set window position for HWND(0x4003ba): Access is denied. (0x80070005)
04:01:17 [ERROR] could not set window position for HWND(0x4103ba): Access is denied. (0x80070005)
04:01:17 [ERROR] could not set window position for HWND(0x4103ba): Access is denied. (0x80070005)
04:01:17 [ERROR] could not set window position for HWND(0x4103ba): Access is denied. (0x80070005)
04:01:22 [ERROR] could not set window position for HWND(0x4203ba): Access is denied. (0x80070005)
04:01:22 [ERROR] could not set window position for HWND(0x4203ba): Access is denied. (0x80070005)
04:01:22 [ERROR] could not set window position for HWND(0x4203ba): Access is denied. (0x80070005)
04:04:29 [INFO] border is disabled for HWND(0x108b6)
04:28:09 [INFO] border is disabled for HWND(0x108b6)
04:28:35 [ERROR] could not get window rect for HWND(0x197e0932): The handle is invalid. (0x80070006)
13:37:03 [INFO] starting tacky-borders
13:37:06 [INFO] border is disabled for HWND(0x2044e)
13:41:06 [INFO] border is disabled for HWND(0x30548)
13:41:17 [INFO] border is disabled for HWND(0x30548)
13:49:03 [INFO] border is disabled for HWND(0x30548)
14:17:37 [INFO] border is disabled for HWND(0x30548)
14:21:45 [INFO] border is disabled for HWND(0x30548)
14:21:53 [INFO] border is disabled for HWND(0x30548)
14:22:13 [INFO] border is disabled for HWND(0x30548)
14:29:22 [INFO] border is disabled for HWND(0x30548)
14:29:52 [INFO] border is disabled for HWND(0x30548)
14:36:18 [INFO] border is disabled for HWND(0x30548)
15:01:07 [ERROR] could not get window rect for HWND(0x91a56): The handle is invalid. (0x80070006)
15:01:10 [ERROR] could not get window rect for HWND(0x111a6e): The handle is invalid. (0x80070006)
15:01:11 [ERROR] could not get window rect for HWND(0xb1a56): The handle is invalid. (0x80070006)
15:01:34 [ERROR] could not retrieve window corner preference: The handle is invalid. (0x80070006)
15:01:34 [ERROR] could not get window rect for HWND(0x11b02): The handle is invalid. (0x80070006)
15:05:37 [ERROR] could not get window rect for HWND(0x11cb2): The handle is invalid. (0x80070006)
15:05:55 [ERROR] could not get window rect for HWND(0x51cb8): The handle is invalid. (0x80070006)
15:05:58 [ERROR] could not get window rect for HWND(0x31cb6): The handle is invalid. (0x80070006)
15:06:10 [ERROR] could not get window rect for HWND(0x91cae): The handle is invalid. (0x80070006)
15:06:11 [ERROR] could not get window rect for HWND(0x81cb8): The handle is invalid. (0x80070006)
15:06:15 [ERROR] could not get window rect for HWND(0x21cce): The handle is invalid. (0x80070006)
15:06:22 [ERROR] could not get window rect for HWND(0x41cfe): The handle is invalid. (0x80070006)
15:06:24 [ERROR] could not get window rect for HWND(0x71cb4): The handle is invalid. (0x80070006)
15:06:26 [ERROR] could not get window rect for HWND(0x61cfe): The handle is invalid. (0x80070006)
15:06:26 [ERROR] could not get window rect for HWND(0x81cb4): The handle is invalid. (0x80070006)
15:06:33 [ERROR] could not get window rect for HWND(0xa1cfc): The handle is invalid. (0x80070006)
15:06:33 [ERROR] could not get window rect for HWND(0x61d00): The handle is invalid. (0x80070006)
15:06:39 [ERROR] could not get window rect for HWND(0xe1cfc): The handle is invalid. (0x80070006)
15:06:41 [ERROR] could not get window rect for HWND(0x91d00): The handle is invalid. (0x80070006)
15:06:45 [ERROR] could not get window rect for HWND(0x101cfc): The handle is invalid. (0x80070006)
15:07:29 [ERROR] could not get window rect for HWND(0xf1cfe): The handle is invalid. (0x80070006)
15:10:57 [INFO] border is disabled for HWND(0x30548)
15:11:04 [INFO] border is disabled for HWND(0x30548)
15:14:34 [INFO] border is disabled for HWND(0x30548)
15:15:29 [INFO] border is disabled for HWND(0x31126)
15:15:51 [INFO] border is disabled for HWND(0x40b0a)
15:16:11 [INFO] border is disabled for HWND(0x2044e)
15:16:11 [INFO] border is disabled for HWND(0x2046a)
15:16:24 [ERROR] could not get window rect for HWND(0x50640): The handle is invalid. (0x80070006)
15:16:30 [ERROR] could not get window rect for HWND(0xa03cc): The handle is invalid. (0x80070006)
15:16:31 [ERROR] could not get window rect for HWND(0x80360): The handle is invalid. (0x80070006)
15:16:31 [ERROR] could not get window rect for HWND(0xc03cc): The handle is invalid. (0x80070006)
15:16:31 [ERROR] could not get window rect for HWND(0xd03cc): The handle is invalid. (0x80070006)
15:16:35 [ERROR] could not check for changes in config dir: The I/O operation has been aborted because of either a thread exit or an application request. (0x800703E3)
15:16:35 [INFO] exiting tacky-borders
14:36:08 [INFO] starting tacky-borders
14:36:09 [INFO] border is disabled for HWND(0x2043c)
14:54:26 [INFO] border is disabled for HWND(0x40598)
15:11:54 [INFO] border is disabled for HWND(0x40598)
15:13:32 [INFO] border is disabled for HWND(0x40598)
15:13:35 [INFO] border is disabled for HWND(0x40598)
15:13:37 [INFO] border is disabled for HWND(0x40598)
15:13:37 [INFO] border is disabled for HWND(0x40598)
15:13:38 [INFO] border is disabled for HWND(0x40598)
15:20:04 [INFO] border is disabled for HWND(0x40598)
15:20:15 [INFO] border is disabled for HWND(0x40598)
15:20:20 [INFO] border is disabled for HWND(0x40598)
15:20:35 [INFO] border is disabled for HWND(0x40598)
15:20:51 [INFO] border is disabled for HWND(0x40598)
15:20:58 [INFO] border is disabled for HWND(0x40598)
15:20:59 [INFO] border is disabled for HWND(0x40598)
15:21:36 [INFO] border is disabled for HWND(0x40598)
15:21:43 [INFO] border is disabled for HWND(0x40598)
15:21:52 [INFO] border is disabled for HWND(0x40598)
15:21:58 [INFO] border is disabled for HWND(0x40598)
15:22:03 [INFO] border is disabled for HWND(0x40598)
15:22:04 [INFO] border is disabled for HWND(0x40598)
15:22:56 [INFO] border is disabled for HWND(0x40598)
15:23:49 [INFO] border is disabled for HWND(0x40598)
15:23:54 [INFO] border is disabled for HWND(0x40598)
15:24:48 [INFO] border is disabled for HWND(0x40598)
15:24:59 [INFO] border is disabled for HWND(0x40598)
15:25:06 [INFO] border is disabled for HWND(0x40598)
15:25:45 [INFO] border is disabled for HWND(0x40598)
15:42:27 [INFO] border is disabled for HWND(0x40598)
15:42:46 [INFO] border is disabled for HWND(0x40598)
15:43:35 [INFO] border is disabled for HWND(0x40598)
16:05:19 [INFO] border is disabled for HWND(0x40598)
16:05:21 [INFO] border is disabled for HWND(0x40598)
16:13:00 [INFO] border is disabled for HWND(0x40598)
16:13:09 [INFO] border is disabled for HWND(0x40598)
16:18:52 [ERROR] could not get window rect for HWND(0x21a74): The handle is invalid. (0x80070006)
16:19:28 [ERROR] could not get window rect for HWND(0x81a74): The handle is invalid. (0x80070006)
16:20:43 [ERROR] could not set window position for HWND(0x61b48): Access is denied. (0x80070005)
16:20:43 [ERROR] could not set window position for HWND(0x61b48): Access is denied. (0x80070005)
16:20:43 [ERROR] could not set window position for HWND(0x61b48): Access is denied. (0x80070005)
16:21:11 [ERROR] could not set window position for HWND(0xa1b48): Access is denied. (0x80070005)
16:21:11 [ERROR] could not set window position for HWND(0xa1b48): Access is denied. (0x80070005)
16:21:11 [ERROR] could not set window position for HWND(0xa1b48): Access is denied. (0x80070005)
16:22:13 [ERROR] could not get window rect for HWND(0xc1b74): The handle is invalid. (0x80070006)
16:22:35 [ERROR] could not set window position for HWND(0x161b6c): Access is denied. (0x80070005)
16:22:35 [ERROR] could not set window position for HWND(0x161b6c): Access is denied. (0x80070005)
16:22:35 [ERROR] could not set window position for HWND(0x161b6c): Access is denied. (0x80070005)
16:40:55 [INFO] border is disabled for HWND(0x40598)
16:41:19 [INFO] border is disabled for HWND(0x40598)
17:00:32 [INFO] border is disabled for HWND(0x40598)
17:11:24 [INFO] border is disabled for HWND(0x40598)
17:53:40 [INFO] border is disabled for HWND(0x3072e)
18:10:01 [INFO] border is disabled for HWND(0x40598)
18:21:42 [ERROR] could not get window rect for HWND(0x51192): The handle is invalid. (0x80070006)
18:21:43 [ERROR] could not get window rect for HWND(0x60e6a): The handle is invalid. (0x80070006)
18:21:44 [ERROR] could not get window rect for HWND(0x71192): The handle is invalid. (0x80070006)
18:21:52 [ERROR] could not get window rect for HWND(0x71188): The handle is invalid. (0x80070006)
18:21:53 [ERROR] could not get window rect for HWND(0xb0e6a): The handle is invalid. (0x80070006)
18:23:21 [ERROR] could not get window rect for HWND(0x50d46): The handle is invalid. (0x80070006)
18:23:33 [ERROR] could not get window rect for HWND(0x90d4c): The handle is invalid. (0x80070006)
18:23:41 [ERROR] could not get window rect for HWND(0xb0d4c): The handle is invalid. (0x80070006)
18:23:58 [ERROR] could not get window rect for HWND(0x70a68): The handle is invalid. (0x80070006)
18:23:58 [ERROR] could not get window rect for HWND(0x30a6a): The handle is invalid. (0x80070006)
18:23:59 [ERROR] could not get window rect for HWND(0x40a6c): The handle is invalid. (0x80070006)
18:24:01 [ERROR] could not get window rect for HWND(0xb0a66): The handle is invalid. (0x80070006)
18:24:02 [ERROR] could not get window rect for HWND(0x70a6a): The handle is invalid. (0x80070006)
18:24:15 [ERROR] could not get window rect for HWND(0xe0a6a): The handle is invalid. (0x80070006)
18:24:16 [ERROR] could not get window rect for HWND(0x130a66): The handle is invalid. (0x80070006)
18:24:19 [ERROR] could not get window rect for HWND(0x100a6a): The handle is invalid. (0x80070006)
18:24:19 [ERROR] could not get window rect for HWND(0x150a66): The handle is invalid. (0x80070006)
18:24:26 [ERROR] could not get window rect for HWND(0x150a6a): The handle is invalid. (0x80070006)
18:24:50 [ERROR] could not get window rect for HWND(0x200a66): The handle is invalid. (0x80070006)
18:24:51 [ERROR] could not get window rect for HWND(0x1d0a6a): The handle is invalid. (0x80070006)
18:24:54 [ERROR] could not get window rect for HWND(0x1e0a6a): The handle is invalid. (0x80070006)
18:25:03 [ERROR] could not get window rect for HWND(0x210a6a): The handle is invalid. (0x80070006)
18:25:58 [ERROR] could not get window rect for HWND(0x4116c): The handle is invalid. (0x80070006)
18:26:08 [ERROR] could not get window rect for HWND(0x4124a): The handle is invalid. (0x80070006)
18:26:13 [ERROR] could not get window rect for HWND(0x5124a): The handle is invalid. (0x80070006)
18:27:26 [ERROR] could not get window rect for HWND(0x60fb2): The handle is invalid. (0x80070006)
18:27:26 [ERROR] could not get window rect for HWND(0x60fae): The handle is invalid. (0x80070006)
18:27:26 [ERROR] could not get window rect for HWND(0x60cd2): The handle is invalid. (0x80070006)
18:28:39 [ERROR] could not get window rect for HWND(0x808c6): The handle is invalid. (0x80070006)
18:28:47 [ERROR] could not get window rect for HWND(0x1211be): The handle is invalid. (0x80070006)
18:29:22 [ERROR] could not get window rect for HWND(0xd1bf0): The handle is invalid. (0x80070006)
18:29:23 [ERROR] could not get window rect for HWND(0x131bfa): The handle is invalid. (0x80070006)
18:29:33 [ERROR] could not get window rect for HWND(0x181bfa): The handle is invalid. (0x80070006)
18:29:34 [ERROR] could not get window rect for HWND(0x1611be): The handle is invalid. (0x80070006)
18:29:35 [ERROR] could not get window rect for HWND(0x1a1bfa): The handle is invalid. (0x80070006)
18:29:51 [ERROR] could not get window rect for HWND(0x608ec): The handle is invalid. (0x80070006)
18:31:06 [ERROR] could not get window rect for HWND(0x151bf0): The handle is invalid. (0x80070006)
18:34:30 [ERROR] could not get window rect for HWND(0x12090a): The handle is invalid. (0x80070006)
18:35:02 [ERROR] could not get window rect for HWND(0x101b46): The handle is invalid. (0x80070006)
18:35:03 [ERROR] could not get window rect for HWND(0x1b1b48): The handle is invalid. (0x80070006)
18:35:03 [ERROR] could not get window rect for HWND(0x121b46): The handle is invalid. (0x80070006)
18:35:05 [ERROR] could not get window rect for HWND(0x1d1b48): The handle is invalid. (0x80070006)
18:35:05 [ERROR] could not get window rect for HWND(0x141b46): The handle is invalid. (0x80070006)
18:35:06 [ERROR] could not get window rect for HWND(0x1f1b48): The handle is invalid. (0x80070006)
18:36:49 [ERROR] could not get window rect for HWND(0x191066): The handle is invalid. (0x80070006)
18:36:50 [ERROR] could not get window rect for HWND(0xd1cb8): The handle is invalid. (0x80070006)
18:36:50 [ERROR] could not get window rect for HWND(0x1b1066): The handle is invalid. (0x80070006)
18:36:51 [ERROR] could not get window rect for HWND(0xf1cb8): The handle is invalid. (0x80070006)
18:36:51 [ERROR] could not get window rect for HWND(0x1d1066): The handle is invalid. (0x80070006)
18:36:52 [ERROR] could not get window rect for HWND(0x111cb8): The handle is invalid. (0x80070006)
18:36:54 [ERROR] could not get window rect for HWND(0x1f1066): The handle is invalid. (0x80070006)
18:36:54 [ERROR] could not get window rect for HWND(0x131cb8): The handle is invalid. (0x80070006)
18:38:47 [ERROR] could not get window rect for HWND(0x13106c): The handle is invalid. (0x80070006)
18:38:47 [ERROR] could not get window rect for HWND(0x81056): The handle is invalid. (0x80070006)
18:38:47 [ERROR] could not get window rect for HWND(0x1f1b46): The handle is invalid. (0x80070006)
18:38:53 [ERROR] could not get window rect for HWND(0xf1082): The handle is invalid. (0x80070006)
18:38:55 [ERROR] could not get window rect for HWND(0xd1b0c): The handle is invalid. (0x80070006)
18:38:56 [ERROR] could not get window rect for HWND(0xc1056): The handle is invalid. (0x80070006)
18:38:56 [ERROR] could not get window rect for HWND(0x221b46): The handle is invalid. (0x80070006)
18:38:56 [ERROR] could not get window rect for HWND(0x17106c): The handle is invalid. (0x80070006)
18:38:56 [ERROR] could not get window rect for HWND(0x101b0c): The handle is invalid. (0x80070006)
18:38:57 [ERROR] could not get window rect for HWND(0x19106c): The handle is invalid. (0x80070006)
18:38:58 [ERROR] could not get window rect for HWND(0x121b0c): The handle is invalid. (0x80070006)
18:38:58 [ERROR] could not get window rect for HWND(0x1b106c): The handle is invalid. (0x80070006)
18:39:00 [ERROR] could not get window rect for HWND(0x141b0c): The handle is invalid. (0x80070006)
18:39:00 [ERROR] could not get window rect for HWND(0x1d106c): The handle is invalid. (0x80070006)
18:39:17 [ERROR] could not get window rect for HWND(0x908a2): The handle is invalid. (0x80070006)
18:39:31 [ERROR] could not get window rect for HWND(0x23106c): The handle is invalid. (0x80070006)
18:39:37 [ERROR] could not get window rect for HWND(0x25106c): The handle is invalid. (0x80070006)
18:39:44 [ERROR] could not get window rect for HWND(0x28106c): The handle is invalid. (0x80070006)
18:39:58 [ERROR] could not get window rect for HWND(0x29106c): The handle is invalid. (0x80070006)
18:40:03 [ERROR] could not get window rect for HWND(0x211b0c): The handle is invalid. (0x80070006)
18:40:06 [ERROR] could not get window rect for HWND(0x1508a2): The handle is invalid. (0x80070006)
18:40:57 [ERROR] could not get window rect for HWND(0x33106c): The handle is invalid. (0x80070006)
18:41:35 [ERROR] could not get window rect for HWND(0x131018): The handle is invalid. (0x80070006)
18:41:36 [ERROR] could not get window rect for HWND(0x351b0c): The handle is invalid. (0x80070006)
18:41:36 [ERROR] could not get window rect for HWND(0xf1090): The handle is invalid. (0x80070006)
18:41:36 [ERROR] could not get window rect for HWND(0x110bd4): The handle is invalid. (0x80070006)
18:41:36 [ERROR] could not get window rect for HWND(0xf1056): The handle is invalid. (0x80070006)
18:42:15 [ERROR] could not get window rect for HWND(0x1c1018): The handle is invalid. (0x80070006)
18:42:17 [ERROR] could not get window rect for HWND(0x40106c): The handle is invalid. (0x80070006)
18:42:17 [ERROR] could not get window rect for HWND(0x1e1018): The handle is invalid. (0x80070006)
18:43:30 [ERROR] could not get window rect for HWND(0x331018): The handle is invalid. (0x80070006)
18:44:25 [ERROR] could not get window rect for HWND(0x3c1018): The handle is invalid. (0x80070006)
18:44:26 [ERROR] could not get window rect for HWND(0x27117a): The handle is invalid. (0x80070006)
18:44:26 [ERROR] could not get window rect for HWND(0x151056): The handle is invalid. (0x80070006)
18:44:26 [ERROR] could not get window rect for HWND(0x3b090a): The handle is invalid. (0x80070006)
18:44:26 [ERROR] could not get window rect for HWND(0x1d1090): The handle is invalid. (0x80070006)
18:44:32 [ERROR] could not get window rect for HWND(0x45106c): The handle is invalid. (0x80070006)
18:44:33 [ERROR] could not get window rect for HWND(0x180bd4): The handle is invalid. (0x80070006)
18:44:33 [ERROR] could not get window rect for HWND(0x47106c): The handle is invalid. (0x80070006)
18:44:35 [ERROR] could not get window rect for HWND(0x49106c): The handle is invalid. (0x80070006)
18:44:42 [ERROR] could not get window rect for HWND(0x200bd4): The handle is invalid. (0x80070006)
18:44:44 [ERROR] could not get window rect for HWND(0x4c106c): The handle is invalid. (0x80070006)
18:44:46 [ERROR] could not get window rect for HWND(0x4d106c): The handle is invalid. (0x80070006)
18:45:38 [ERROR] could not get window rect for HWND(0x340bd4): The handle is invalid. (0x80070006)
18:45:39 [ERROR] could not get window rect for HWND(0x4d1b0c): The handle is invalid. (0x80070006)
18:45:46 [ERROR] could not get window rect for HWND(0x3a0bd4): The handle is invalid. (0x80070006)
18:45:46 [ERROR] could not get window rect for HWND(0x58106c): The handle is invalid. (0x80070006)
18:45:46 [ERROR] could not get window rect for HWND(0x421018): The handle is invalid. (0x80070006)
18:45:48 [ERROR] could not get window rect for HWND(0x241090): The handle is invalid. (0x80070006)
18:45:48 [ERROR] could not get window rect for HWND(0x42090a): The handle is invalid. (0x80070006)
18:45:48 [ERROR] could not get window rect for HWND(0x29117a): The handle is invalid. (0x80070006)
18:45:51 [ERROR] could not get window rect for HWND(0x3e0bd4): The handle is invalid. (0x80070006)
18:45:58 [ERROR] could not get window rect for HWND(0x410bd4): The handle is invalid. (0x80070006)
18:46:11 [ERROR] could not get window rect for HWND(0x4c1018): The handle is invalid. (0x80070006)
18:46:12 [ERROR] could not get window rect for HWND(0x460bd4): The handle is invalid. (0x80070006)
18:46:21 [ERROR] could not get window rect for HWND(0x501018): The handle is invalid. (0x80070006)
18:46:21 [ERROR] could not get window rect for HWND(0x4b0bd4): The handle is invalid. (0x80070006)
18:46:22 [ERROR] could not get window rect for HWND(0x521018): The handle is invalid. (0x80070006)
18:46:22 [ERROR] could not get window rect for HWND(0x4d0bd4): The handle is invalid. (0x80070006)
18:47:20 [ERROR] could not get window rect for HWND(0x281b46): The handle is invalid. (0x80070006)
18:47:20 [ERROR] could not get window rect for HWND(0x341090): The handle is invalid. (0x80070006)
18:47:20 [ERROR] could not get window rect for HWND(0x2c117a): The handle is invalid. (0x80070006)
18:47:20 [ERROR] could not get window rect for HWND(0x540bd4): The handle is invalid. (0x80070006)
18:47:27 [ERROR] could not get window rect for HWND(0x2c1b46): The handle is invalid. (0x80070006)
18:47:31 [ERROR] could not get window rect for HWND(0x2e1b46): The handle is invalid. (0x80070006)
18:47:37 [ERROR] could not get window rect for HWND(0x311b46): The handle is invalid. (0x80070006)
18:47:38 [ERROR] could not get window rect for HWND(0x2408a2): The handle is invalid. (0x80070006)
18:47:39 [ERROR] could not get window rect for HWND(0x331b46): The handle is invalid. (0x80070006)
18:47:40 [ERROR] could not get window rect for HWND(0x2608a2): The handle is invalid. (0x80070006)
18:47:40 [ERROR] could not get window rect for HWND(0x351b46): The handle is invalid. (0x80070006)
18:47:54 [ERROR] could not get window rect for HWND(0x3a1b46): The handle is invalid. (0x80070006)
18:48:01 [ERROR] could not get window rect for HWND(0x1b1056): The handle is invalid. (0x80070006)
18:49:16 [ERROR] could not get window rect for HWND(0x3a08a2): The handle is invalid. (0x80070006)
18:49:16 [ERROR] could not get window rect for HWND(0x4f1b46): The handle is invalid. (0x80070006)
18:49:20 [ERROR] could not get window rect for HWND(0x3c08a2): The handle is invalid. (0x80070006)
18:49:21 [ERROR] could not get window rect for HWND(0x511b46): The handle is invalid. (0x80070006)
18:49:21 [ERROR] could not get window rect for HWND(0x3e08a2): The handle is invalid. (0x80070006)
18:49:23 [ERROR] could not get window rect for HWND(0x531b46): The handle is invalid. (0x80070006)
18:49:24 [ERROR] could not get window rect for HWND(0x4008a2): The handle is invalid. (0x80070006)
18:49:25 [ERROR] could not get window rect for HWND(0x551b46): The handle is invalid. (0x80070006)
18:49:25 [ERROR] could not get window rect for HWND(0x4208a2): The handle is invalid. (0x80070006)
18:49:26 [ERROR] could not get window rect for HWND(0x571b46): The handle is invalid. (0x80070006)
18:49:27 [ERROR] could not get window rect for HWND(0x4408a2): The handle is invalid. (0x80070006)
18:49:28 [ERROR] could not get window rect for HWND(0x591b46): The handle is invalid. (0x80070006)
18:49:47 [ERROR] could not get window rect for HWND(0x4b08a2): The handle is invalid. (0x80070006)
18:50:02 [ERROR] could not get window rect for HWND(0x4e08a2): The handle is invalid. (0x80070006)
18:50:05 [ERROR] could not get window rect for HWND(0x651b46): The handle is invalid. (0x80070006)
18:51:13 [ERROR] could not get window rect for HWND(0xf101e): The handle is invalid. (0x80070006)
18:51:17 [ERROR] could not get window rect for HWND(0xf1022): The handle is invalid. (0x80070006)
18:51:18 [ERROR] could not get window rect for HWND(0x11101e): The handle is invalid. (0x80070006)
18:51:25 [ERROR] could not get window rect for HWND(0x91088): The handle is invalid. (0x80070006)
18:51:25 [ERROR] could not get window rect for HWND(0xb100c): The handle is invalid. (0x80070006)
18:51:26 [ERROR] could not get window rect for HWND(0xb1088): The handle is invalid. (0x80070006)
18:52:29 [ERROR] could not get window rect for HWND(0x940510): The handle is invalid. (0x80070006)
18:52:29 [ERROR] could not get window rect for HWND(0x5111ca): The handle is invalid. (0x80070006)
18:52:29 [ERROR] could not get window rect for HWND(0xb1216): The handle is invalid. (0x80070006)
18:52:29 [ERROR] could not get window rect for HWND(0x1e1088): The handle is invalid. (0x80070006)
18:53:25 [ERROR] could not get window rect for HWND(0x18110c): The handle is invalid. (0x80070006)
18:53:29 [ERROR] could not get window rect for HWND(0x1a110c): The handle is invalid. (0x80070006)
18:53:37 [ERROR] could not get window rect for HWND(0x1708a0): The handle is invalid. (0x80070006)
18:53:45 [ERROR] could not get window rect for HWND(0x21110c): The handle is invalid. (0x80070006)
18:54:01 [ERROR] could not get window rect for HWND(0x2008a0): The handle is invalid. (0x80070006)
18:54:01 [ERROR] could not get window rect for HWND(0x27110c): The handle is invalid. (0x80070006)
18:54:07 [ERROR] could not get window rect for HWND(0x2208a0): The handle is invalid. (0x80070006)
18:54:10 [ERROR] could not get window rect for HWND(0x2408a0): The handle is invalid. (0x80070006)
18:54:10 [ERROR] could not get window rect for HWND(0x151216): The handle is invalid. (0x80070006)
18:54:10 [ERROR] could not get window rect for HWND(0x11108c): The handle is invalid. (0x80070006)
18:54:10 [ERROR] could not get window rect for HWND(0x161216): The handle is invalid. (0x80070006)
18:54:10 [ERROR] could not get window rect for HWND(0x12108c): The handle is invalid. (0x80070006)
18:54:10 [ERROR] could not get window rect for HWND(0x16110a): The handle is invalid. (0x80070006)
18:54:10 [ERROR] could not get window rect for HWND(0x1d101c): The handle is invalid. (0x80070006)
18:54:10 [ERROR] could not get window rect for HWND(0x1c1022): The handle is invalid. (0x80070006)
18:54:10 [ERROR] could not get window rect for HWND(0x28101e): The handle is invalid. (0x80070006)
18:54:10 [ERROR] could not get window rect for HWND(0x2b110c): The handle is invalid. (0x80070006)
18:54:10 [ERROR] could not get window rect for HWND(0x1e101c): The handle is invalid. (0x80070006)
18:54:10 [ERROR] could not get window rect for HWND(0x171216): The handle is invalid. (0x80070006)
18:54:10 [ERROR] could not get window rect for HWND(0x17110a): The handle is invalid. (0x80070006)
18:54:10 [ERROR] could not get window rect for HWND(0x808b4): The handle is invalid. (0x80070006)
18:54:10 [ERROR] could not get window rect for HWND(0x14108c): The handle is invalid. (0x80070006)
18:54:10 [ERROR] could not get window rect for HWND(0x5d11ca): The handle is invalid. (0x80070006)
18:54:11 [ERROR] could not get window rect for HWND(0xb1084): The handle is invalid. (0x80070006)
18:54:11 [ERROR] could not get window rect for HWND(0x251066): The handle is invalid. (0x80070006)
18:54:11 [ERROR] could not get window rect for HWND(0x908b4): The handle is invalid. (0x80070006)
18:54:11 [ERROR] could not get window rect for HWND(0x5f11ca): The handle is invalid. (0x80070006)
18:54:11 [ERROR] could not get window rect for HWND(0x201022): The handle is invalid. (0x80070006)
18:54:11 [ERROR] could not get window rect for HWND(0xc1084): The handle is invalid. (0x80070006)
18:54:12 [ERROR] could not get window rect for HWND(0xb08b4): The handle is invalid. (0x80070006)
18:54:12 [ERROR] could not get window rect for HWND(0x17108c): The handle is invalid. (0x80070006)
18:54:12 [ERROR] could not get window rect for HWND(0x6011ca): The handle is invalid. (0x80070006)
18:54:12 [ERROR] could not get window rect for HWND(0xe1084): The handle is invalid. (0x80070006)
18:54:12 [ERROR] could not get window rect for HWND(0x281066): The handle is invalid. (0x80070006)
18:54:12 [ERROR] could not get window rect for HWND(0xc08b4): The handle is invalid. (0x80070006)
18:54:34 [ERROR] could not get window rect for HWND(0x2c1066): The handle is invalid. (0x80070006)
18:54:34 [ERROR] could not get window rect for HWND(0x1a1216): The handle is invalid. (0x80070006)
18:54:34 [ERROR] could not get window rect for HWND(0x2b101e): The handle is invalid. (0x80070006)
18:54:36 [ERROR] could not get window rect for HWND(0x1a110a): The handle is invalid. (0x80070006)
18:54:37 [ERROR] could not get window rect for HWND(0x131084): The handle is invalid. (0x80070006)
18:56:08 [ERROR] could not get window rect for HWND(0x34101c): The handle is invalid. (0x80070006)
18:56:28 [ERROR] could not get window rect for HWND(0x1508b4): The handle is invalid. (0x80070006)
18:56:38 [ERROR] could not get window rect for HWND(0x33101e): The handle is invalid. (0x80070006)
18:57:14 [ERROR] could not get window rect for HWND(0x27110a): The handle is invalid. (0x80070006)
18:57:39 [ERROR] could not get window rect for HWND(0x47101e): The handle is invalid. (0x80070006)
18:58:19 [ERROR] could not get window rect for HWND(0xf1baa): The handle is invalid. (0x80070006)
18:58:32 [ERROR] could not get window rect for HWND(0x91b32): The handle is invalid. (0x80070006)
18:58:40 [ERROR] could not get window rect for HWND(0x58101e): The handle is invalid. (0x80070006)
18:59:37 [ERROR] could not get window rect for HWND(0x171b32): The handle is invalid. (0x80070006)
19:00:23 [ERROR] could not get window rect for HWND(0x1e1b32): The handle is invalid. (0x80070006)
19:00:41 [ERROR] could not get window rect for HWND(0x26108c): The handle is invalid. (0x80070006)
19:00:43 [ERROR] could not get window rect for HWND(0x2b1216): The handle is invalid. (0x80070006)
19:01:01 [ERROR] could not get window rect for HWND(0xb1b30): The handle is invalid. (0x80070006)
19:01:34 [ERROR] could not get window rect for HWND(0x2f108c): The handle is invalid. (0x80070006)
19:01:35 [ERROR] could not get window rect for HWND(0xb1b92): The handle is invalid. (0x80070006)
19:01:35 [ERROR] could not get window rect for HWND(0x31108c): The handle is invalid. (0x80070006)
19:01:35 [ERROR] could not get window rect for HWND(0xe1b30): The handle is invalid. (0x80070006)
19:01:35 [ERROR] could not get window rect for HWND(0x221b32): The handle is invalid. (0x80070006)
19:01:35 [ERROR] could not get window rect for HWND(0x38110a): The handle is invalid. (0x80070006)
19:01:54 [ERROR] could not get window rect for HWND(0xc1b94): The handle is invalid. (0x80070006)
19:01:57 [ERROR] could not get window rect for HWND(0x74101e): The handle is invalid. (0x80070006)
19:02:02 [ERROR] could not get window rect for HWND(0x101b94): The handle is invalid. (0x80070006)
19:02:06 [ERROR] could not get window rect for HWND(0x7a101e): The handle is invalid. (0x80070006)
19:02:07 [ERROR] could not get window rect for HWND(0x121b94): The handle is invalid. (0x80070006)
19:02:09 [ERROR] could not get window rect for HWND(0x141b94): The handle is invalid. (0x80070006)
19:02:14 [ERROR] could not get window rect for HWND(0x81101e): The handle is invalid. (0x80070006)
19:02:16 [ERROR] could not get window rect for HWND(0x181b94): The handle is invalid. (0x80070006)
19:02:17 [ERROR] could not get window rect for HWND(0x83101e): The handle is invalid. (0x80070006)
19:02:19 [ERROR] could not get window rect for HWND(0x85101e): The handle is invalid. (0x80070006)
19:02:25 [ERROR] could not get window rect for HWND(0x1f1b94): The handle is invalid. (0x80070006)
19:02:45 [ERROR] could not get window rect for HWND(0x221b94): The handle is invalid. (0x80070006)
19:02:46 [ERROR] could not get window rect for HWND(0x90101e): The handle is invalid. (0x80070006)
19:02:46 [ERROR] could not get window rect for HWND(0x45101c): The handle is invalid. (0x80070006)
19:02:50 [ERROR] could not get window rect for HWND(0x251b94): The handle is invalid. (0x80070006)
19:03:00 [ERROR] could not get window rect for HWND(0x96101e): The handle is invalid. (0x80070006)
19:03:08 [ERROR] could not get window rect for HWND(0x4f101c): The handle is invalid. (0x80070006)
19:03:36 [ERROR] could not get window rect for HWND(0x9e101e): The handle is invalid. (0x80070006)
19:04:08 [ERROR] could not get window rect for HWND(0x191b92): The handle is invalid. (0x80070006)
19:04:10 [ERROR] could not get window rect for HWND(0xa5101e): The handle is invalid. (0x80070006)
19:04:54 [INFO] border is disabled for HWND(0x61e5c)
19:06:19 [ERROR] could not get window rect for HWND(0x60cda): The handle is invalid. (0x80070006)
19:07:48 [ERROR] could not get window rect for HWND(0xb50510): The handle is invalid. (0x80070006)
19:07:48 [ERROR] could not get window rect for HWND(0x101d90): The handle is invalid. (0x80070006)
19:08:33 [ERROR] could not get window rect for HWND(0x171d90): The handle is invalid. (0x80070006)
19:08:35 [ERROR] could not get window rect for HWND(0xd1da0): The handle is invalid. (0x80070006)
19:08:36 [ERROR] could not get window rect for HWND(0x191d90): The handle is invalid. (0x80070006)
19:08:37 [ERROR] could not get window rect for HWND(0xf1da0): The handle is invalid. (0x80070006)
19:08:39 [ERROR] could not get window rect for HWND(0x1c1d90): The handle is invalid. (0x80070006)
19:08:40 [ERROR] could not get window rect for HWND(0x111da0): The handle is invalid. (0x80070006)
19:08:41 [ERROR] could not get window rect for HWND(0x1e1d90): The handle is invalid. (0x80070006)
19:08:42 [ERROR] could not get window rect for HWND(0x131da0): The handle is invalid. (0x80070006)
19:08:43 [ERROR] could not get window rect for HWND(0x201d90): The handle is invalid. (0x80070006)
19:08:52 [ERROR] could not get window rect for HWND(0x181da0): The handle is invalid. (0x80070006)
19:09:15 [ERROR] could not get window rect for HWND(0x221d90): The handle is invalid. (0x80070006)
19:09:16 [ERROR] could not get window rect for HWND(0x1a1da0): The handle is invalid. (0x80070006)
19:09:16 [ERROR] could not get window rect for HWND(0xbd0510): The handle is invalid. (0x80070006)
19:09:16 [ERROR] could not get window rect for HWND(0x1b1d18): The handle is invalid. (0x80070006)
19:09:16 [ERROR] could not get window rect for HWND(0x71b60): The handle is invalid. (0x80070006)
19:09:16 [ERROR] could not get window rect for HWND(0x151cc8): The handle is invalid. (0x80070006)
19:09:16 [ERROR] could not get window rect for HWND(0x40e72): The handle is invalid. (0x80070006)
19:09:33 [ERROR] could not get window rect for HWND(0xc20510): The handle is invalid. (0x80070006)
19:09:34 [ERROR] could not get window rect for HWND(0x201da0): The handle is invalid. (0x80070006)
19:09:34 [ERROR] could not get window rect for HWND(0xc40510): The handle is invalid. (0x80070006)
19:09:36 [ERROR] could not get window rect for HWND(0x811b0): The handle is invalid. (0x80070006)
19:09:36 [ERROR] could not get window rect for HWND(0x80ea4): The handle is invalid. (0x80070006)
19:09:36 [ERROR] could not get window rect for HWND(0x131d0a): The handle is invalid. (0x80070006)
19:09:36 [ERROR] could not get window rect for HWND(0xc60510): The handle is invalid. (0x80070006)
19:09:40 [ERROR] could not get window rect for HWND(0x241da0): The handle is invalid. (0x80070006)
19:09:41 [ERROR] could not get window rect for HWND(0xf1b60): The handle is invalid. (0x80070006)
19:09:41 [ERROR] could not get window rect for HWND(0x261da0): The handle is invalid. (0x80070006)
19:09:42 [ERROR] could not get window rect for HWND(0x121b60): The handle is invalid. (0x80070006)
19:09:45 [ERROR] could not get window rect for HWND(0x141b60): The handle is invalid. (0x80070006)
19:09:45 [ERROR] could not get window rect for HWND(0xa11b0): The handle is invalid. (0x80070006)
19:09:45 [ERROR] could not get window rect for HWND(0xa0ea4): The handle is invalid. (0x80070006)
19:09:45 [ERROR] could not get window rect for HWND(0xc70510): The handle is invalid. (0x80070006)
19:09:45 [ERROR] could not get window rect for HWND(0x141d0a): The handle is invalid. (0x80070006)
19:09:47 [ERROR] could not get window rect for HWND(0x2d1da0): The handle is invalid. (0x80070006)
19:09:47 [ERROR] could not get window rect for HWND(0x171d0a): The handle is invalid. (0x80070006)
19:09:47 [ERROR] could not get window rect for HWND(0xca0510): The handle is invalid. (0x80070006)
19:09:47 [ERROR] could not get window rect for HWND(0xd11b0): The handle is invalid. (0x80070006)
19:09:47 [ERROR] could not get window rect for HWND(0xd0ea4): The handle is invalid. (0x80070006)
19:09:51 [ERROR] could not get window rect for HWND(0x2d1d90): The handle is invalid. (0x80070006)
19:09:52 [ERROR] could not get window rect for HWND(0x1807b8): The handle is invalid. (0x80070006)
19:09:52 [ERROR] could not get window rect for HWND(0x2f1d90): The handle is invalid. (0x80070006)
19:09:53 [ERROR] could not get window rect for HWND(0x1a07b8): The handle is invalid. (0x80070006)
19:09:55 [ERROR] could not get window rect for HWND(0x1c07b8): The handle is invalid. (0x80070006)
19:09:56 [ERROR] could not get window rect for HWND(0x341d90): The handle is invalid. (0x80070006)
19:10:11 [ERROR] could not get window rect for HWND(0x1011b0): The handle is invalid. (0x80070006)
19:10:11 [ERROR] could not get window rect for HWND(0x1a1d0a): The handle is invalid. (0x80070006)
19:10:15 [ERROR] could not get window rect for HWND(0x110e72): The handle is invalid. (0x80070006)
19:10:16 [ERROR] could not get window rect for HWND(0x311c1a): The handle is invalid. (0x80070006)
19:10:17 [ERROR] could not get window rect for HWND(0x130e72): The handle is invalid. (0x80070006)
19:10:24 [ERROR] could not get window rect for HWND(0x150e72): The handle is invalid. (0x80070006)
19:10:24 [ERROR] could not get window rect for HWND(0x61c42): The handle is invalid. (0x80070006)
19:10:24 [ERROR] could not get window rect for HWND(0x1e1cc8): The handle is invalid. (0x80070006)
19:10:24 [ERROR] could not get window rect for HWND(0x100ea4): The handle is invalid. (0x80070006)
19:10:53 [ERROR] could not get window rect for HWND(0x101caa): The handle is invalid. (0x80070006)
19:10:55 [ERROR] could not get window rect for HWND(0x3a1c1a): The handle is invalid. (0x80070006)
19:11:03 [ERROR] could not get window rect for HWND(0x1511b0): The handle is invalid. (0x80070006)
19:11:23 [ERROR] could not get window rect for HWND(0x191caa): The handle is invalid. (0x80070006)
19:11:26 [ERROR] could not get window rect for HWND(0x441c1a): The handle is invalid. (0x80070006)
19:11:34 [ERROR] could not get window rect for HWND(0x1f1caa): The handle is invalid. (0x80070006)
19:11:40 [ERROR] could not get window rect for HWND(0x201caa): The handle is invalid. (0x80070006)
19:11:56 [ERROR] could not get window rect for HWND(0x1e11b0): The handle is invalid. (0x80070006)
19:11:59 [ERROR] could not get window rect for HWND(0x4b1c1a): The handle is invalid. (0x80070006)
19:12:04 [ERROR] could not get window rect for HWND(0x3b1d90): The handle is invalid. (0x80070006)
19:12:49 [ERROR] could not get window rect for HWND(0x2b11b0): The handle is invalid. (0x80070006)
19:13:14 [ERROR] could not get window rect for HWND(0x3111b0): The handle is invalid. (0x80070006)
19:13:14 [ERROR] could not get window rect for HWND(0x3d1d90): The handle is invalid. (0x80070006)
19:13:28 [ERROR] could not get window rect for HWND(0x2b07b8): The handle is invalid. (0x80070006)
19:13:28 [ERROR] could not get window rect for HWND(0x2a1caa): The handle is invalid. (0x80070006)
19:14:19 [ERROR] could not get window rect for HWND(0x3a07b8): The handle is invalid. (0x80070006)
19:14:21 [ERROR] could not get window rect for HWND(0x230e72): The handle is invalid. (0x80070006)
19:14:27 [ERROR] could not get window rect for HWND(0x3f07b8): The handle is invalid. (0x80070006)
19:14:37 [ERROR] could not get window rect for HWND(0x2b0e72): The handle is invalid. (0x80070006)
19:15:09 [ERROR] could not get window rect for HWND(0x330e72): The handle is invalid. (0x80070006)
19:16:22 [ERROR] could not get window rect for HWND(0x3a0e72): The handle is invalid. (0x80070006)
19:16:43 [ERROR] could not get window rect for HWND(0x3d0e72): The handle is invalid. (0x80070006)
19:18:24 [ERROR] could not get window rect for HWND(0x2c1d18): The handle is invalid. (0x80070006)
19:18:31 [ERROR] could not get window rect for HWND(0x5507b8): The handle is invalid. (0x80070006)
19:18:49 [ERROR] could not get window rect for HWND(0x430e72): The handle is invalid. (0x80070006)
19:19:11 [ERROR] could not get window rect for HWND(0x4a0e72): The handle is invalid. (0x80070006)
19:19:27 [ERROR] could not get window rect for HWND(0x6307b8): The handle is invalid. (0x80070006)
19:19:31 [ERROR] could not get window rect for HWND(0x4e0e72): The handle is invalid. (0x80070006)
19:19:42 [ERROR] could not get window rect for HWND(0x6507b8): The handle is invalid. (0x80070006)
19:19:49 [ERROR] could not get window rect for HWND(0x131c42): The handle is invalid. (0x80070006)
19:19:49 [ERROR] could not get window rect for HWND(0xe1bc6): The handle is invalid. (0x80070006)
19:19:49 [ERROR] could not get window rect for HWND(0xf1bde): The handle is invalid. (0x80070006)
19:19:49 [ERROR] could not get window rect for HWND(0x101b90): The handle is invalid. (0x80070006)
19:22:05 [ERROR] could not get window rect for HWND(0x171ba0): The handle is invalid. (0x80070006)
19:22:21 [ERROR] could not get window rect for HWND(0x161c42): The handle is invalid. (0x80070006)
19:22:21 [ERROR] could not get window rect for HWND(0x181b0e): The handle is invalid. (0x80070006)
19:22:44 [ERROR] could not get window rect for HWND(0x1c1b0e): The handle is invalid. (0x80070006)
19:22:46 [ERROR] could not get window rect for HWND(0x1b1c42): The handle is invalid. (0x80070006)
19:24:45 [ERROR] could not get window rect for HWND(0x241c42): The handle is invalid. (0x80070006)
19:25:32 [ERROR] could not get window rect for HWND(0xf1c0c): The handle is invalid. (0x80070006)
19:25:33 [ERROR] could not get window rect for HWND(0xe1c0e): The handle is invalid. (0x80070006)
19:25:34 [ERROR] could not get window rect for HWND(0x111c0c): The handle is invalid. (0x80070006)
19:26:44 [ERROR] could not get window rect for HWND(0xf1cd0): The handle is invalid. (0x80070006)
19:26:44 [ERROR] could not get window rect for HWND(0x81c22): The handle is invalid. (0x80070006)
19:27:26 [ERROR] could not get window rect for HWND(0xa1c56): The handle is invalid. (0x80070006)
19:28:05 [ERROR] could not get window rect for HWND(0xa1c46): The handle is invalid. (0x80070006)
19:28:06 [ERROR] could not get window rect for HWND(0x121c12): The handle is invalid. (0x80070006)
19:28:22 [ERROR] could not get window rect for HWND(0x590774): The handle is invalid. (0x80070006)
19:28:43 [ERROR] could not get window rect for HWND(0x60f3a): The handle is invalid. (0x80070006)
19:28:56 [ERROR] could not get window rect for HWND(0x1b1c2a): The handle is invalid. (0x80070006)
19:29:50 [ERROR] could not get window rect for HWND(0x608c2): The handle is invalid. (0x80070006)
19:30:08 [ERROR] could not get window rect for HWND(0x191d16): The handle is invalid. (0x80070006)
19:33:32 [ERROR] could not get window rect for HWND(0x1e1c96): The handle is invalid. (0x80070006)
19:33:48 [ERROR] could not get window rect for HWND(0x241c96): The handle is invalid. (0x80070006)
19:34:00 [ERROR] could not get window rect for HWND(0x140e9c): The handle is invalid. (0x80070006)
19:34:19 [ERROR] could not get window rect for HWND(0x110e7e): The handle is invalid. (0x80070006)
19:38:12 [ERROR] could not get window rect for HWND(0x90b74): The handle is invalid. (0x80070006)
19:38:41 [ERROR] could not get window rect for HWND(0x1c1d56): The handle is invalid. (0x80070006)
19:38:56 [ERROR] could not get window rect for HWND(0x1f1d56): The handle is invalid. (0x80070006)
19:38:56 [ERROR] could not get window rect for HWND(0xd0f16): The handle is invalid. (0x80070006)
19:39:06 [ERROR] could not get window rect for HWND(0xe0f16): The handle is invalid. (0x80070006)
19:39:07 [ERROR] could not get window rect for HWND(0x291d56): The handle is invalid. (0x80070006)
19:39:19 [ERROR] could not get window rect for HWND(0x1411c4): The handle is invalid. (0x80070006)
19:39:35 [ERROR] could not get window rect for HWND(0xa0c0a): The handle is invalid. (0x80070006)
19:40:20 [ERROR] could not get window rect for HWND(0x1a112e): The handle is invalid. (0x80070006)
19:40:43 [ERROR] could not get window rect for HWND(0x20112e): The handle is invalid. (0x80070006)
19:41:42 [ERROR] could not get window rect for HWND(0xd0e04): The handle is invalid. (0x80070006)
19:41:42 [ERROR] could not get window rect for HWND(0x311cbc): The handle is invalid. (0x80070006)
19:41:42 [ERROR] could not get window rect for HWND(0xd0e02): The handle is invalid. (0x80070006)
19:41:42 [ERROR] could not get window rect for HWND(0xa0e0e): The handle is invalid. (0x80070006)
19:42:01 [ERROR] could not get window rect for HWND(0xc0e0c): The handle is invalid. (0x80070006)
19:42:01 [ERROR] could not get window rect for HWND(0x110eaa): The handle is invalid. (0x80070006)
19:42:02 [ERROR] could not get window rect for HWND(0xe0e0c): The handle is invalid. (0x80070006)
19:42:16 [ERROR] could not get window rect for HWND(0x140eaa): The handle is invalid. (0x80070006)
19:42:23 [ERROR] could not get window rect for HWND(0x170eaa): The handle is invalid. (0x80070006)
19:42:24 [ERROR] could not get window rect for HWND(0x130e0c): The handle is invalid. (0x80070006)
19:42:24 [ERROR] could not get window rect for HWND(0x25112e): The handle is invalid. (0x80070006)
19:42:24 [ERROR] could not get window rect for HWND(0xf0e02): The handle is invalid. (0x80070006)
19:42:24 [ERROR] could not get window rect for HWND(0xc0e0e): The handle is invalid. (0x80070006)
19:42:24 [ERROR] could not get window rect for HWND(0x100e04): The handle is invalid. (0x80070006)
19:42:24 [ERROR] could not get window rect for HWND(0xd0e06): The handle is invalid. (0x80070006)
19:42:24 [ERROR] could not get window rect for HWND(0xd0e0a): The handle is invalid. (0x80070006)
19:42:24 [ERROR] could not get window rect for HWND(0x26112e): The handle is invalid. (0x80070006)
19:42:24 [ERROR] could not get window rect for HWND(0xd0e0e): The handle is invalid. (0x80070006)
19:42:25 [ERROR] could not get window rect for HWND(0x110e02): The handle is invalid. (0x80070006)
19:42:28 [ERROR] could not get window rect for HWND(0x160e0c): The handle is invalid. (0x80070006)
19:42:29 [ERROR] could not get window rect for HWND(0x130e02): The handle is invalid. (0x80070006)
19:42:30 [ERROR] could not get window rect for HWND(0x180e0c): The handle is invalid. (0x80070006)
19:42:30 [ERROR] could not get window rect for HWND(0x150e02): The handle is invalid. (0x80070006)
19:42:31 [ERROR] could not get window rect for HWND(0x160e02): The handle is invalid. (0x80070006)
19:42:32 [ERROR] could not get window rect for HWND(0x1b0e0c): The handle is invalid. (0x80070006)
19:42:33 [ERROR] could not get window rect for HWND(0x180e02): The handle is invalid. (0x80070006)
19:43:34 [INFO] border is disabled for HWND(0xd1afc)
19:44:14 [ERROR] could not get window rect for HWND(0x220e02): The handle is invalid. (0x80070006)
19:44:15 [ERROR] could not get window rect for HWND(0x171afc): The handle is invalid. (0x80070006)
19:44:15 [ERROR] could not get window rect for HWND(0x240e02): The handle is invalid. (0x80070006)
19:44:16 [ERROR] could not get window rect for HWND(0x191afc): The handle is invalid. (0x80070006)
19:44:16 [ERROR] could not get window rect for HWND(0x1a1afc): The handle is invalid. (0x80070006)
19:44:18 [ERROR] could not get window rect for HWND(0x121ca4): The handle is invalid. (0x80070006)
19:44:18 [ERROR] could not get window rect for HWND(0x1c1afc): The handle is invalid. (0x80070006)
19:44:19 [ERROR] could not get window rect for HWND(0x141ca4): The handle is invalid. (0x80070006)
19:44:19 [ERROR] could not get window rect for HWND(0x1e1afc): The handle is invalid. (0x80070006)
19:44:19 [ERROR] could not get window rect for HWND(0x161ca4): The handle is invalid. (0x80070006)
19:44:20 [ERROR] could not get window rect for HWND(0x201afc): The handle is invalid. (0x80070006)
19:44:20 [ERROR] could not get window rect for HWND(0x181ca4): The handle is invalid. (0x80070006)
19:44:20 [ERROR] could not get window rect for HWND(0x221afc): The handle is invalid. (0x80070006)
19:44:24 [ERROR] could not get window rect for HWND(0x241afc): The handle is invalid. (0x80070006)
19:44:25 [ERROR] could not get window rect for HWND(0x1c1ca4): The handle is invalid. (0x80070006)
19:44:38 [ERROR] could not get window rect for HWND(0x220eaa): The handle is invalid. (0x80070006)
19:44:39 [ERROR] could not get window rect for HWND(0x301afc): The handle is invalid. (0x80070006)
19:44:45 [ERROR] could not get window rect for HWND(0x250eaa): The handle is invalid. (0x80070006)
19:44:46 [ERROR] could not get window rect for HWND(0x2a0e02): The handle is invalid. (0x80070006)
19:44:48 [ERROR] could not get window rect for HWND(0x270eaa): The handle is invalid. (0x80070006)
19:44:48 [ERROR] could not get window rect for HWND(0x2c0e02): The handle is invalid. (0x80070006)
19:44:49 [ERROR] could not get window rect for HWND(0x290eaa): The handle is invalid. (0x80070006)
19:45:09 [ERROR] could not get window rect for HWND(0x2d0eaa): The handle is invalid. (0x80070006)
19:45:14 [ERROR] could not get window rect for HWND(0x320e02): The handle is invalid. (0x80070006)
19:45:48 [ERROR] could not get window rect for HWND(0x330eaa): The handle is invalid. (0x80070006)
19:45:49 [ERROR] could not get window rect for HWND(0x370e02): The handle is invalid. (0x80070006)
19:45:52 [ERROR] could not get window rect for HWND(0x390e02): The handle is invalid. (0x80070006)
19:45:53 [ERROR] could not get window rect for HWND(0x370eaa): The handle is invalid. (0x80070006)
19:46:00 [ERROR] could not get window rect for HWND(0x390eaa): The handle is invalid. (0x80070006)
19:46:01 [ERROR] could not get window rect for HWND(0x3d0e02): The handle is invalid. (0x80070006)
19:46:01 [ERROR] could not get window rect for HWND(0x140e7a): The handle is invalid. (0x80070006)
19:46:01 [ERROR] could not get window rect for HWND(0x120e0e): The handle is invalid. (0x80070006)
19:46:01 [ERROR] could not get window rect for HWND(0x180e04): The handle is invalid. (0x80070006)
19:46:50 [ERROR] could not get window rect for HWND(0x400eaa): The handle is invalid. (0x80070006)
19:46:53 [ERROR] could not get window rect for HWND(0x150e0a): The handle is invalid. (0x80070006)
19:47:00 [ERROR] could not get window rect for HWND(0x271ca4): The handle is invalid. (0x80070006)
19:47:28 [ERROR] could not get window rect for HWND(0x270e0c): The handle is invalid. (0x80070006)
19:47:30 [ERROR] could not get window rect for HWND(0x391cbc): The handle is invalid. (0x80070006)
19:47:30 [ERROR] could not get window rect for HWND(0x190eac): The handle is invalid. (0x80070006)
19:47:30 [ERROR] could not get window rect for HWND(0x451afc): The handle is invalid. (0x80070006)
19:47:42 [ERROR] could not get window rect for HWND(0x291ca4): The handle is invalid. (0x80070006)
19:48:12 [ERROR] could not get window rect for HWND(0x230e0a): The handle is invalid. (0x80070006)
19:48:18 [ERROR] could not get window rect for HWND(0x331ca4): The handle is invalid. (0x80070006)
19:48:34 [INFO] border is disabled for HWND(0x40598)
19:48:46 [INFO] border is disabled for HWND(0x40598)
19:49:13 [ERROR] could not get window rect for HWND(0x280e0a): The handle is invalid. (0x80070006)
19:49:40 [ERROR] could not get window rect for HWND(0x3c1ca4): The handle is invalid. (0x80070006)
19:49:50 [ERROR] could not get window rect for HWND(0x151e7e): The handle is invalid. (0x80070006)
19:49:50 [ERROR] could not get window rect for HWND(0x50a24): The handle is invalid. (0x80070006)
19:49:50 [ERROR] could not get window rect for HWND(0x609d4): The handle is invalid. (0x80070006)
19:49:50 [ERROR] could not get window rect for HWND(0x2b0e0a): The handle is invalid. (0x80070006)
19:50:09 [ERROR] could not get window rect for HWND(0xb0cce): The handle is invalid. (0x80070006)
19:50:09 [ERROR] could not get window rect for HWND(0x50f6c): The handle is invalid. (0x80070006)
19:50:09 [ERROR] could not get window rect for HWND(0x409ec): The handle is invalid. (0x80070006)
19:50:09 [ERROR] could not get window rect for HWND(0x409f6): The handle is invalid. (0x80070006)
19:50:09 [ERROR] could not get window rect for HWND(0xa09d4): The handle is invalid. (0x80070006)
19:50:09 [ERROR] could not get window rect for HWND(0x191e7e): The handle is invalid. (0x80070006)
19:50:15 [ERROR] could not get window rect for HWND(0xa0a24): The handle is invalid. (0x80070006)
19:50:16 [ERROR] could not get window rect for HWND(0x310e0a): The handle is invalid. (0x80070006)
19:50:26 [ERROR] could not get window rect for HWND(0xc0a24): The handle is invalid. (0x80070006)
19:50:37 [ERROR] could not get window rect for HWND(0x340e0a): The handle is invalid. (0x80070006)
19:50:37 [ERROR] could not get window rect for HWND(0xf0a24): The handle is invalid. (0x80070006)
19:51:40 [ERROR] could not get window rect for HWND(0x390e0a): The handle is invalid. (0x80070006)
19:51:44 [ERROR] could not get window rect for HWND(0xb0a32): The handle is invalid. (0x80070006)
19:52:05 [ERROR] could not get window rect for HWND(0xf0a32): The handle is invalid. (0x80070006)
19:52:06 [ERROR] could not get window rect for HWND(0x160a24): The handle is invalid. (0x80070006)
19:52:13 [ERROR] could not get window rect for HWND(0x120a32): The handle is invalid. (0x80070006)
19:52:21 [INFO] border is disabled for HWND(0x40598)
19:52:40 [INFO] border is disabled for HWND(0x40598)
19:52:49 [ERROR] could not get window rect for HWND(0x80f6c): The handle is invalid. (0x80070006)
19:52:54 [ERROR] could not get window rect for HWND(0x909f6): The handle is invalid. (0x80070006)
19:52:55 [ERROR] could not get window rect for HWND(0xa0f6c): The handle is invalid. (0x80070006)
19:53:10 [ERROR] could not get window rect for HWND(0xf0f6c): The handle is invalid. (0x80070006)
19:54:15 [ERROR] could not get window rect for HWND(0x1b09f6): The handle is invalid. (0x80070006)
19:54:16 [ERROR] could not get window rect for HWND(0x200a24): The handle is invalid. (0x80070006)
19:54:23 [ERROR] could not get window rect for HWND(0x1f09f6): The handle is invalid. (0x80070006)
19:55:01 [ERROR] could not get window rect for HWND(0x260a24): The handle is invalid. (0x80070006)
19:55:07 [ERROR] could not get window rect for HWND(0xe0a3e): The handle is invalid. (0x80070006)
19:55:07 [ERROR] could not get window rect for HWND(0x270a24): The handle is invalid. (0x80070006)
19:55:07 [ERROR] could not get window rect for HWND(0xf0cce): The handle is invalid. (0x80070006)
19:55:07 [ERROR] could not get window rect for HWND(0x70bee): The handle is invalid. (0x80070006)
19:55:07 [ERROR] could not get window rect for HWND(0x1c1e7e): The handle is invalid. (0x80070006)
19:55:38 [ERROR] could not get window rect for HWND(0x450e0a): The handle is invalid. (0x80070006)
19:55:42 [ERROR] could not get window rect for HWND(0xb1162): The handle is invalid. (0x80070006)
19:55:52 [ERROR] could not get window rect for HWND(0x4a0e0a): The handle is invalid. (0x80070006)
19:56:29 [ERROR] could not get window rect for HWND(0xd09d4): The handle is invalid. (0x80070006)
19:57:51 [ERROR] could not get window rect for HWND(0x91e78): The handle is invalid. (0x80070006)
20:00:52 [ERROR] could not get window rect for HWND(0x60a18): The handle is invalid. (0x80070006)
20:01:17 [ERROR] could not get window rect for HWND(0x70a18): The handle is invalid. (0x80070006)
20:03:45 [ERROR] could not get window rect for HWND(0x1010aa): The handle is invalid. (0x80070006)
20:04:28 [ERROR] could not get window rect for HWND(0x1d10aa): The handle is invalid. (0x80070006)
20:04:35 [ERROR] could not get window rect for HWND(0x190e8c): The handle is invalid. (0x80070006)
20:04:40 [ERROR] could not get window rect for HWND(0x1b0e8c): The handle is invalid. (0x80070006)
20:04:46 [ERROR] could not get window rect for HWND(0x1409f4): The handle is invalid. (0x80070006)
20:05:09 [ERROR] could not get window rect for HWND(0x1409ce): The handle is invalid. (0x80070006)
20:05:44 [ERROR] could not get window rect for HWND(0xe1e80): The handle is invalid. (0x80070006)
20:05:45 [ERROR] could not get window rect for HWND(0xe1e78): The handle is invalid. (0x80070006)
20:07:17 [ERROR] could not get window rect for HWND(0x141e78): The handle is invalid. (0x80070006)
20:08:29 [ERROR] could not get window rect for HWND(0x2a1e80): The handle is invalid. (0x80070006)
20:09:28 [ERROR] could not get window rect for HWND(0x2309ce): The handle is invalid. (0x80070006)
20:09:42 [ERROR] could not get window rect for HWND(0x381e80): The handle is invalid. (0x80070006)
20:10:02 [ERROR] could not get window rect for HWND(0x241e52): The handle is invalid. (0x80070006)
20:10:24 [ERROR] could not get window rect for HWND(0x251e52): The handle is invalid. (0x80070006)
20:10:39 [ERROR] could not get window rect for HWND(0x3509ce): The handle is invalid. (0x80070006)
20:10:43 [ERROR] could not get window rect for HWND(0x3709ce): The handle is invalid. (0x80070006)
20:10:50 [ERROR] could not get window rect for HWND(0xd0a3c): The handle is invalid. (0x80070006)
20:11:25 [ERROR] could not get window rect for HWND(0x120a3c): The handle is invalid. (0x80070006)
20:11:33 [ERROR] could not get window rect for HWND(0x491e80): The handle is invalid. (0x80070006)
20:11:50 [ERROR] could not get window rect for HWND(0x4b1e80): The handle is invalid. (0x80070006)
20:12:23 [ERROR] could not get window rect for HWND(0x181dc2): The handle is invalid. (0x80070006)
20:12:36 [ERROR] could not get window rect for HWND(0x1a1dc2): The handle is invalid. (0x80070006)
20:12:38 [ERROR] could not get window rect for HWND(0x200a3c): The handle is invalid. (0x80070006)
20:12:45 [ERROR] could not get window rect for HWND(0x210a3c): The handle is invalid. (0x80070006)
20:13:02 [ERROR] could not get window rect for HWND(0x501e80): The handle is invalid. (0x80070006)
20:13:02 [ERROR] could not get window rect for HWND(0x240a3c): The handle is invalid. (0x80070006)
20:13:06 [ERROR] could not get window rect for HWND(0x1d1dc2): The handle is invalid. (0x80070006)
20:13:11 [ERROR] could not get window rect for HWND(0x1e1dc2): The handle is invalid. (0x80070006)
20:13:16 [ERROR] could not get window rect for HWND(0x2c0a3c): The handle is invalid. (0x80070006)
20:13:21 [ERROR] could not get window rect for HWND(0x221dc2): The handle is invalid. (0x80070006)
20:13:22 [ERROR] could not get window rect for HWND(0x561e80): The handle is invalid. (0x80070006)
20:13:36 [ERROR] could not get window rect for HWND(0x241dc2): The handle is invalid. (0x80070006)
20:13:37 [ERROR] could not get window rect for HWND(0x581e80): The handle is invalid. (0x80070006)
20:13:52 [ERROR] could not get window rect for HWND(0x2c1dc2): The handle is invalid. (0x80070006)
20:13:59 [ERROR] could not get window rect for HWND(0x2d1dc2): The handle is invalid. (0x80070006)
20:14:11 [ERROR] could not get window rect for HWND(0x100a10): The handle is invalid. (0x80070006)
20:14:39 [ERROR] could not get window rect for HWND(0x390a3c): The handle is invalid. (0x80070006)
20:14:41 [ERROR] could not get window rect for HWND(0x631e80): The handle is invalid. (0x80070006)
20:14:42 [ERROR] could not get window rect for HWND(0x3b0a3c): The handle is invalid. (0x80070006)
20:16:05 [ERROR] could not get window rect for HWND(0x460a3c): The handle is invalid. (0x80070006)
20:16:05 [ERROR] could not get window rect for HWND(0x391cee): The handle is invalid. (0x80070006)
20:18:21 [ERROR] could not get window rect for HWND(0x1b0baa): The handle is invalid. (0x80070006)
20:19:02 [ERROR] could not get window rect for HWND(0x221e16): The handle is invalid. (0x80070006)
20:19:10 [ERROR] could not get window rect for HWND(0x220c20): The handle is invalid. (0x80070006)
20:19:10 [ERROR] could not get window rect for HWND(0x261e16): The handle is invalid. (0x80070006)
20:19:41 [ERROR] could not get window rect for HWND(0x290c20): The handle is invalid. (0x80070006)
20:19:55 [ERROR] could not get window rect for HWND(0x2a0c20): The handle is invalid. (0x80070006)
20:19:56 [ERROR] could not get window rect for HWND(0x1609f8): The handle is invalid. (0x80070006)
20:20:02 [ERROR] could not get window rect for HWND(0x2e0c20): The handle is invalid. (0x80070006)
20:20:38 [ERROR] could not get window rect for HWND(0x321e16): The handle is invalid. (0x80070006)
20:27:42 [ERROR] could not get window rect for HWND(0x1309c8): The handle is invalid. (0x80070006)
20:27:56 [ERROR] could not get window rect for HWND(0x350e8c): The handle is invalid. (0x80070006)
20:28:04 [ERROR] could not get window rect for HWND(0x390e8c): The handle is invalid. (0x80070006)
20:28:27 [ERROR] could not get window rect for HWND(0x3b0e8c): The handle is invalid. (0x80070006)
20:28:27 [ERROR] could not get window rect for HWND(0x80f2c): The handle is invalid. (0x80070006)
20:28:27 [ERROR] could not get window rect for HWND(0x8c084e): The handle is invalid. (0x80070006)
20:28:27 [ERROR] could not get window rect for HWND(0x180e7e): The handle is invalid. (0x80070006)
20:29:21 [ERROR] could not get window rect for HWND(0x170f70): The handle is invalid. (0x80070006)
20:29:22 [ERROR] could not get window rect for HWND(0xb1e30): The handle is invalid. (0x80070006)
20:29:25 [ERROR] could not get window rect for HWND(0x270ce2): The handle is invalid. (0x80070006)
20:29:29 [ERROR] could not get window rect for HWND(0x2a0ce2): The handle is invalid. (0x80070006)
20:29:42 [ERROR] could not get window rect for HWND(0x131e30): The handle is invalid. (0x80070006)
20:29:43 [ERROR] could not get window rect for HWND(0x141e30): The handle is invalid. (0x80070006)
20:30:14 [ERROR] could not get window rect for HWND(0x1e1112): The handle is invalid. (0x80070006)
20:30:14 [ERROR] could not get window rect for HWND(0x340ce2): The handle is invalid. (0x80070006)
20:30:30 [ERROR] could not get window rect for HWND(0x221112): The handle is invalid. (0x80070006)
20:32:36 [ERROR] could not get window rect for HWND(0x1a0ef6): The handle is invalid. (0x80070006)
20:32:48 [ERROR] could not get window rect for HWND(0x1c0ef6): The handle is invalid. (0x80070006)
20:33:03 [ERROR] could not get window rect for HWND(0x2010e8): The handle is invalid. (0x80070006)
20:33:03 [ERROR] could not get window rect for HWND(0x200ef6): The handle is invalid. (0x80070006)
20:33:03 [ERROR] could not get window rect for HWND(0x281112): The handle is invalid. (0x80070006)
20:33:03 [ERROR] could not get window rect for HWND(0x93084e): The handle is invalid. (0x80070006)
20:33:05 [ERROR] could not get window rect for HWND(0x371c74): The handle is invalid. (0x80070006)
20:33:06 [ERROR] could not get window rect for HWND(0x1b1e30): The handle is invalid. (0x80070006)
20:33:31 [ERROR] could not get window rect for HWND(0x3a1c74): The handle is invalid. (0x80070006)
20:35:35 [ERROR] could not get window rect for HWND(0x4a1c74): The handle is invalid. (0x80070006)
20:35:38 [ERROR] could not get window rect for HWND(0x291e30): The handle is invalid. (0x80070006)
20:35:53 [ERROR] could not get window rect for HWND(0x3110e8): The handle is invalid. (0x80070006)
20:35:57 [ERROR] could not get window rect for HWND(0x2b1e30): The handle is invalid. (0x80070006)
20:36:00 [ERROR] could not get window rect for HWND(0x3410e8): The handle is invalid. (0x80070006)
20:36:13 [ERROR] could not get window rect for HWND(0x511c74): The handle is invalid. (0x80070006)
20:36:26 [ERROR] could not get window rect for HWND(0x371e30): The handle is invalid. (0x80070006)
20:36:34 [ERROR] could not get window rect for HWND(0x5611c6): The handle is invalid. (0x80070006)
20:36:39 [ERROR] could not get window rect for HWND(0x3a1e30): The handle is invalid. (0x80070006)
20:36:39 [ERROR] could not get window rect for HWND(0x5811c6): The handle is invalid. (0x80070006)
20:36:39 [ERROR] could not get window rect for HWND(0xb0dde): The handle is invalid. (0x80070006)
20:36:39 [ERROR] could not get window rect for HWND(0x3a1cce): The handle is invalid. (0x80070006)
20:36:39 [ERROR] could not get window rect for HWND(0x200f70): The handle is invalid. (0x80070006)
20:36:47 [ERROR] could not get window rect for HWND(0x480a24): The handle is invalid. (0x80070006)
20:36:47 [ERROR] could not get window rect for HWND(0x661cbc): The handle is invalid. (0x80070006)
20:36:47 [ERROR] could not get window rect for HWND(0x2c1112): The handle is invalid. (0x80070006)
20:36:47 [ERROR] could not get window rect for HWND(0x97084e): The handle is invalid. (0x80070006)
20:36:56 [ERROR] could not get window rect for HWND(0x260f70): The handle is invalid. (0x80070006)
20:36:56 [ERROR] could not get window rect for HWND(0x311112): The handle is invalid. (0x80070006)
20:36:56 [ERROR] could not get window rect for HWND(0x270ef6): The handle is invalid. (0x80070006)
20:36:56 [ERROR] could not get window rect for HWND(0x691cbc): The handle is invalid. (0x80070006)
20:36:56 [ERROR] could not get window rect for HWND(0x4c0a24): The handle is invalid. (0x80070006)
20:37:00 [ERROR] could not get window rect for HWND(0x3e10e8): The handle is invalid. (0x80070006)
20:37:23 [ERROR] could not get window rect for HWND(0x4310e8): The handle is invalid. (0x80070006)
20:38:36 [ERROR] could not get window rect for HWND(0x2b1de6): The handle is invalid. (0x80070006)
20:38:39 [ERROR] could not get window rect for HWND(0x180b5e): The handle is invalid. (0x80070006)
20:38:44 [ERROR] could not get window rect for HWND(0x2d1de6): The handle is invalid. (0x80070006)
20:39:06 [ERROR] could not get window rect for HWND(0x5910e8): The handle is invalid. (0x80070006)
20:39:13 [ERROR] could not get window rect for HWND(0x2f1de6): The handle is invalid. (0x80070006)
20:39:19 [ERROR] could not get window rect for HWND(0x321de6): The handle is invalid. (0x80070006)
20:39:20 [ERROR] could not get window rect for HWND(0x5d10e8): The handle is invalid. (0x80070006)
20:39:31 [ERROR] could not get window rect for HWND(0x310ef6): The handle is invalid. (0x80070006)
20:39:33 [ERROR] could not get window rect for HWND(0x250b5e): The handle is invalid. (0x80070006)
20:39:46 [ERROR] could not get window rect for HWND(0x290b5e): The handle is invalid. (0x80070006)
20:40:08 [ERROR] could not get window rect for HWND(0x291e78): The handle is invalid. (0x80070006)
20:40:16 [ERROR] could not get window rect for HWND(0x2c1e78): The handle is invalid. (0x80070006)
20:40:17 [ERROR] could not get window rect for HWND(0x231028): The handle is invalid. (0x80070006)
20:40:17 [ERROR] could not get window rect for HWND(0x2e1e78): The handle is invalid. (0x80070006)
20:40:17 [ERROR] could not get window rect for HWND(0xad084e): The handle is invalid. (0x80070006)
20:40:17 [ERROR] could not get window rect for HWND(0x320f70): The handle is invalid. (0x80070006)
20:40:17 [ERROR] could not get window rect for HWND(0x451cce): The handle is invalid. (0x80070006)
20:40:28 [ERROR] could not get window rect for HWND(0x3f1de6): The handle is invalid. (0x80070006)
20:40:29 [ERROR] could not get window rect for HWND(0x160dde): The handle is invalid. (0x80070006)
20:40:40 [ERROR] could not get window rect for HWND(0x280de0): The handle is invalid. (0x80070006)
20:40:44 [ERROR] could not get window rect for HWND(0x2b0de0): The handle is invalid. (0x80070006)
20:40:45 [ERROR] could not get window rect for HWND(0x461de6): The handle is invalid. (0x80070006)
20:40:45 [ERROR] could not get window rect for HWND(0x6111c6): The handle is invalid. (0x80070006)
20:40:45 [ERROR] could not get window rect for HWND(0x390ef6): The handle is invalid. (0x80070006)
20:40:45 [ERROR] could not get window rect for HWND(0x431e30): The handle is invalid. (0x80070006)
20:40:52 [ERROR] could not get window rect for HWND(0x380f70): The handle is invalid. (0x80070006)
20:41:12 [ERROR] could not get window rect for HWND(0x1f0dde): The handle is invalid. (0x80070006)
20:41:12 [ERROR] could not get window rect for HWND(0x3d0f70): The handle is invalid. (0x80070006)
20:41:12 [ERROR] could not get window rect for HWND(0x2d0de0): The handle is invalid. (0x80070006)
20:41:12 [ERROR] could not get window rect for HWND(0x200dde): The handle is invalid. (0x80070006)
20:41:12 [ERROR] could not get window rect for HWND(0x471de6): The handle is invalid. (0x80070006)
20:41:39 [ERROR] could not get window rect for HWND(0x6511c6): The handle is invalid. (0x80070006)
20:41:41 [ERROR] could not get window rect for HWND(0x3d0ef6): The handle is invalid. (0x80070006)
20:41:42 [ERROR] could not get window rect for HWND(0x6711c6): The handle is invalid. (0x80070006)
20:41:42 [ERROR] could not get window rect for HWND(0x3f0ef6): The handle is invalid. (0x80070006)
20:41:47 [ERROR] could not get window rect for HWND(0x410ef6): The handle is invalid. (0x80070006)
20:41:49 [ERROR] could not get window rect for HWND(0x6b11c6): The handle is invalid. (0x80070006)
20:41:58 [ERROR] could not get window rect for HWND(0x430ef6): The handle is invalid. (0x80070006)
20:42:01 [ERROR] could not get window rect for HWND(0x6d11c6): The handle is invalid. (0x80070006)
20:42:06 [ERROR] could not get window rect for HWND(0x450ef6): The handle is invalid. (0x80070006)
20:42:06 [ERROR] could not get window rect for HWND(0x6f11c6): The handle is invalid. (0x80070006)
20:42:24 [ERROR] could not get window rect for HWND(0x200fd4): The handle is invalid. (0x80070006)
20:44:50 [ERROR] could not get window rect for HWND(0x4c11de): The handle is invalid. (0x80070006)
20:44:55 [ERROR] could not get window rect for HWND(0x2c1ca6): The handle is invalid. (0x80070006)
20:45:06 [ERROR] could not get window rect for HWND(0x311ca6): The handle is invalid. (0x80070006)
20:45:36 [ERROR] could not get window rect for HWND(0x1c0994): The handle is invalid. (0x80070006)
20:46:00 [ERROR] could not get window rect for HWND(0x450b5e): The handle is invalid. (0x80070006)
20:46:23 [ERROR] could not get window rect for HWND(0x4d0b5e): The handle is invalid. (0x80070006)
20:47:02 [ERROR] could not get window rect for HWND(0x420bb2): The handle is invalid. (0x80070006)
20:47:11 [ERROR] could not get window rect for HWND(0x3f1174): The handle is invalid. (0x80070006)
20:47:16 [ERROR] could not get window rect for HWND(0x401174): The handle is invalid. (0x80070006)
20:47:21 [ERROR] could not get window rect for HWND(0x270bf0): The handle is invalid. (0x80070006)
20:47:29 [ERROR] could not get window rect for HWND(0x461174): The handle is invalid. (0x80070006)
20:48:00 [ERROR] could not get window rect for HWND(0x541174): The handle is invalid. (0x80070006)
20:48:05 [ERROR] could not get window rect for HWND(0x571174): The handle is invalid. (0x80070006)
20:48:16 [ERROR] could not get window rect for HWND(0x591174): The handle is invalid. (0x80070006)
20:48:21 [ERROR] could not get window rect for HWND(0x3e09b0): The handle is invalid. (0x80070006)
20:48:28 [ERROR] could not get window rect for HWND(0x4109b0): The handle is invalid. (0x80070006)
20:48:38 [ERROR] could not get window rect for HWND(0x5f1174): The handle is invalid. (0x80070006)
20:48:52 [ERROR] could not get window rect for HWND(0x4c09b0): The handle is invalid. (0x80070006)
20:48:58 [ERROR] could not get window rect for HWND(0x4e09b0): The handle is invalid. (0x80070006)
20:49:09 [ERROR] could not get window rect for HWND(0x5209b0): The handle is invalid. (0x80070006)
20:49:09 [ERROR] could not get window rect for HWND(0x731c74): The handle is invalid. (0x80070006)
20:49:09 [ERROR] could not get window rect for HWND(0x8411c6): The handle is invalid. (0x80070006)
20:49:09 [ERROR] could not get window rect for HWND(0x370bf0): The handle is invalid. (0x80070006)
20:49:16 [ERROR] could not get window rect for HWND(0x5f11de): The handle is invalid. (0x80070006)
20:49:56 [ERROR] could not get window rect for HWND(0x1107fa): The handle is invalid. (0x80070006)
20:50:09 [ERROR] could not get window rect for HWND(0x6c11de): The handle is invalid. (0x80070006)
20:50:51 [ERROR] could not get window rect for HWND(0x421ca6): The handle is invalid. (0x80070006)
20:50:58 [ERROR] could not get window rect for HWND(0x160b18): The handle is invalid. (0x80070006)
20:51:15 [ERROR] could not get window rect for HWND(0x1d0a26): The handle is invalid. (0x80070006)
20:51:21 [ERROR] could not get window rect for HWND(0x200a26): The handle is invalid. (0x80070006)
20:52:03 [ERROR] could not get window rect for HWND(0x1e0b18): The handle is invalid. (0x80070006)
20:52:44 [ERROR] could not get window rect for HWND(0x2809ae): The handle is invalid. (0x80070006)
20:52:44 [ERROR] could not get window rect for HWND(0x230b18): The handle is invalid. (0x80070006)
20:52:44 [ERROR] could not get window rect for HWND(0x2909ae): The handle is invalid. (0x80070006)
20:52:51 [ERROR] could not get window rect for HWND(0x2707fa): The handle is invalid. (0x80070006)
20:55:03 [ERROR] could not get window rect for HWND(0x3007fa): The handle is invalid. (0x80070006)
20:55:06 [ERROR] could not get window rect for HWND(0x2e09cc): The handle is invalid. (0x80070006)
20:55:07 [ERROR] could not get window rect for HWND(0x3207fa): The handle is invalid. (0x80070006)
20:55:07 [ERROR] could not get window rect for HWND(0x1a112a): The handle is invalid. (0x80070006)
20:55:07 [ERROR] could not get window rect for HWND(0x100cca): The handle is invalid. (0x80070006)
20:55:07 [ERROR] could not get window rect for HWND(0x7e11de): The handle is invalid. (0x80070006)
20:55:14 [INFO] border is disabled for HWND(0x40598)
20:55:55 [ERROR] could not get window rect for HWND(0x170b6a): The handle is invalid. (0x80070006)
20:55:59 [ERROR] could not get window rect for HWND(0x2b0b18): The handle is invalid. (0x80070006)
20:55:59 [ERROR] could not get window rect for HWND(0x190b6a): The handle is invalid. (0x80070006)
20:55:59 [ERROR] could not get window rect for HWND(0x431e00): The handle is invalid. (0x80070006)
20:55:59 [ERROR] could not get window rect for HWND(0x390994): The handle is invalid. (0x80070006)
20:56:32 [ERROR] could not get window rect for HWND(0x461e00): The handle is invalid. (0x80070006)
20:56:36 [ERROR] could not get window rect for HWND(0x1b09fe): The handle is invalid. (0x80070006)
20:57:26 [ERROR] could not get window rect for HWND(0x2109fe): The handle is invalid. (0x80070006)
20:57:27 [ERROR] could not get window rect for HWND(0x250b6a): The handle is invalid. (0x80070006)
20:57:38 [ERROR] could not get window rect for HWND(0x2a0b6a): The handle is invalid. (0x80070006)
20:57:42 [ERROR] could not get window rect for HWND(0x310a26): The handle is invalid. (0x80070006)
20:57:43 [ERROR] could not get window rect for HWND(0x3309ae): The handle is invalid. (0x80070006)
20:57:44 [ERROR] could not get window rect for HWND(0x330a26): The handle is invalid. (0x80070006)
20:58:47 [ERROR] could not get window rect for HWND(0x3d0a26): The handle is invalid. (0x80070006)
20:58:57 [ERROR] could not get window rect for HWND(0x4109ae): The handle is invalid. (0x80070006)
20:59:10 [ERROR] could not get window rect for HWND(0x440a26): The handle is invalid. (0x80070006)
20:59:23 [ERROR] could not get window rect for HWND(0x4809ae): The handle is invalid. (0x80070006)
20:59:33 [ERROR] could not get window rect for HWND(0x4a09ae): The handle is invalid. (0x80070006)
20:59:45 [ERROR] could not get window rect for HWND(0x4e0a26): The handle is invalid. (0x80070006)
20:59:46 [ERROR] could not get window rect for HWND(0x4e09ae): The handle is invalid. (0x80070006)
20:59:48 [ERROR] could not get window rect for HWND(0x500a26): The handle is invalid. (0x80070006)
20:59:50 [ERROR] could not get window rect for HWND(0x520a26): The handle is invalid. (0x80070006)
20:59:55 [ERROR] could not get window rect for HWND(0x5409ae): The handle is invalid. (0x80070006)
21:00:06 [ERROR] could not get window rect for HWND(0x570a26): The handle is invalid. (0x80070006)
21:00:16 [ERROR] could not get window rect for HWND(0x5a0a26): The handle is invalid. (0x80070006)
21:00:24 [ERROR] could not get window rect for HWND(0x5d0a26): The handle is invalid. (0x80070006)
21:00:29 [ERROR] could not get window rect for HWND(0x3309fe): The handle is invalid. (0x80070006)
21:00:37 [ERROR] could not get window rect for HWND(0x3509fe): The handle is invalid. (0x80070006)
21:01:20 [ERROR] could not get window rect for HWND(0x680a26): The handle is invalid. (0x80070006)
21:01:29 [ERROR] could not get window rect for HWND(0x4009fe): The handle is invalid. (0x80070006)
21:01:32 [ERROR] could not get window rect for HWND(0x6c0a26): The handle is invalid. (0x80070006)
21:01:33 [ERROR] could not get window rect for HWND(0x4209fe): The handle is invalid. (0x80070006)
21:01:35 [ERROR] could not get window rect for HWND(0x6e0a26): The handle is invalid. (0x80070006)
21:01:36 [ERROR] could not get window rect for HWND(0x4409fe): The handle is invalid. (0x80070006)
21:01:37 [ERROR] could not get window rect for HWND(0x700a26): The handle is invalid. (0x80070006)
21:01:43 [ERROR] could not get window rect for HWND(0x4709fe): The handle is invalid. (0x80070006)
21:01:44 [ERROR] could not get window rect for HWND(0x720a26): The handle is invalid. (0x80070006)
21:02:02 [ERROR] could not get window rect for HWND(0x770a26): The handle is invalid. (0x80070006)
21:02:16 [ERROR] could not get window rect for HWND(0x7b0a26): The handle is invalid. (0x80070006)
21:02:35 [ERROR] could not get window rect for HWND(0x5309fe): The handle is invalid. (0x80070006)
21:02:45 [ERROR] could not get window rect for HWND(0x830a26): The handle is invalid. (0x80070006)
21:02:47 [ERROR] could not get window rect for HWND(0x840a26): The handle is invalid. (0x80070006)
21:02:54 [ERROR] could not get window rect for HWND(0x5a09fe): The handle is invalid. (0x80070006)
21:02:55 [ERROR] could not get window rect for HWND(0x3f09cc): The handle is invalid. (0x80070006)
21:03:06 [ERROR] could not get window rect for HWND(0x4109cc): The handle is invalid. (0x80070006)
21:03:06 [ERROR] could not get window rect for HWND(0x5e09fe): The handle is invalid. (0x80070006)
21:03:09 [ERROR] could not get window rect for HWND(0x6009fe): The handle is invalid. (0x80070006)
21:03:12 [ERROR] could not get window rect for HWND(0x4609cc): The handle is invalid. (0x80070006)
21:03:25 [ERROR] could not get window rect for HWND(0x6309fe): The handle is invalid. (0x80070006)
21:03:29 [ERROR] could not get window rect for HWND(0x4a09cc): The handle is invalid. (0x80070006)
21:03:30 [ERROR] could not get window rect for HWND(0x6509fe): The handle is invalid. (0x80070006)
21:03:30 [ERROR] could not get window rect for HWND(0x551ca6): The handle is invalid. (0x80070006)
21:03:30 [ERROR] could not get window rect for HWND(0x1d0cca): The handle is invalid. (0x80070006)
21:03:30 [ERROR] could not get window rect for HWND(0x4007fa): The handle is invalid. (0x80070006)
21:03:30 [ERROR] could not get window rect for HWND(0x2b112a): The handle is invalid. (0x80070006)
21:03:30 [ERROR] could not get window rect for HWND(0x860a26): The handle is invalid. (0x80070006)
21:03:37 [ERROR] could not get window rect for HWND(0x3c0b18): The handle is invalid. (0x80070006)
21:03:37 [ERROR] could not get window rect for HWND(0x350b6a): The handle is invalid. (0x80070006)
21:03:55 [ERROR] could not get window rect for HWND(0x400b18): The handle is invalid. (0x80070006)
21:03:57 [ERROR] could not get window rect for HWND(0x3a0b6a): The handle is invalid. (0x80070006)
21:03:57 [ERROR] could not get window rect for HWND(0x1f0cca): The handle is invalid. (0x80070006)
21:03:57 [ERROR] could not get window rect for HWND(0x4207fa): The handle is invalid. (0x80070006)
21:03:57 [ERROR] could not get window rect for HWND(0x541e00): The handle is invalid. (0x80070006)
21:03:57 [ERROR] could not get window rect for HWND(0x8d11de): The handle is invalid. (0x80070006)
21:04:09 [ERROR] could not get window rect for HWND(0x270f34): The handle is invalid. (0x80070006)
21:04:14 [ERROR] could not get window rect for HWND(0x8c0a26): The handle is invalid. (0x80070006)
21:04:18 [ERROR] could not get window rect for HWND(0x290f34): The handle is invalid. (0x80070006)
21:04:20 [ERROR] could not get window rect for HWND(0x8e0a26): The handle is invalid. (0x80070006)
21:04:24 [ERROR] could not get window rect for HWND(0x2b0f34): The handle is invalid. (0x80070006)
21:04:25 [ERROR] could not get window rect for HWND(0x900a26): The handle is invalid. (0x80070006)
21:04:28 [ERROR] could not get window rect for HWND(0x920a26): The handle is invalid. (0x80070006)
21:04:28 [ERROR] could not get window rect for HWND(0x2f0f34): The handle is invalid. (0x80070006)
21:04:29 [ERROR] could not get window rect for HWND(0x940a26): The handle is invalid. (0x80070006)
21:04:32 [ERROR] could not get window rect for HWND(0x310f34): The handle is invalid. (0x80070006)
21:04:35 [ERROR] could not get window rect for HWND(0x330f34): The handle is invalid. (0x80070006)
21:04:46 [ERROR] could not get window rect for HWND(0x370f34): The handle is invalid. (0x80070006)
21:04:57 [ERROR] could not get window rect for HWND(0x480b18): The handle is invalid. (0x80070006)
21:05:18 [ERROR] could not get window rect for HWND(0xa10a26): The handle is invalid. (0x80070006)
21:05:20 [ERROR] could not get window rect for HWND(0xa20a26): The handle is invalid. (0x80070006)
21:05:24 [ERROR] could not get window rect for HWND(0x4f0b18): The handle is invalid. (0x80070006)
21:06:26 [ERROR] could not get window rect for HWND(0x5707fa): The handle is invalid. (0x80070006)
21:06:30 [ERROR] could not get window rect for HWND(0x5a0b18): The handle is invalid. (0x80070006)
21:06:30 [ERROR] could not get window rect for HWND(0x5907fa): The handle is invalid. (0x80070006)
21:06:30 [ERROR] could not get window rect for HWND(0x7309fe): The handle is invalid. (0x80070006)
21:06:30 [ERROR] could not get window rect for HWND(0x631ca6): The handle is invalid. (0x80070006)
21:06:30 [ERROR] could not get window rect for HWND(0x9811de): The handle is invalid. (0x80070006)
21:06:32 [ERROR] could not get window rect for HWND(0x5d0b18): The handle is invalid. (0x80070006)
21:06:33 [ERROR] could not get window rect for HWND(0x621e00): The handle is invalid. (0x80070006)
21:06:35 [ERROR] could not get window rect for HWND(0x420f34): The handle is invalid. (0x80070006)
21:06:40 [ERROR] could not get window rect for HWND(0x450f34): The handle is invalid. (0x80070006)
21:06:44 [ERROR] could not get window rect for HWND(0x460f34): The handle is invalid. (0x80070006)
21:06:54 [ERROR] could not get window rect for HWND(0xb10a26): The handle is invalid. (0x80070006)
21:06:55 [ERROR] could not get window rect for HWND(0x671e00): The handle is invalid. (0x80070006)
21:06:56 [ERROR] could not get window rect for HWND(0xb30a26): The handle is invalid. (0x80070006)
21:06:56 [ERROR] could not get window rect for HWND(0x470f34): The handle is invalid. (0x80070006)
21:06:56 [ERROR] could not get window rect for HWND(0x7609fe): The handle is invalid. (0x80070006)
21:06:56 [ERROR] could not get window rect for HWND(0x9b11de): The handle is invalid. (0x80070006)
21:07:12 [ERROR] could not get window rect for HWND(0x6a1ca6): The handle is invalid. (0x80070006)
21:07:19 [ERROR] could not get window rect for HWND(0x6d1ca6): The handle is invalid. (0x80070006)
21:07:42 [ERROR] could not get window rect for HWND(0x711ca6): The handle is invalid. (0x80070006)
21:07:48 [ERROR] could not get window rect for HWND(0x721ca6): The handle is invalid. (0x80070006)
21:08:15 [ERROR] could not get window rect for HWND(0x6c07fa): The handle is invalid. (0x80070006)
21:15:00 [INFO] border is disabled for HWND(0x40598)
21:19:50 [INFO] border is disabled for HWND(0x40598)
21:19:50 [INFO] border is disabled for HWND(0x40598)
21:20:00 [INFO] border is disabled for HWND(0x40598)
21:20:01 [INFO] border is disabled for HWND(0x40598)
21:20:03 [INFO] border is disabled for HWND(0x40598)
21:20:03 [INFO] border is disabled for HWND(0x40598)
21:20:03 [INFO] border is disabled for HWND(0x40598)
21:20:04 [INFO] border is disabled for HWND(0x40598)
21:20:05 [INFO] border is disabled for HWND(0x40598)
21:25:06 [INFO] border is disabled for HWND(0x40598)
21:27:35 [INFO] border is disabled for HWND(0x40598)
21:27:45 [INFO] border is disabled for HWND(0x40598)
21:27:50 [INFO] border is disabled for HWND(0x40598)
21:28:19 [INFO] border is disabled for HWND(0x40598)
21:29:17 [INFO] border is disabled for HWND(0x40598)
21:29:30 [INFO] border is disabled for HWND(0x40598)
21:29:39 [INFO] border is disabled for HWND(0x40598)
21:29:45 [INFO] border is disabled for HWND(0x40598)
21:30:07 [INFO] border is disabled for HWND(0x40598)
21:30:16 [INFO] border is disabled for HWND(0x40598)
21:30:24 [INFO] border is disabled for HWND(0x40598)
21:30:53 [INFO] border is disabled for HWND(0x40598)
21:31:35 [INFO] border is disabled for HWND(0x40598)
21:31:39 [INFO] border is disabled for HWND(0x40598)
21:32:28 [INFO] border is disabled for HWND(0x40598)
21:33:38 [INFO] border is disabled for HWND(0x40598)
21:34:49 [INFO] border is disabled for HWND(0x40598)
21:34:56 [INFO] border is disabled for HWND(0x40598)
21:56:07 [INFO] border is disabled for HWND(0x40598)
21:58:55 [INFO] border is disabled for HWND(0x40598)
21:59:05 [INFO] border is disabled for HWND(0x40598)
21:59:52 [INFO] border is disabled for HWND(0x40598)
22:00:16 [INFO] border is disabled for HWND(0x40598)
22:02:57 [INFO] border is disabled for HWND(0x40598)
22:03:34 [INFO] border is disabled for HWND(0x40598)
22:08:20 [INFO] border is disabled for HWND(0x40598)
22:11:46 [INFO] border is disabled for HWND(0x40598)
22:11:52 [INFO] border is disabled for HWND(0x40598)
22:15:37 [INFO] border is disabled for HWND(0x40598)
22:15:55 [INFO] border is disabled for HWND(0x40598)
22:21:13 [INFO] border is disabled for HWND(0x40598)
22:21:27 [INFO] border is disabled for HWND(0x40598)
22:25:32 [INFO] border is disabled for HWND(0x40598)
22:25:36 [INFO] border is disabled for HWND(0x40598)
22:27:10 [INFO] border is disabled for HWND(0x40598)
22:27:18 [INFO] border is disabled for HWND(0x40598)
22:27:29 [INFO] border is disabled for HWND(0x40598)
22:28:39 [INFO] border is disabled for HWND(0x40598)
22:57:19 [INFO] border is disabled for HWND(0x40598)
23:03:37 [INFO] border is disabled for HWND(0x40598)
23:03:48 [INFO] border is disabled for HWND(0x40598)
00:17:07 [INFO] border is disabled for HWND(0x40598)
00:17:13 [INFO] border is disabled for HWND(0x40598)
00:17:23 [INFO] border is disabled for HWND(0x40598)
00:17:35 [INFO] border is disabled for HWND(0x40598)
00:18:01 [INFO] border is disabled for HWND(0x40598)
00:19:02 [INFO] border is disabled for HWND(0x40598)
00:19:29 [INFO] border is disabled for HWND(0x40598)
00:19:32 [INFO] border is disabled for HWND(0x40598)
00:19:41 [INFO] border is disabled for HWND(0x40598)
00:19:56 [INFO] border is disabled for HWND(0x40598)
00:22:20 [INFO] border is disabled for HWND(0x40598)
00:26:37 [INFO] border is disabled for HWND(0x40598)
00:27:43 [INFO] border is disabled for HWND(0x40598)
00:27:48 [INFO] border is disabled for HWND(0x40598)
00:27:52 [INFO] border is disabled for HWND(0x40598)
00:28:52 [INFO] border is disabled for HWND(0x40598)
00:29:01 [INFO] border is disabled for HWND(0x40598)
00:29:44 [INFO] border is disabled for HWND(0x40598)
00:31:04 [INFO] border is disabled for HWND(0x40598)
00:32:58 [INFO] border is disabled for HWND(0x40598)
00:33:57 [INFO] border is disabled for HWND(0x40598)
01:05:05 [ERROR] could not get window rect for HWND(0x70978): The handle is invalid. (0x80070006)
01:21:13 [INFO] border is disabled for HWND(0x3043c)
01:21:41 [INFO] border is disabled for HWND(0xf0e20)
01:22:28 [INFO] border is disabled for HWND(0x61e5c)
01:35:34 [INFO] border is disabled for HWND(0x61e5c)
02:34:11 [INFO] border is disabled for HWND(0x61e5c)
02:34:13 [INFO] border is disabled for HWND(0x61e5c)
02:34:14 [INFO] border is disabled for HWND(0x61e5c)
02:44:05 [INFO] border is disabled for HWND(0x61e5c)
02:45:22 [INFO] border is disabled for HWND(0x61e5c)
03:01:46 [INFO] border is disabled for HWND(0x61e5c)
03:15:40 [INFO] border is disabled for HWND(0x61e5c)
03:20:29 [INFO] border is disabled for HWND(0x60450)
03:21:13 [INFO] border is disabled for HWND(0x2e154c)
04:03:42 [INFO] border is disabled for HWND(0x40598)
04:07:42 [INFO] border is disabled for HWND(0x61e5c)
04:09:12 [INFO] border is disabled for HWND(0x61e5c)
04:33:07 [INFO] border is disabled for HWND(0x61e5c)
04:33:09 [INFO] border is disabled for HWND(0x61e5c)
04:33:11 [INFO] border is disabled for HWND(0x61e5c)
04:33:12 [INFO] border is disabled for HWND(0x61e5c)
04:33:12 [INFO] border is disabled for HWND(0x61e5c)
04:33:13 [INFO] border is disabled for HWND(0x61e5c)
04:35:09 [INFO] border is disabled for HWND(0x61e5c)
04:35:10 [INFO] border is disabled for HWND(0x61e5c)
04:37:44 [INFO] border is disabled for HWND(0x61e5c)
04:37:46 [INFO] border is disabled for HWND(0x61e5c)
04:37:50 [INFO] border is disabled for HWND(0x61e5c)
04:37:54 [INFO] border is disabled for HWND(0x61e5c)
04:37:54 [INFO] border is disabled for HWND(0x61e5c)
04:38:02 [INFO] border is disabled for HWND(0x61e5c)
04:38:06 [INFO] border is disabled for HWND(0x61e5c)
04:40:10 [INFO] border is disabled for HWND(0x61e5c)
04:42:42 [INFO] border is disabled for HWND(0x61e5c)
04:53:29 [INFO] border is disabled for HWND(0x61e5c)
05:12:42 [INFO] border is disabled for HWND(0x61e5c)
05:18:04 [INFO] border is disabled for HWND(0x61e5c)
05:37:20 [INFO] border is disabled for HWND(0x61e5c)
05:43:35 [INFO] border is disabled for HWND(0x61e5c)
05:48:44 [INFO] border is disabled for HWND(0x61e5c)
05:53:30 [INFO] border is disabled for HWND(0x61e5c)
05:57:38 [INFO] border is disabled for HWND(0x61e5c)
05:59:57 [INFO] border is disabled for HWND(0x40598)
06:22:24 [ERROR] could not get window rect for HWND(0x1b1050): The handle is invalid. (0x80070006)
06:22:24 [ERROR] could not get window rect for HWND(0xd0480): The handle is invalid. (0x80070006)
16:18:34 [INFO] starting tacky-borders
16:18:50 [INFO] border is disabled for HWND(0x2012c)
16:25:22 [ERROR] could not set window position for HWND(0x20116): Access is denied. (0x80070005)
16:25:22 [ERROR] could not set window position for HWND(0x20116): Access is denied. (0x80070005)
16:25:22 [ERROR] could not set window position for HWND(0x20116): Access is denied. (0x80070005)
16:25:22 [ERROR] could not set window position for HWND(0x20116): Access is denied. (0x80070005)
16:25:22 [ERROR] could not set window position for HWND(0x20116): Access is denied. (0x80070005)
16:25:23 [ERROR] could not set window position for HWND(0x60654): Access is denied. (0x80070005)
16:25:23 [ERROR] could not set window position for HWND(0x60654): Access is denied. (0x80070005)
16:31:42 [INFO] border is disabled for HWND(0x40698)
16:34:23 [INFO] border is disabled for HWND(0x40698)
16:34:39 [INFO] border is disabled for HWND(0x40698)
16:35:09 [INFO] border is disabled for HWND(0x40698)
16:35:54 [INFO] border is disabled for HWND(0x40698)
16:35:58 [INFO] border is disabled for HWND(0x40698)
16:38:16 [INFO] border is disabled for HWND(0x40698)
16:43:01 [INFO] border is disabled for HWND(0x40698)
17:11:35 [INFO] border is disabled for HWND(0x220484)
17:11:37 [INFO] border is disabled for HWND(0x230484)
17:11:46 [INFO] border is disabled for HWND(0x240484)
17:40:19 [INFO] border is disabled for HWND(0x806ea)
17:43:31 [INFO] border is disabled for HWND(0x806ea)
17:43:32 [INFO] border is disabled for HWND(0x806ea)
18:00:04 [INFO] border is disabled for HWND(0x806ea)
18:00:53 [INFO] border is disabled for HWND(0x250484)
18:01:03 [INFO] border is disabled for HWND(0x40698)
18:02:29 [INFO] border is disabled for HWND(0x806ea)
18:02:54 [ERROR] could not set window position for HWND(0x8b609b4): Access is denied. (0x80070005)
18:02:54 [ERROR] could not set window position for HWND(0x8b609b4): Access is denied. (0x80070005)
18:02:54 [ERROR] could not set window position for HWND(0x8b609b4): Access is denied. (0x80070005)
18:04:42 [INFO] border is disabled for HWND(0x40698)
18:04:45 [INFO] border is disabled for HWND(0x806ea)
18:05:00 [INFO] border is disabled for HWND(0x40698)
18:05:01 [INFO] border is disabled for HWND(0x40698)
18:14:53 [ERROR] could not get window rect for HWND(0xc12d0): The handle is invalid. (0x80070006)
18:14:53 [ERROR] could not get window rect for HWND(0x71338): The handle is invalid. (0x80070006)
18:14:53 [ERROR] could not get window rect for HWND(0xd12d0): The handle is invalid. (0x80070006)
18:14:53 [ERROR] could not get window rect for HWND(0x88809be): The handle is invalid. (0x80070006)
18:14:53 [ERROR] could not get window rect for HWND(0x61c80): The handle is invalid. (0x80070006)
18:14:53 [ERROR] could not get window rect for HWND(0x31c48): The handle is invalid. (0x80070006)
18:14:53 [ERROR] could not get window rect for HWND(0x21ca8): The handle is invalid. (0x80070006)
18:14:56 [ERROR] could not get window rect for HWND(0x41cb0): The handle is invalid. (0x80070006)
18:14:56 [ERROR] could not get window rect for HWND(0x41caa): The handle is invalid. (0x80070006)
18:14:56 [ERROR] could not get window rect for HWND(0x81c80): The handle is invalid. (0x80070006)
18:14:56 [ERROR] could not get window rect for HWND(0x51c48): The handle is invalid. (0x80070006)
18:14:56 [ERROR] could not get window rect for HWND(0x41ca8): The handle is invalid. (0x80070006)
18:14:56 [ERROR] could not get window rect for HWND(0x51c62): The handle is invalid. (0x80070006)
18:14:56 [ERROR] could not get window rect for HWND(0x1012d0): The handle is invalid. (0x80070006)
18:14:56 [ERROR] could not get window rect for HWND(0x88b09be): The handle is invalid. (0x80070006)
18:14:56 [ERROR] could not get window rect for HWND(0x8133a): The handle is invalid. (0x80070006)
18:14:56 [ERROR] could not get window rect for HWND(0x51cae): The handle is invalid. (0x80070006)
18:15:01 [ERROR] could not get window rect for HWND(0x61ca8): The handle is invalid. (0x80070006)
18:15:03 [ERROR] could not get window rect for HWND(0x81c62): The handle is invalid. (0x80070006)
18:15:08 [ERROR] could not get window rect for HWND(0x71b28): The handle is invalid. (0x80070006)
18:15:10 [ERROR] could not get window rect for HWND(0xb1c62): The handle is invalid. (0x80070006)
18:15:11 [ERROR] could not get window rect for HWND(0xc1338): The handle is invalid. (0x80070006)
18:15:12 [ERROR] could not get window rect for HWND(0x81cae): The handle is invalid. (0x80070006)
18:15:12 [ERROR] could not get window rect for HWND(0x1312d0): The handle is invalid. (0x80070006)
18:15:12 [ERROR] could not get window rect for HWND(0xb133a): The handle is invalid. (0x80070006)
18:15:12 [ERROR] could not get window rect for HWND(0xa1ca8): The handle is invalid. (0x80070006)
18:15:25 [ERROR] could not get window rect for HWND(0x51cf2): The handle is invalid. (0x80070006)
18:15:48 [ERROR] could not get window rect for HWND(0x61d1e): The handle is invalid. (0x80070006)
18:16:04 [ERROR] could not get window rect for HWND(0xb1d1e): The handle is invalid. (0x80070006)
18:16:04 [ERROR] could not get window rect for HWND(0xa1d20): The handle is invalid. (0x80070006)
18:16:04 [ERROR] could not get window rect for HWND(0xc1d1e): The handle is invalid. (0x80070006)
18:16:04 [ERROR] could not get window rect for HWND(0x11d24): The handle is invalid. (0x80070006)
18:16:04 [ERROR] could not get window rect for HWND(0x11d28): The handle is invalid. (0x80070006)
18:16:06 [ERROR] could not get window rect for HWND(0x21d2c): The handle is invalid. (0x80070006)
18:16:06 [ERROR] could not get window rect for HWND(0x21d2a): The handle is invalid. (0x80070006)
18:16:06 [ERROR] could not get window rect for HWND(0x21d22): The handle is invalid. (0x80070006)
18:16:06 [ERROR] could not get window rect for HWND(0xb1d20): The handle is invalid. (0x80070006)
18:16:07 [ERROR] could not get window rect for HWND(0x51d22): The handle is invalid. (0x80070006)
18:16:07 [ERROR] could not get window rect for HWND(0x51d28): The handle is invalid. (0x80070006)
18:16:08 [ERROR] could not get window rect for HWND(0x51d2c): The handle is invalid. (0x80070006)
18:16:10 [ERROR] could not get window rect for HWND(0x81d26): The handle is invalid. (0x80070006)
18:18:22 [INFO] border is disabled for HWND(0x40698)
18:19:08 [INFO] border is disabled for HWND(0x40698)
18:19:15 [INFO] border is disabled for HWND(0x40698)
18:23:21 [INFO] border is disabled for HWND(0x40698)
18:24:55 [ERROR] could not get window rect for HWND(0x31d78): The handle is invalid. (0x80070006)
18:24:55 [ERROR] could not get window rect for HWND(0xf1d2c): The handle is invalid. (0x80070006)
18:24:55 [ERROR] could not get window rect for HWND(0x31d72): The handle is invalid. (0x80070006)
18:24:55 [ERROR] could not get window rect for HWND(0x31d66): The handle is invalid. (0x80070006)
18:27:25 [ERROR] could not get window rect for HWND(0x201dfa): The handle is invalid. (0x80070006)
18:27:25 [ERROR] could not get window rect for HWND(0x131fd4): The handle is invalid. (0x80070006)
18:27:25 [ERROR] could not get window rect for HWND(0x32256): The handle is invalid. (0x80070006)
18:27:25 [ERROR] could not get window rect for HWND(0x3222e): The handle is invalid. (0x80070006)
18:27:25 [ERROR] could not get window rect for HWND(0x32216): The handle is invalid. (0x80070006)
18:27:25 [ERROR] could not get window rect for HWND(0x321ea): The handle is invalid. (0x80070006)
18:27:25 [ERROR] could not get window rect for HWND(0x321c6): The handle is invalid. (0x80070006)
18:27:25 [ERROR] could not get window rect for HWND(0x321a2): The handle is invalid. (0x80070006)
18:27:25 [ERROR] could not get window rect for HWND(0x32146): The handle is invalid. (0x80070006)
18:27:40 [ERROR] could not get window rect for HWND(0x72106): The handle is invalid. (0x80070006)
18:27:44 [ERROR] could not get window rect for HWND(0x7213a): The handle is invalid. (0x80070006)
18:27:53 [ERROR] could not get window rect for HWND(0xa213a): The handle is invalid. (0x80070006)
18:28:56 [ERROR] could not get window rect for HWND(0xc2106): The handle is invalid. (0x80070006)
18:30:40 [ERROR] could not get window rect for HWND(0x420e0): The handle is invalid. (0x80070006)
18:30:46 [ERROR] could not get window rect for HWND(0x52118): The handle is invalid. (0x80070006)
18:33:25 [ERROR] could not get window rect for HWND(0x6225a): The handle is invalid. (0x80070006)
18:33:26 [ERROR] could not get window rect for HWND(0x19203a): The handle is invalid. (0x80070006)
18:33:27 [ERROR] could not get window rect for HWND(0xb209c): The handle is invalid. (0x80070006)
18:33:28 [ERROR] could not get window rect for HWND(0x1b203a): The handle is invalid. (0x80070006)
18:34:22 [ERROR] could not get window rect for HWND(0x71c8c): The handle is invalid. (0x80070006)
18:34:23 [ERROR] could not get window rect for HWND(0x11179e): The handle is invalid. (0x80070006)
18:34:23 [ERROR] could not get window rect for HWND(0x161d26): The handle is invalid. (0x80070006)
18:34:23 [ERROR] could not get window rect for HWND(0xa2242): The handle is invalid. (0x80070006)
18:34:23 [ERROR] could not get window rect for HWND(0x82082): The handle is invalid. (0x80070006)
18:35:22 [ERROR] could not get window rect for HWND(0xf20da): The handle is invalid. (0x80070006)
18:39:51 [ERROR] could not get window rect for HWND(0x171c8c): The handle is invalid. (0x80070006)
18:40:05 [ERROR] could not get window rect for HWND(0x122286): The handle is invalid. (0x80070006)
18:40:15 [ERROR] could not get window rect for HWND(0x1f1d26): The handle is invalid. (0x80070006)
18:40:18 [ERROR] could not get window rect for HWND(0x2e1dfa): The handle is invalid. (0x80070006)
18:40:56 [ERROR] could not get window rect for HWND(0x13222e): The handle is invalid. (0x80070006)
18:41:01 [ERROR] could not get window rect for HWND(0x15222e): The handle is invalid. (0x80070006)
18:41:02 [ERROR] could not get window rect for HWND(0x172000): The handle is invalid. (0x80070006)
18:42:16 [ERROR] could not get window rect for HWND(0x131fe0): The handle is invalid. (0x80070006)
18:42:42 [ERROR] could not get window rect for HWND(0xf21fa): The handle is invalid. (0x80070006)
18:42:42 [ERROR] could not get window rect for HWND(0x141fe8): The handle is invalid. (0x80070006)
18:42:42 [ERROR] could not get window rect for HWND(0xb1fe2): The handle is invalid. (0x80070006)
18:42:42 [ERROR] could not get window rect for HWND(0x172178): The handle is invalid. (0x80070006)
18:42:42 [ERROR] could not get window rect for HWND(0x1e2000): The handle is invalid. (0x80070006)
18:42:42 [ERROR] could not get window rect for HWND(0x1021fa): The handle is invalid. (0x80070006)
18:42:42 [ERROR] could not get window rect for HWND(0xc1fe2): The handle is invalid. (0x80070006)
18:42:43 [ERROR] could not get window rect for HWND(0x122256): The handle is invalid. (0x80070006)
18:42:43 [ERROR] could not get window rect for HWND(0x161fe8): The handle is invalid. (0x80070006)
18:42:43 [ERROR] could not get window rect for HWND(0xb1ffa): The handle is invalid. (0x80070006)
18:42:43 [ERROR] could not get window rect for HWND(0x132256): The handle is invalid. (0x80070006)
18:42:43 [ERROR] could not get window rect for HWND(0xd1fe2): The handle is invalid. (0x80070006)
18:42:43 [ERROR] could not get window rect for HWND(0x182178): The handle is invalid. (0x80070006)
18:42:43 [ERROR] could not get window rect for HWND(0x202000): The handle is invalid. (0x80070006)
18:42:43 [ERROR] could not get window rect for HWND(0x181fe8): The handle is invalid. (0x80070006)
18:42:43 [ERROR] could not get window rect for HWND(0x142256): The handle is invalid. (0x80070006)
18:42:43 [ERROR] could not get window rect for HWND(0x192178): The handle is invalid. (0x80070006)
18:42:44 [ERROR] could not get window rect for HWND(0xf1fe2): The handle is invalid. (0x80070006)
18:42:44 [ERROR] could not get window rect for HWND(0xb2096): The handle is invalid. (0x80070006)
18:42:44 [ERROR] could not get window rect for HWND(0x191fe8): The handle is invalid. (0x80070006)
18:42:44 [ERROR] could not get window rect for HWND(0x1a2178): The handle is invalid. (0x80070006)
18:42:44 [ERROR] could not get window rect for HWND(0x251d26): The handle is invalid. (0x80070006)
18:42:44 [ERROR] could not get window rect for HWND(0xc1fd8): The handle is invalid. (0x80070006)
18:42:45 [ERROR] could not get window rect for HWND(0x1e225a): The handle is invalid. (0x80070006)
18:42:45 [ERROR] could not get window rect for HWND(0x232000): The handle is invalid. (0x80070006)
18:42:46 [ERROR] could not get window rect for HWND(0x182256): The handle is invalid. (0x80070006)
18:42:46 [ERROR] could not get window rect for HWND(0x1f225a): The handle is invalid. (0x80070006)
18:42:49 [ERROR] could not get window rect for HWND(0x272000): The handle is invalid. (0x80070006)
18:42:49 [ERROR] could not get window rect for HWND(0xf1ffa): The handle is invalid. (0x80070006)
18:42:49 [ERROR] could not get window rect for HWND(0x1b2256): The handle is invalid. (0x80070006)
18:42:49 [ERROR] could not get window rect for HWND(0xd1fd8): The handle is invalid. (0x80070006)
18:42:49 [ERROR] could not get window rect for HWND(0x261d26): The handle is invalid. (0x80070006)
18:47:08 [ERROR] could not get window rect for HWND(0x821f8): The handle is invalid. (0x80070006)
18:47:08 [ERROR] could not get window rect for HWND(0x318aa): The handle is invalid. (0x80070006)
18:47:36 [ERROR] could not get window rect for HWND(0x4818d8): The handle is invalid. (0x80070006)
18:47:36 [ERROR] could not get window rect for HWND(0x621e4): The handle is invalid. (0x80070006)
18:47:36 [ERROR] could not get window rect for HWND(0x518b8): The handle is invalid. (0x80070006)
18:47:36 [ERROR] could not get window rect for HWND(0x818d6): The handle is invalid. (0x80070006)
18:47:48 [ERROR] could not get window rect for HWND(0x818b4): The handle is invalid. (0x80070006)
18:48:04 [ERROR] could not get window rect for HWND(0xe18b4): The handle is invalid. (0x80070006)
18:48:05 [ERROR] could not get window rect for HWND(0x5121e4): The handle is invalid. (0x80070006)
18:48:07 [ERROR] could not get window rect for HWND(0x1018b4): The handle is invalid. (0x80070006)
18:48:07 [ERROR] could not get window rect for HWND(0x5321e4): The handle is invalid. (0x80070006)
18:48:08 [ERROR] could not get window rect for HWND(0x1218b4): The handle is invalid. (0x80070006)
18:48:12 [ERROR] could not get window rect for HWND(0x312000): The handle is invalid. (0x80070006)
18:48:13 [ERROR] could not get window rect for HWND(0x1518b4): The handle is invalid. (0x80070006)
18:48:14 [ERROR] could not get window rect for HWND(0x332000): The handle is invalid. (0x80070006)
18:48:24 [ERROR] could not get window rect for HWND(0x1d18b4): The handle is invalid. (0x80070006)
18:48:36 [ERROR] could not get window rect for HWND(0x2418b4): The handle is invalid. (0x80070006)
18:51:25 [ERROR] could not get window rect for HWND(0x1418aa): The handle is invalid. (0x80070006)
18:51:30 [ERROR] could not get window rect for HWND(0xb421e6): The handle is invalid. (0x80070006)
18:51:30 [ERROR] could not get window rect for HWND(0x1618aa): The handle is invalid. (0x80070006)
18:51:31 [ERROR] could not get window rect for HWND(0xb621e6): The handle is invalid. (0x80070006)
18:51:31 [ERROR] could not get window rect for HWND(0x1818aa): The handle is invalid. (0x80070006)
18:51:32 [ERROR] could not get window rect for HWND(0xb821e6): The handle is invalid. (0x80070006)
18:54:07 [ERROR] could not get window rect for HWND(0x791ffa): The handle is invalid. (0x80070006)
18:56:55 [ERROR] could not get window rect for HWND(0x3d1876): The handle is invalid. (0x80070006)
18:56:55 [ERROR] could not get window rect for HWND(0x31856): The handle is invalid. (0x80070006)
18:56:55 [ERROR] could not get window rect for HWND(0xa1860): The handle is invalid. (0x80070006)
18:56:55 [ERROR] could not get window rect for HWND(0x21858): The handle is invalid. (0x80070006)
18:56:55 [ERROR] could not get window rect for HWND(0x218ea): The handle is invalid. (0x80070006)
18:56:55 [ERROR] could not get window rect for HWND(0x218ec): The handle is invalid. (0x80070006)
18:58:16 [ERROR] could not get window rect for HWND(0x3139e): The handle is invalid. (0x80070006)
18:58:16 [ERROR] could not get window rect for HWND(0x41478): The handle is invalid. (0x80070006)
18:58:16 [ERROR] could not get window rect for HWND(0xc0ffe): The handle is invalid. (0x80070006)
18:58:16 [ERROR] could not get window rect for HWND(0xb1854): The handle is invalid. (0x80070006)
18:58:16 [ERROR] could not get window rect for HWND(0x51858): The handle is invalid. (0x80070006)
18:58:16 [ERROR] could not get window rect for HWND(0x431876): The handle is invalid. (0x80070006)
18:59:25 [ERROR] could not get window rect for HWND(0x1118ea): The handle is invalid. (0x80070006)
19:00:42 [ERROR] could not get window rect for HWND(0xd618ea): The handle is invalid. (0x80070006)
19:00:44 [ERROR] could not get window rect for HWND(0x513a0): The handle is invalid. (0x80070006)
19:00:49 [ERROR] could not get window rect for HWND(0x15109e): The handle is invalid. (0x80070006)
19:01:08 [ERROR] could not get window rect for HWND(0xe818ea): The handle is invalid. (0x80070006)
19:01:17 [ERROR] could not get window rect for HWND(0x5d0ffc): The handle is invalid. (0x80070006)
19:01:26 [ERROR] could not get window rect for HWND(0x5e0ffc): The handle is invalid. (0x80070006)
19:01:27 [ERROR] could not get window rect for HWND(0xee18ea): The handle is invalid. (0x80070006)
19:01:30 [ERROR] could not get window rect for HWND(0x1a1860): The handle is invalid. (0x80070006)
19:01:35 [ERROR] could not get window rect for HWND(0xf118ea): The handle is invalid. (0x80070006)
19:01:46 [ERROR] could not get window rect for HWND(0x291874): The handle is invalid. (0x80070006)
19:02:03 [ERROR] could not get window rect for HWND(0x2f1874): The handle is invalid. (0x80070006)
19:02:04 [ERROR] could not get window rect for HWND(0xfe18ea): The handle is invalid. (0x80070006)
19:02:04 [ERROR] could not get window rect for HWND(0x311874): The handle is invalid. (0x80070006)
19:09:51 [INFO] border is disabled for HWND(0x40698)
19:11:08 [ERROR] could not get window rect for HWND(0x72042): The handle is invalid. (0x80070006)
19:11:50 [ERROR] could not get window rect for HWND(0x91794): The handle is invalid. (0x80070006)
19:12:37 [ERROR] could not get window rect for HWND(0x2a1860): The handle is invalid. (0x80070006)
19:13:18 [ERROR] could not get window rect for HWND(0x7d0ffc): The handle is invalid. (0x80070006)
19:13:27 [ERROR] could not get window rect for HWND(0x820ffc): The handle is invalid. (0x80070006)
19:13:27 [ERROR] could not get window rect for HWND(0x371860): The handle is invalid. (0x80070006)
19:13:27 [ERROR] could not get window rect for HWND(0x840ffc): The handle is invalid. (0x80070006)
19:13:33 [ERROR] could not get window rect for HWND(0x71850): The handle is invalid. (0x80070006)
19:13:33 [ERROR] could not get window rect for HWND(0x141858): The handle is invalid. (0x80070006)
19:13:40 [ERROR] could not get window rect for HWND(0xc184a): The handle is invalid. (0x80070006)
19:14:36 [ERROR] could not get window rect for HWND(0x441860): The handle is invalid. (0x80070006)
19:16:50 [ERROR] could not get window rect for HWND(0xa203c): The handle is invalid. (0x80070006)
19:17:48 [ERROR] could not get window rect for HWND(0xa40ffc): The handle is invalid. (0x80070006)
19:17:52 [ERROR] could not get window rect for HWND(0x28224e): The handle is invalid. (0x80070006)
19:18:02 [ERROR] could not get window rect for HWND(0xaa0ffc): The handle is invalid. (0x80070006)
19:19:51 [ERROR] could not get window rect for HWND(0x231d20): The handle is invalid. (0x80070006)
19:19:52 [ERROR] could not get window rect for HWND(0xb182e): The handle is invalid. (0x80070006)
19:20:00 [ERROR] could not get window rect for HWND(0xf182e): The handle is invalid. (0x80070006)
19:20:12 [ERROR] could not get window rect for HWND(0x2c1d20): The handle is invalid. (0x80070006)
19:20:34 [ERROR] could not get window rect for HWND(0x341858): The handle is invalid. (0x80070006)
19:20:40 [ERROR] could not get window rect for HWND(0x1213a2): The handle is invalid. (0x80070006)
19:20:40 [ERROR] could not get window rect for HWND(0x13182e): The handle is invalid. (0x80070006)
19:20:40 [ERROR] could not get window rect for HWND(0x16184e): The handle is invalid. (0x80070006)
19:20:40 [ERROR] could not get window rect for HWND(0xa182c): The handle is invalid. (0x80070006)
19:20:55 [ERROR] could not get window rect for HWND(0x3e1d20): The handle is invalid. (0x80070006)
19:21:24 [ERROR] could not get window rect for HWND(0x1813a2): The handle is invalid. (0x80070006)
19:22:47 [ERROR] could not get window rect for HWND(0xd0f46): The handle is invalid. (0x80070006)
19:23:06 [ERROR] could not get window rect for HWND(0x3913a0): The handle is invalid. (0x80070006)
19:23:06 [ERROR] could not get window rect for HWND(0xc90ffc): The handle is invalid. (0x80070006)
19:23:13 [ERROR] could not get window rect for HWND(0xcc0ffc): The handle is invalid. (0x80070006)
19:23:30 [ERROR] could not get window rect for HWND(0xd40ffc): The handle is invalid. (0x80070006)
19:23:31 [ERROR] could not get window rect for HWND(0x2a184a): The handle is invalid. (0x80070006)
19:23:31 [ERROR] could not get window rect for HWND(0xd60ffc): The handle is invalid. (0x80070006)
19:23:32 [ERROR] could not get window rect for HWND(0x2c184a): The handle is invalid. (0x80070006)
19:23:46 [ERROR] could not get window rect for HWND(0x33184a): The handle is invalid. (0x80070006)
19:23:51 [ERROR] could not get window rect for HWND(0xe10ffc): The handle is invalid. (0x80070006)
19:24:00 [ERROR] could not get window rect for HWND(0xe40ffc): The handle is invalid. (0x80070006)
19:24:09 [ERROR] could not get window rect for HWND(0xe70ffc): The handle is invalid. (0x80070006)
19:24:47 [ERROR] could not get window rect for HWND(0x1b176a): The handle is invalid. (0x80070006)
19:25:29 [ERROR] could not get window rect for HWND(0x52184a): The handle is invalid. (0x80070006)
19:26:05 [ERROR] could not get window rect for HWND(0x2f176a): The handle is invalid. (0x80070006)
19:26:08 [ERROR] could not get window rect for HWND(0x3f224e): The handle is invalid. (0x80070006)
19:26:08 [ERROR] could not get window rect for HWND(0x31176a): The handle is invalid. (0x80070006)
19:26:08 [ERROR] could not get window rect for HWND(0x171790): The handle is invalid. (0x80070006)
19:26:08 [ERROR] could not get window rect for HWND(0x16203c): The handle is invalid. (0x80070006)
19:26:09 [ERROR] could not get window rect for HWND(0x1b2042): The handle is invalid. (0x80070006)
19:26:09 [ERROR] could not get window rect for HWND(0x5b184a): The handle is invalid. (0x80070006)
19:26:10 [ERROR] could not get window rect for HWND(0x5d1d20): The handle is invalid. (0x80070006)
19:26:10 [ERROR] could not get window rect for HWND(0x1c2042): The handle is invalid. (0x80070006)
19:26:10 [ERROR] could not get window rect for HWND(0x32176a): The handle is invalid. (0x80070006)
19:26:10 [ERROR] could not get window rect for HWND(0x40224e): The handle is invalid. (0x80070006)
19:26:11 [ERROR] could not get window rect for HWND(0x191790): The handle is invalid. (0x80070006)
19:26:11 [ERROR] could not get window rect for HWND(0x5d184a): The handle is invalid. (0x80070006)
19:26:11 [ERROR] could not get window rect for HWND(0x41224e): The handle is invalid. (0x80070006)
19:26:11 [ERROR] could not get window rect for HWND(0x33176a): The handle is invalid. (0x80070006)
19:26:12 [ERROR] could not get window rect for HWND(0x1e2042): The handle is invalid. (0x80070006)
19:26:12 [ERROR] could not get window rect for HWND(0xf00ffc): The handle is invalid. (0x80070006)
19:26:12 [ERROR] could not get window rect for HWND(0x1a203c): The handle is invalid. (0x80070006)
19:26:12 [ERROR] could not get window rect for HWND(0x1f2042): The handle is invalid. (0x80070006)
19:26:12 [ERROR] could not get window rect for HWND(0x34176a): The handle is invalid. (0x80070006)
19:26:12 [ERROR] could not get window rect for HWND(0x42224e): The handle is invalid. (0x80070006)
19:26:13 [ERROR] could not get window rect for HWND(0x5f184a): The handle is invalid. (0x80070006)
19:26:13 [ERROR] could not get window rect for HWND(0xf20ffc): The handle is invalid. (0x80070006)
19:26:14 [ERROR] could not get window rect for HWND(0x621d20): The handle is invalid. (0x80070006)
19:26:14 [ERROR] could not get window rect for HWND(0x60184a): The handle is invalid. (0x80070006)
19:26:14 [ERROR] could not get window rect for HWND(0x43224e): The handle is invalid. (0x80070006)
19:26:14 [ERROR] could not get window rect for HWND(0x1b203c): The handle is invalid. (0x80070006)
19:26:14 [ERROR] could not get window rect for HWND(0x212042): The handle is invalid. (0x80070006)
19:26:14 [ERROR] could not get window rect for HWND(0xf40ffc): The handle is invalid. (0x80070006)
19:26:24 [ERROR] could not get window rect for HWND(0x38176a): The handle is invalid. (0x80070006)
19:26:48 [ERROR] could not get window rect for HWND(0x2e1790): The handle is invalid. (0x80070006)
19:27:18 [ERROR] could not get window rect for HWND(0x3a1790): The handle is invalid. (0x80070006)
19:27:18 [ERROR] could not get window rect for HWND(0x52176a): The handle is invalid. (0x80070006)
19:27:20 [ERROR] could not get window rect for HWND(0x3c1790): The handle is invalid. (0x80070006)
19:27:26 [ERROR] could not get window rect for HWND(0x57176a): The handle is invalid. (0x80070006)
19:27:43 [ERROR] could not get window rect for HWND(0x481790): The handle is invalid. (0x80070006)
19:28:21 [ERROR] could not get window rect for HWND(0x651d20): The handle is invalid. (0x80070006)
19:28:23 [ERROR] could not get window rect for HWND(0x391856): The handle is invalid. (0x80070006)
19:28:23 [ERROR] could not get window rect for HWND(0x671d20): The handle is invalid. (0x80070006)
19:28:24 [ERROR] could not get window rect for HWND(0x3b1856): The handle is invalid. (0x80070006)
19:28:25 [ERROR] could not get window rect for HWND(0x691d20): The handle is invalid. (0x80070006)
19:28:26 [ERROR] could not get window rect for HWND(0x3d1856): The handle is invalid. (0x80070006)
19:28:28 [ERROR] could not get window rect for HWND(0x531790): The handle is invalid. (0x80070006)
19:28:29 [ERROR] could not get window rect for HWND(0x6c1d20): The handle is invalid. (0x80070006)
19:28:30 [ERROR] could not get window rect for HWND(0x551790): The handle is invalid. (0x80070006)
19:28:31 [ERROR] could not get window rect for HWND(0x6e1d20): The handle is invalid. (0x80070006)
19:28:32 [ERROR] could not get window rect for HWND(0x571790): The handle is invalid. (0x80070006)
19:28:36 [ERROR] could not get window rect for HWND(0x701d20): The handle is invalid. (0x80070006)
19:28:39 [ERROR] could not get window rect for HWND(0x591790): The handle is invalid. (0x80070006)
19:28:40 [ERROR] could not get window rect for HWND(0x721d20): The handle is invalid. (0x80070006)
19:29:24 [ERROR] could not get window rect for HWND(0x241d1e): The handle is invalid. (0x80070006)
19:30:01 [ERROR] could not get window rect for HWND(0x72258): The handle is invalid. (0x80070006)
19:31:50 [ERROR] could not get window rect for HWND(0x1a1850): The handle is invalid. (0x80070006)
19:31:50 [ERROR] could not get window rect for HWND(0xe1448): The handle is invalid. (0x80070006)
19:31:57 [ERROR] could not get window rect for HWND(0x162254): The handle is invalid. (0x80070006)
19:32:02 [ERROR] could not get window rect for HWND(0x5213a0): The handle is invalid. (0x80070006)
19:32:04 [ERROR] could not get window rect for HWND(0x17012c): The handle is invalid. (0x80070006)
19:32:04 [ERROR] could not get window rect for HWND(0x5413a0): The handle is invalid. (0x80070006)
19:32:04 [ERROR] could not get window rect for HWND(0x18012c): The handle is invalid. (0x80070006)
19:32:04 [ERROR] could not get window rect for HWND(0x210f6e): The handle is invalid. (0x80070006)
19:32:04 [ERROR] could not get window rect for HWND(0x112040): The handle is invalid. (0x80070006)
19:32:04 [ERROR] could not get window rect for HWND(0xc0f64): The handle is invalid. (0x80070006)
19:32:04 [ERROR] could not get window rect for HWND(0xc1766): The handle is invalid. (0x80070006)
19:32:34 [ERROR] could not get window rect for HWND(0x17182c): The handle is invalid. (0x80070006)
19:32:45 [ERROR] could not get window rect for HWND(0x241d28): The handle is invalid. (0x80070006)
19:33:26 [ERROR] could not get window rect for HWND(0x56224e): The handle is invalid. (0x80070006)
19:33:40 [ERROR] could not get window rect for HWND(0x5a224e): The handle is invalid. (0x80070006)
19:33:43 [ERROR] could not get window rect for HWND(0x1e182c): The handle is invalid. (0x80070006)
19:33:43 [ERROR] could not get window rect for HWND(0xf2258): The handle is invalid. (0x80070006)
19:33:44 [ERROR] could not get window rect for HWND(0x121766): The handle is invalid. (0x80070006)
19:33:44 [ERROR] could not get window rect for HWND(0x20182c): The handle is invalid. (0x80070006)
19:33:44 [ERROR] could not get window rect for HWND(0x5e224e): The handle is invalid. (0x80070006)
19:33:44 [ERROR] could not get window rect for HWND(0x301d28): The handle is invalid. (0x80070006)
19:33:44 [ERROR] could not get window rect for HWND(0x24184e): The handle is invalid. (0x80070006)
19:33:44 [ERROR] could not get window rect for HWND(0x131766): The handle is invalid. (0x80070006)
19:33:44 [ERROR] could not get window rect for HWND(0x22182c): The handle is invalid. (0x80070006)
19:33:44 [ERROR] could not get window rect for HWND(0x132258): The handle is invalid. (0x80070006)
19:33:44 [ERROR] could not get window rect for HWND(0x141766): The handle is invalid. (0x80070006)
19:34:01 [ERROR] could not get window rect for HWND(0x141792): The handle is invalid. (0x80070006)
19:35:23 [ERROR] could not get window rect for HWND(0x2b182c): The handle is invalid. (0x80070006)
19:35:23 [ERROR] could not get window rect for HWND(0x1a2258): The handle is invalid. (0x80070006)
19:35:38 [ERROR] could not get window rect for HWND(0x322252): The handle is invalid. (0x80070006)
19:35:38 [ERROR] could not get window rect for HWND(0x270f6e): The handle is invalid. (0x80070006)
19:35:38 [ERROR] could not get window rect for HWND(0x2c182c): The handle is invalid. (0x80070006)
19:35:38 [ERROR] could not get window rect for HWND(0x1b1792): The handle is invalid. (0x80070006)
19:36:36 [ERROR] could not get window rect for HWND(0x232040): The handle is invalid. (0x80070006)
19:36:48 [ERROR] could not get window rect for HWND(0x242040): The handle is invalid. (0x80070006)
19:36:51 [ERROR] could not get window rect for HWND(0x1a1794): The handle is invalid. (0x80070006)
19:38:32 [ERROR] could not get window rect for HWND(0xd2296): The handle is invalid. (0x80070006)
19:39:54 [ERROR] could not get window rect for HWND(0x70224e): The handle is invalid. (0x80070006)
19:39:54 [ERROR] could not get window rect for HWND(0x292040): The handle is invalid. (0x80070006)
19:39:54 [ERROR] could not get window rect for HWND(0x1e1794): The handle is invalid. (0x80070006)
19:56:33 [INFO] border is disabled for HWND(0x40698)
19:56:43 [INFO] border is disabled for HWND(0x40698)
20:25:26 [ERROR] could not get window rect for HWND(0x61f46): The handle is invalid. (0x80070006)
20:26:03 [ERROR] could not get window rect for HWND(0xa1f46): The handle is invalid. (0x80070006)
20:26:07 [ERROR] could not get window rect for HWND(0x91ee8): The handle is invalid. (0x80070006)
20:27:23 [ERROR] could not get window rect for HWND(0xf0e76): The handle is invalid. (0x80070006)
20:27:30 [ERROR] could not get window rect for HWND(0x61f12): The handle is invalid. (0x80070006)
21:11:11 [ERROR] could not get window rect for HWND(0x6416e4): The handle is invalid. (0x80070006)
21:11:12 [ERROR] could not get window rect for HWND(0x141478): The handle is invalid. (0x80070006)
21:11:13 [ERROR] could not get window rect for HWND(0x6616e4): The handle is invalid. (0x80070006)
21:11:44 [ERROR] could not get window rect for HWND(0x151b40): The handle is invalid. (0x80070006)
21:11:44 [ERROR] could not get window rect for HWND(0x1714b8): The handle is invalid. (0x80070006)
21:11:45 [ERROR] could not get window rect for HWND(0x171b40): The handle is invalid. (0x80070006)
21:11:48 [ERROR] could not get window rect for HWND(0x191b40): The handle is invalid. (0x80070006)
21:12:08 [ERROR] could not get window rect for HWND(0x201b40): The handle is invalid. (0x80070006)
21:12:09 [ERROR] could not get window rect for HWND(0x2114b8): The handle is invalid. (0x80070006)
21:12:37 [ERROR] could not get window rect for HWND(0x261b40): The handle is invalid. (0x80070006)
21:13:17 [ERROR] could not get window rect for HWND(0x3314b8): The handle is invalid. (0x80070006)
21:13:19 [ERROR] could not get window rect for HWND(0x111cfe): The handle is invalid. (0x80070006)
21:13:30 [ERROR] could not get window rect for HWND(0x181cfe): The handle is invalid. (0x80070006)
21:31:27 [INFO] border is disabled for HWND(0x40698)
21:34:03 [ERROR] could not get window rect for HWND(0xd1f9a): The handle is invalid. (0x80070006)
21:36:56 [INFO] border is disabled for HWND(0x40698)
21:38:40 [ERROR] could not get window rect for HWND(0x141cbc): The handle is invalid. (0x80070006)
21:40:39 [ERROR] could not get window rect for HWND(0x31b0c): The handle is invalid. (0x80070006)
21:40:44 [ERROR] could not get window rect for HWND(0xb1e8a): The handle is invalid. (0x80070006)
21:44:50 [INFO] border is disabled for HWND(0x40698)
21:45:23 [ERROR] could not get window rect for HWND(0x6221e): The handle is invalid. (0x80070006)
21:55:53 [INFO] border is disabled for HWND(0x40698)
21:56:25 [INFO] border is disabled for HWND(0x40698)
21:57:09 [INFO] border is disabled for HWND(0x40698)
21:57:16 [INFO] border is disabled for HWND(0x40698)
21:58:20 [INFO] border is disabled for HWND(0x40698)
21:58:42 [INFO] border is disabled for HWND(0x40698)
21:58:50 [INFO] border is disabled for HWND(0x40698)
21:59:18 [INFO] border is disabled for HWND(0x40698)
21:59:27 [INFO] border is disabled for HWND(0x40698)
21:59:36 [INFO] border is disabled for HWND(0x40698)
21:59:52 [INFO] border is disabled for HWND(0x40698)
22:00:31 [INFO] border is disabled for HWND(0x40698)
22:00:51 [INFO] border is disabled for HWND(0x40698)
22:01:36 [INFO] border is disabled for HWND(0x40698)
22:02:10 [INFO] border is disabled for HWND(0x40698)
22:02:36 [INFO] border is disabled for HWND(0x40698)
22:02:44 [INFO] border is disabled for HWND(0x40698)
22:03:00 [INFO] border is disabled for HWND(0x40698)
22:03:02 [INFO] border is disabled for HWND(0x40698)
22:03:06 [INFO] border is disabled for HWND(0x40698)
22:03:07 [INFO] border is disabled for HWND(0x40698)
22:03:09 [INFO] border is disabled for HWND(0x40698)
22:03:15 [INFO] border is disabled for HWND(0x40698)
22:03:16 [INFO] border is disabled for HWND(0x40698)
22:03:25 [INFO] border is disabled for HWND(0x40698)
22:03:38 [INFO] border is disabled for HWND(0x40698)
22:03:40 [INFO] border is disabled for HWND(0x40698)
22:03:50 [INFO] border is disabled for HWND(0x40698)
22:03:54 [INFO] border is disabled for HWND(0x40698)
22:04:39 [INFO] border is disabled for HWND(0x40698)
22:04:52 [INFO] border is disabled for HWND(0x40698)
22:04:55 [INFO] border is disabled for HWND(0x40698)
22:04:55 [INFO] border is disabled for HWND(0x40698)
22:04:58 [INFO] border is disabled for HWND(0x40698)
22:05:02 [INFO] border is disabled for HWND(0x40698)
22:06:01 [INFO] border is disabled for HWND(0x40698)
22:06:13 [INFO] border is disabled for HWND(0x40698)
22:06:18 [INFO] border is disabled for HWND(0x40698)
22:08:24 [INFO] border is disabled for HWND(0x40698)
22:13:06 [INFO] border is disabled for HWND(0x40698)
22:18:59 [INFO] border is disabled for HWND(0x40698)
22:32:45 [INFO] border is disabled for HWND(0x41ea0)
22:35:37 [INFO] border is disabled for HWND(0x40698)
22:35:46 [INFO] border is disabled for HWND(0x40698)
22:36:37 [INFO] border is disabled for HWND(0x40698)
22:50:29 [INFO] border is disabled for HWND(0x260484)
22:52:24 [INFO] border is disabled for HWND(0x806ea)
23:01:22 [INFO] border is disabled for HWND(0x806ea)
00:02:34 [INFO] border is disabled for HWND(0x806ea)
00:23:47 [INFO] border is disabled for HWND(0x40698)
00:28:41 [INFO] border is disabled for HWND(0x806ea)
00:28:46 [INFO] border is disabled for HWND(0x806ea)
00:28:52 [INFO] border is disabled for HWND(0x806ea)
00:29:24 [INFO] border is disabled for HWND(0x806ea)
00:29:52 [INFO] border is disabled for HWND(0x806ea)
00:30:53 [INFO] border is disabled for HWND(0x806ea)
00:31:07 [INFO] border is disabled for HWND(0x806ea)
00:32:04 [INFO] border is disabled for HWND(0x806ea)
00:33:45 [INFO] border is disabled for HWND(0x806ea)
01:11:45 [INFO] border is disabled for HWND(0x806ea)
02:03:55 [INFO] border is disabled for HWND(0x806ea)
02:09:58 [INFO] border is disabled for HWND(0x806ea)
02:49:06 [INFO] border is disabled for HWND(0x806ea)
02:57:41 [INFO] border is disabled for HWND(0x41dd6)
02:58:26 [ERROR] could not set window position for HWND(0x211cf2): Access is denied. (0x80070005)
02:58:26 [ERROR] could not set window position for HWND(0x211cf2): Access is denied. (0x80070005)
02:58:32 [INFO] border is disabled for HWND(0x806ea)
02:58:33 [INFO] border is disabled for HWND(0x806ea)
02:58:33 [INFO] border is disabled for HWND(0x806ea)
02:58:41 [ERROR] could not set window position for HWND(0x211cf2): Access is denied. (0x80070005)
02:58:41 [ERROR] could not set window position for HWND(0x211cf2): Access is denied. (0x80070005)
03:02:18 [ERROR] could not get window rect for HWND(0xd04a2): The handle is invalid. (0x80070006)
03:02:20 [INFO] border is disabled for HWND(0x806ea)
03:02:30 [INFO] border is disabled for HWND(0x806ea)
03:02:46 [INFO] border is disabled for HWND(0x1d133a)
03:02:47 [INFO] border is disabled for HWND(0x1e133a)
03:02:53 [INFO] border is disabled for HWND(0x1f133a)
03:02:54 [INFO] border is disabled for HWND(0x20133a)
03:02:54 [INFO] border is disabled for HWND(0x21133a)
03:05:49 [INFO] border is disabled for HWND(0x231cf4)
03:07:05 [INFO] border is disabled for HWND(0x261cd8)
03:08:16 [INFO] border is disabled for HWND(0x1a19d2)
03:08:18 [INFO] border is disabled for HWND(0x1402d0)
03:08:19 [INFO] border is disabled for HWND(0x1502d0)
03:10:58 [INFO] border is disabled for HWND(0x806ea)
03:11:10 [INFO] border is disabled for HWND(0x806ea)
03:11:13 [INFO] border is disabled for HWND(0xa1dd6)
03:11:13 [INFO] border is disabled for HWND(0xb1dd6)
03:11:14 [INFO] border is disabled for HWND(0x8065e)
03:11:16 [INFO] border is disabled for HWND(0x9065e)
03:11:17 [INFO] border is disabled for HWND(0xa065e)
03:14:55 [INFO] border is disabled for HWND(0x806ea)
03:15:36 [INFO] border is disabled for HWND(0x101f2)
03:15:36 [INFO] border is disabled for HWND(0x101fa)
03:21:12 [INFO] border is disabled for HWND(0x431f92)
03:22:52 [INFO] border is disabled for HWND(0x806ea)
03:23:15 [INFO] border is disabled for HWND(0x22141c)
03:23:27 [INFO] border is disabled for HWND(0x806ea)
03:23:37 [INFO] border is disabled for HWND(0x211d30)
03:23:38 [INFO] border is disabled for HWND(0x221d30)
03:23:57 [INFO] border is disabled for HWND(0x905ee)
03:23:59 [INFO] border is disabled for HWND(0xd1dce)
03:28:19 [INFO] border is disabled for HWND(0x806ea)
03:28:27 [INFO] border is disabled for HWND(0x806ea)
03:28:37 [INFO] border is disabled for HWND(0x806ea)
03:30:30 [INFO] border is disabled for HWND(0x2e1cb0)
03:43:48 [ERROR] could not set window position for HWND(0x1f07be): Access is denied. (0x80070005)
03:43:48 [ERROR] could not set window position for HWND(0x1f07be): Access is denied. (0x80070005)
03:43:48 [ERROR] could not set window position for HWND(0x1f07be): Access is denied. (0x80070005)
03:43:51 [INFO] border is disabled for HWND(0x1e1b8a)
03:43:57 [INFO] border is disabled for HWND(0x1c1dce)
03:44:13 [ERROR] could not set window position for HWND(0x1f07be): Access is denied. (0x80070005)
03:44:13 [ERROR] could not set window position for HWND(0x1f07be): Access is denied. (0x80070005)
03:45:16 [INFO] border is disabled for HWND(0x806ea)
03:45:32 [INFO] border is disabled for HWND(0x1405d4)
03:46:15 [INFO] border is disabled for HWND(0x280646)
03:50:24 [INFO] border is disabled for HWND(0x131f22)
03:54:04 [ERROR] could not get window rect for HWND(0x3e1cf4): The handle is invalid. (0x80070006)
04:07:52 [INFO] border is disabled for HWND(0x806ea)
04:08:26 [INFO] border is disabled for HWND(0x806ea)
04:08:27 [INFO] border is disabled for HWND(0x806ea)
04:10:00 [INFO] border is disabled for HWND(0x1c1d42)
04:11:47 [INFO] border is disabled for HWND(0x2b1ca8)
04:11:50 [INFO] border is disabled for HWND(0x1c1fae)
04:11:51 [INFO] border is disabled for HWND(0x1d1fae)
04:11:52 [INFO] border is disabled for HWND(0x1e1fae)
04:13:11 [INFO] border is disabled for HWND(0x806ea)
04:13:13 [INFO] border is disabled for HWND(0x806ea)
04:16:04 [INFO] border is disabled for HWND(0x806ea)
04:16:31 [INFO] border is disabled for HWND(0x806ea)
04:53:34 [INFO] border is disabled for HWND(0x806ea)
05:02:33 [INFO] border is disabled for HWND(0x806ea)
05:19:06 [INFO] border is disabled for HWND(0x806ea)
05:28:48 [INFO] border is disabled for HWND(0x806ea)
05:59:20 [INFO] border is disabled for HWND(0x806ea)
06:33:18 [INFO] border is disabled for HWND(0x806ea)
06:49:47 [INFO] border is disabled for HWND(0x806ea)
07:03:41 [INFO] border is disabled for HWND(0x806ea)
07:03:42 [INFO] border is disabled for HWND(0x806ea)
07:07:10 [INFO] border is disabled for HWND(0x806ea)
07:10:35 [INFO] border is disabled for HWND(0x40698)
07:17:46 [ERROR] could not get window rect for HWND(0x32206c): The handle is invalid. (0x80070006)
17:54:37 [INFO] starting tacky-borders
17:54:38 [INFO] border is disabled for HWND(0x10668)
17:54:43 [INFO] border is disabled for HWND(0x106cc)
17:54:52 [INFO] border is disabled for HWND(0x106cc)
17:57:38 [ERROR] could not get window rect for HWND(0x20548): The handle is invalid. (0x80070006)
18:21:45 [INFO] border is disabled for HWND(0x101f4)
18:21:45 [INFO] border is disabled for HWND(0x301fa)
18:38:52 [INFO] border is disabled for HWND(0x806ea)
18:38:55 [INFO] border is disabled for HWND(0x107ca)
18:38:55 [INFO] border is disabled for HWND(0x107d0)
18:38:56 [INFO] border is disabled for HWND(0x440794)
18:39:01 [INFO] border is disabled for HWND(0x3906fa)
18:39:15 [INFO] border is disabled for HWND(0x3a06fa)
18:39:17 [INFO] border is disabled for HWND(0x40110)
18:40:24 [INFO] border is disabled for HWND(0x806ea)
18:40:34 [INFO] border is disabled for HWND(0x806ea)
18:40:58 [INFO] border is disabled for HWND(0x806ea)
18:44:06 [INFO] border is disabled for HWND(0x806ea)
18:44:08 [INFO] border is disabled for HWND(0x806ea)
18:45:33 [INFO] border is disabled for HWND(0x806ea)
18:45:43 [INFO] border is disabled for HWND(0x806ea)
18:45:49 [INFO] border is disabled for HWND(0x806ea)
18:45:50 [INFO] border is disabled for HWND(0x806ea)
18:45:54 [INFO] border is disabled for HWND(0x806ea)
18:45:55 [INFO] border is disabled for HWND(0x806ea)
18:46:37 [INFO] border is disabled for HWND(0x806ea)
18:46:39 [INFO] border is disabled for HWND(0x806ea)
18:46:42 [INFO] border is disabled for HWND(0x806ea)
18:46:43 [INFO] border is disabled for HWND(0x806ea)
18:46:49 [ERROR] could not set window position for HWND(0x4b0a84): Access is denied. (0x80070005)
18:46:49 [ERROR] could not set window position for HWND(0x4b0a84): Access is denied. (0x80070005)
19:02:45 [INFO] border is disabled for HWND(0x806ea)
19:10:29 [INFO] border is disabled for HWND(0x806ea)
19:35:51 [INFO] border is disabled for HWND(0x106cc)
19:35:54 [INFO] border is disabled for HWND(0x806ea)
19:35:59 [INFO] border is disabled for HWND(0x106cc)
19:55:56 [INFO] border is disabled for HWND(0x21256)
20:13:58 [INFO] border is disabled for HWND(0xa132e)
20:17:31 [INFO] border is disabled for HWND(0x91326)
20:26:51 [INFO] border is disabled for HWND(0x111174)
20:26:55 [INFO] border is disabled for HWND(0x121174)
20:41:40 [INFO] border is disabled for HWND(0x27136a)
20:50:49 [ERROR] could not check for changes in config dir: The I/O operation has been aborted because of either a thread exit or an application request. (0x800703E3)
20:50:49 [INFO] exiting tacky-borders
23:49:53 [INFO] starting tacky-borders
23:50:43 [INFO] config.yaml has changed; reloading borders
23:50:43 [ERROR] received invalid dpi of 0 from GetDpiForWindow for HWND(0x610f8)
23:53:34 [INFO] border is disabled for HWND(0xa03c2)
23:53:34 [INFO] border is disabled for HWND(0x713b6)
23:53:36 [INFO] border is disabled for HWND(0x813b6)
23:53:38 [INFO] border is disabled for HWND(0xb03c2)
00:14:17 [INFO] border is disabled for HWND(0x806ea)
00:14:19 [INFO] border is disabled for HWND(0x806ea)
00:20:58 [INFO] border is disabled for HWND(0x651284)
00:20:58 [INFO] border is disabled for HWND(0x661284)
00:21:17 [INFO] border is disabled for HWND(0x1313dc)
00:21:19 [INFO] border is disabled for HWND(0x1413dc)
00:22:55 [ERROR] received invalid dpi of 0 from GetDpiForWindow for HWND(0x71398)
00:27:58 [ERROR] could not get window rect for HWND(0x80d0e): The handle is invalid. (0x80070006)
00:28:28 [INFO] border is disabled for HWND(0x806ea)
00:28:37 [INFO] border is disabled for HWND(0x806ea)
00:29:05 [ERROR] could not set window position for HWND(0x6042c): Access is denied. (0x80070005)
00:29:05 [ERROR] could not set window position for HWND(0x6042c): Access is denied. (0x80070005)
00:29:05 [ERROR] could not set window position for HWND(0x6042c): Access is denied. (0x80070005)
00:29:05 [ERROR] could not set window position for HWND(0x6042c): Access is denied. (0x80070005)
00:29:05 [ERROR] could not set window position for HWND(0x6042c): Access is denied. (0x80070005)
00:29:05 [ERROR] could not set window position for HWND(0x6042c): Access is denied. (0x80070005)
00:29:06 [ERROR] could not set window position for HWND(0xa03a4): Access is denied. (0x80070005)
00:29:06 [ERROR] could not set window position for HWND(0xa03a4): Access is denied. (0x80070005)
00:29:06 [ERROR] could not set window position for HWND(0xa03a4): Access is denied. (0x80070005)
00:29:27 [ERROR] received invalid dpi of 0 from GetDpiForWindow for HWND(0x22116e)
00:29:44 [INFO] border is disabled for HWND(0x811f6)
00:29:44 [INFO] border is disabled for HWND(0x911f6)
00:30:01 [ERROR] could not reload config: global: data did not match any variant of untagged enum RadiusConfig at line 7 column 3
00:30:01 [INFO] config.yaml has changed; reloading borders
00:30:02 [ERROR] could not reload config: global: data did not match any variant of untagged enum RadiusConfig at line 7 column 3
00:30:08 [INFO] config.yaml has changed; reloading borders
00:30:08 [ERROR] received invalid dpi of 0 from GetDpiForWindow for HWND(0xb03c4)
00:31:48 [INFO] border is disabled for HWND(0x806ea)
00:32:30 [INFO] border is disabled for HWND(0x806ea)
00:36:03 [INFO] border is disabled for HWND(0x806ea)
00:42:15 [INFO] config.yaml has changed; reloading borders
00:42:15 [ERROR] received invalid dpi of 0 from GetDpiForWindow for HWND(0xb0d10)
00:42:19 [INFO] config.yaml has changed; reloading borders
00:42:19 [ERROR] received invalid dpi of 0 from GetDpiForWindow for HWND(0x603da)
00:42:41 [INFO] config.yaml has changed; reloading borders
00:42:41 [ERROR] could not parse hex: invalid hex: fffff
00:42:41 [ERROR] could not parse hex: invalid hex: fffff
00:42:41 [ERROR] could not parse hex: invalid hex: fffff
00:42:41 [ERROR] received invalid dpi of 0 from GetDpiForWindow for HWND(0x703da)
00:42:45 [INFO] config.yaml has changed; reloading borders
00:42:45 [ERROR] could not parse hex: invalid hex: fffff
00:42:45 [ERROR] could not parse hex: invalid hex: fffff
00:42:45 [ERROR] could not parse hex: invalid hex: fffff
00:42:45 [ERROR] received invalid dpi of 0 from GetDpiForWindow for HWND(0xe0d10)
00:42:55 [ERROR] could not reload config: global: data did not match any variant of untagged enum ColorConfig at line 7 column 3
00:42:55 [INFO] config.yaml has changed; reloading borders
00:42:55 [ERROR] received invalid dpi of 0 from GetDpiForWindow for HWND(0xc0e7a)
00:42:55 [ERROR] could not reload config: global: data did not match any variant of untagged enum ColorConfig at line 7 column 3
00:42:57 [INFO] config.yaml has changed; reloading borders
00:42:57 [ERROR] could not parse hex: invalid hex: fffff
00:42:57 [ERROR] could not parse hex: invalid hex: fffff
00:42:57 [ERROR] could not parse hex: invalid hex: fffff
00:42:57 [ERROR] received invalid dpi of 0 from GetDpiForWindow for HWND(0x1706d0)
00:43:02 [INFO] config.yaml has changed; reloading borders
00:43:02 [ERROR] could not parse hex: invalid hex: fffff
00:43:02 [ERROR] could not parse hex: invalid hex: fffff
00:43:02 [ERROR] could not parse hex: invalid hex: fffff
00:43:02 [ERROR] received invalid dpi of 0 from GetDpiForWindow for HWND(0xd03da)
00:43:07 [INFO] config.yaml has changed; reloading borders
00:43:07 [ERROR] received invalid dpi of 0 from GetDpiForWindow for HWND(0x1b06d0)
00:43:13 [INFO] config.yaml has changed; reloading borders
00:43:13 [ERROR] received invalid dpi of 0 from GetDpiForWindow for HWND(0x80418)
00:43:20 [INFO] config.yaml has changed; reloading borders
00:43:20 [ERROR] received invalid dpi of 0 from GetDpiForWindow for HWND(0x1003da)
00:43:32 [INFO] config.yaml has changed; reloading borders
00:43:32 [ERROR] received invalid dpi of 0 from GetDpiForWindow for HWND(0x1d10cc)
00:43:40 [INFO] config.yaml has changed; reloading borders
00:43:40 [ERROR] received invalid dpi of 0 from GetDpiForWindow for HWND(0x1f10cc)
01:02:57 [INFO] border is disabled for HWND(0x1613ac)
01:05:20 [INFO] border is disabled for HWND(0x1d13a2)
01:07:32 [INFO] border is disabled for HWND(0x760c48)
01:21:25 [ERROR] could not set window position for HWND(0x1a508f8): Access is denied. (0x80070005)
01:21:25 [ERROR] could not set window position for HWND(0x1a508f8): Access is denied. (0x80070005)
01:21:26 [ERROR] could not set window position for HWND(0x1a608f8): Access is denied. (0x80070005)
01:21:26 [ERROR] could not set window position for HWND(0x1a608f8): Access is denied. (0x80070005)
01:21:52 [ERROR] could not set window position for HWND(0x2f0d9e): Access is denied. (0x80070005)
01:21:52 [ERROR] could not set window position for HWND(0x2f0d9e): Access is denied. (0x80070005)
01:24:40 [INFO] border is disabled for HWND(0x380cd2)
01:24:41 [INFO] border is disabled for HWND(0x390cd2)
01:24:41 [INFO] border is disabled for HWND(0x3a0cd2)
01:25:05 [INFO] border is disabled for HWND(0x50248)
01:25:06 [INFO] border is disabled for HWND(0x60248)
01:25:07 [INFO] border is disabled for HWND(0x70248)
01:25:09 [INFO] border is disabled for HWND(0x80248)
01:25:11 [INFO] border is disabled for HWND(0x90248)
01:25:16 [INFO] border is disabled for HWND(0xd041c)
01:25:17 [INFO] border is disabled for HWND(0x1703e0)
01:35:15 [INFO] border is disabled for HWND(0xd1140)
01:35:47 [ERROR] could not get window rect for HWND(0x3050e): The handle is invalid. (0x80070006)
01:41:18 [ERROR] could not set window position for HWND(0x70500): Access is denied. (0x80070005)
01:41:18 [ERROR] could not set window position for HWND(0x70500): Access is denied. (0x80070005)
01:51:00 [INFO] border is disabled for HWND(0x16055e)
02:30:00 [INFO] border is disabled for HWND(0x1d04a4)
02:39:38 [INFO] border is disabled for HWND(0x151382)
02:40:24 [INFO] border is disabled for HWND(0x151382)
02:41:57 [INFO] border is disabled for HWND(0x151382)
02:41:57 [INFO] border is disabled for HWND(0x151382)
02:42:16 [INFO] border is disabled for HWND(0x151382)
03:20:38 [INFO] border is disabled for HWND(0x151382)
03:20:44 [INFO] border is disabled for HWND(0x151382)
03:39:51 [INFO] border is disabled for HWND(0x151382)
03:39:55 [INFO] border is disabled for HWND(0x151382)
03:39:55 [INFO] border is disabled for HWND(0x151382)
03:46:00 [INFO] border is disabled for HWND(0x151382)
03:46:01 [INFO] border is disabled for HWND(0x151382)
03:46:02 [INFO] border is disabled for HWND(0x151382)
03:46:24 [INFO] border is disabled for HWND(0x151382)
03:47:36 [INFO] border is disabled for HWND(0x151382)
03:47:41 [INFO] border is disabled for HWND(0x151382)
03:50:44 [INFO] border is disabled for HWND(0x151382)
03:51:08 [INFO] border is disabled for HWND(0x151382)
03:56:41 [INFO] border is disabled for HWND(0x151382)
04:03:53 [INFO] border is disabled for HWND(0x151382)
04:03:53 [INFO] border is disabled for HWND(0x151382)
04:05:17 [INFO] border is disabled for HWND(0x151382)
04:05:57 [INFO] border is disabled for HWND(0x151382)
04:06:16 [INFO] border is disabled for HWND(0x151382)
04:07:49 [INFO] border is disabled for HWND(0x151382)
04:08:36 [INFO] border is disabled for HWND(0x151382)
06:13:53 [INFO] border is disabled for HWND(0x151382)
06:14:38 [INFO] border is disabled for HWND(0x151382)
06:38:28 [INFO] border is disabled for HWND(0x151382)
06:47:53 [INFO] border is disabled for HWND(0x151382)
07:20:49 [INFO] starting tacky-borders
07:20:49 [INFO] border is disabled for HWND(0x105ec)
07:21:55 [INFO] border is disabled for HWND(0x206f6)
07:21:57 [INFO] border is disabled for HWND(0x206f6)
07:22:05 [INFO] border is disabled for HWND(0x206f6)
07:22:10 [ERROR] could not get window rect for HWND(0x2077e): The handle is invalid. (0x80070006)
07:22:10 [INFO] border is disabled for HWND(0x206f6)
17:05:26 [INFO] starting tacky-borders
17:05:27 [INFO] border is disabled for HWND(0x2066c)
17:11:16 [INFO] border is disabled for HWND(0x40582)
17:11:18 [INFO] border is disabled for HWND(0x50582)
17:11:20 [INFO] border is disabled for HWND(0x20688)
17:11:30 [INFO] border is disabled for HWND(0x3068a)
17:13:15 [INFO] border is disabled for HWND(0x503c8)
17:14:01 [INFO] border is disabled for HWND(0x204ea)
17:14:01 [ERROR] could not set window position for HWND(0x706cc): Access is denied. (0x80070005)
17:14:01 [ERROR] could not set window position for HWND(0x706cc): Access is denied. (0x80070005)
17:14:01 [ERROR] could not set window position for HWND(0x706cc): Access is denied. (0x80070005)
17:14:03 [INFO] border is disabled for HWND(0x804f4)
17:14:03 [INFO] border is disabled for HWND(0x16069c)
17:14:14 [ERROR] could not set window position for HWND(0x3606d6): Access is denied. (0x80070005)
17:14:14 [ERROR] could not set window position for HWND(0x3606d6): Access is denied. (0x80070005)
17:14:18 [ERROR] could not set window position for HWND(0x1a0542): Access is denied. (0x80070005)
17:14:18 [ERROR] could not set window position for HWND(0x1a0542): Access is denied. (0x80070005)
17:14:28 [INFO] border is disabled for HWND(0x2010a)
17:14:28 [INFO] border is disabled for HWND(0x301fa)
17:14:38 [ERROR] could not set window position for HWND(0xa06a6): Access is denied. (0x80070005)
17:14:39 [ERROR] could not set window position for HWND(0xa06a6): Access is denied. (0x80070005)
17:14:55 [INFO] border is disabled for HWND(0x2016c)
17:14:56 [INFO] border is disabled for HWND(0x20172)
17:15:15 [INFO] border is disabled for HWND(0x30876)
17:15:16 [INFO] border is disabled for HWND(0xa0668)
17:15:18 [INFO] border is disabled for HWND(0xa040c)
17:15:22 [INFO] border is disabled for HWND(0x208f2)
17:15:28 [INFO] border is disabled for HWND(0x40670)
17:15:41 [INFO] border is disabled for HWND(0x7051c)
17:15:42 [INFO] border is disabled for HWND(0x8051c)
17:15:44 [INFO] border is disabled for HWND(0x602d0)
17:16:43 [ERROR] could not set window position for HWND(0x4074c): Access is denied. (0x80070005)
17:16:43 [ERROR] could not set window position for HWND(0x4074c): Access is denied. (0x80070005)
17:16:43 [ERROR] could not set window position for HWND(0x4074c): Access is denied. (0x80070005)
17:16:43 [ERROR] could not set window position for HWND(0x4074c): Access is denied. (0x80070005)
17:16:43 [ERROR] could not set window position for HWND(0x4074c): Access is denied. (0x80070005)
17:16:43 [ERROR] could not set window position for HWND(0x4074c): Access is denied. (0x80070005)
17:16:43 [ERROR] could not get window rect for HWND(0x7007c): The handle is invalid. (0x80070006)
17:16:43 [ERROR] could not get window rect for HWND(0x8007c): The handle is invalid. (0x80070006)
17:16:44 [ERROR] could not set window position for HWND(0x80736): Access is denied. (0x80070005)
17:16:44 [ERROR] could not set window position for HWND(0x80736): Access is denied. (0x80070005)
17:16:44 [ERROR] could not set window position for HWND(0x80736): Access is denied. (0x80070005)
17:16:53 [ERROR] could not set window position for HWND(0x60728): Access is denied. (0x80070005)
17:16:53 [ERROR] could not set window position for HWND(0x60728): Access is denied. (0x80070005)
17:16:53 [ERROR] could not set window position for HWND(0x708b2): Access is denied. (0x80070005)
17:16:53 [ERROR] could not set window position for HWND(0x708b2): Access is denied. (0x80070005)
17:17:10 [ERROR] could not set window position for HWND(0x50804): Access is denied. (0x80070005)
17:17:10 [ERROR] could not set window position for HWND(0x50804): Access is denied. (0x80070005)
17:17:33 [INFO] border is disabled for HWND(0x402da)
17:17:33 [INFO] border is disabled for HWND(0x402f4)
17:19:11 [INFO] starting tacky-borders
17:19:12 [INFO] border is disabled for HWND(0x106d4)
17:19:21 [ERROR] could not get window rect for HWND(0x306c8): The handle is invalid. (0x80070006)
18:16:24 [INFO] border is disabled for HWND(0x602e8)
18:31:39 [INFO] border is disabled for HWND(0x10950)
18:31:44 [INFO] border is disabled for HWND(0x20864)
20:36:39 [ERROR] could not get window rect for HWND(0xa078a): The handle is invalid. (0x80070006)
22:15:03 [INFO] border is disabled for HWND(0x907fa)
22:45:40 [ERROR] could not set window position for HWND(0x7108c2): Access is denied. (0x80070005)
22:45:40 [ERROR] could not set window position for HWND(0x7108c2): Access is denied. (0x80070005)
22:45:40 [INFO] border is disabled for HWND(0x40b40)
22:46:13 [INFO] border is disabled for HWND(0x907fa)
22:46:18 [INFO] border is disabled for HWND(0x101f0)
22:46:18 [INFO] border is disabled for HWND(0x301f6)
22:47:03 [INFO] border is disabled for HWND(0x907fa)
22:47:04 [INFO] border is disabled for HWND(0x907fa)
22:47:10 [INFO] border is disabled for HWND(0x907fa)
22:48:35 [INFO] border is disabled for HWND(0x907fa)
23:03:55 [INFO] border is disabled for HWND(0x61044c)
23:03:57 [INFO] border is disabled for HWND(0x62044c)
23:04:00 [INFO] border is disabled for HWND(0x63044c)
01:21:15 [INFO] border is disabled for HWND(0x2e0aa4)
01:21:15 [INFO] border is disabled for HWND(0x3508fc)
01:21:20 [INFO] border is disabled for HWND(0x3608fc)
01:21:20 [INFO] border is disabled for HWND(0x2f0aa4)
01:21:30 [INFO] border is disabled for HWND(0x300aa4)
01:22:26 [INFO] border is disabled for HWND(0x310aa4)
01:34:58 [INFO] border is disabled for HWND(0x907fa)
02:07:49 [INFO] border is disabled for HWND(0x907fa)
02:11:25 [INFO] border is disabled for HWND(0x907fa)
02:11:30 [INFO] border is disabled for HWND(0x310e4)
02:11:30 [INFO] border is disabled for HWND(0x4106e)
02:12:15 [ERROR] could not get window rect for HWND(0x510f6): The handle is invalid. (0x80070006)
02:12:19 [INFO] border is disabled for HWND(0x907fa)
02:12:21 [ERROR] could not get window rect for HWND(0x100f2c): The handle is invalid. (0x80070006)
02:12:27 [ERROR] could not get window rect for HWND(0x60e70): The handle is invalid. (0x80070006)
02:12:28 [ERROR] could not get window rect for HWND(0x120f2c): The handle is invalid. (0x80070006)
02:12:30 [INFO] border is disabled for HWND(0x907fa)
02:26:32 [INFO] border is disabled for HWND(0x907fa)
02:30:41 [INFO] border is disabled for HWND(0x907fa)
02:31:05 [INFO] border is disabled for HWND(0x907fa)
02:31:49 [INFO] border is disabled for HWND(0x907fa)
02:31:59 [INFO] border is disabled for HWND(0x907fa)
03:49:06 [INFO] border is disabled for HWND(0x907fa)
04:28:00 [INFO] border is disabled for HWND(0x907fa)
04:41:27 [INFO] border is disabled for HWND(0x907fa)
04:41:30 [INFO] border is disabled for HWND(0xa0fa2)
04:41:32 [INFO] border is disabled for HWND(0x907fa)
04:43:31 [INFO] border is disabled for HWND(0x907fa)
04:44:42 [INFO] border is disabled for HWND(0x907fa)
05:48:33 [ERROR] could not set window position for HWND(0xa11e2): Access is denied. (0x80070005)
05:48:33 [ERROR] could not set window position for HWND(0xa11e2): Access is denied. (0x80070005)
05:48:40 [ERROR] could not set window position for HWND(0x1110a0): Access is denied. (0x80070005)
07:20:39 [ERROR] could not get window rect for HWND(0xf047c): The handle is invalid. (0x80070006)
07:20:46 [ERROR] could not get window rect for HWND(0x23a09d0): The handle is invalid. (0x80070006)
07:20:51 [ERROR] could not get window rect for HWND(0xc03f8): The handle is invalid. (0x80070006)
07:20:54 [INFO] border is disabled for HWND(0x907fa)
07:20:58 [ERROR] could not get window rect for HWND(0x1d105c): The handle is invalid. (0x80070006)
07:21:00 [ERROR] could not get window rect for HWND(0x1e105c): The handle is invalid. (0x80070006)
07:21:01 [ERROR] could not get window rect for HWND(0x1f105c): The handle is invalid. (0x80070006)
07:21:05 [ERROR] could not get window rect for HWND(0x80402): The handle is invalid. (0x80070006)
07:21:08 [ERROR] could not get window rect for HWND(0x21105c): The handle is invalid. (0x80070006)
07:21:10 [ERROR] could not get window rect for HWND(0x22105c): The handle is invalid. (0x80070006)
07:21:12 [ERROR] could not get window rect for HWND(0xf10f2): The handle is invalid. (0x80070006)
07:21:13 [ERROR] could not get window rect for HWND(0x1110d4): The handle is invalid. (0x80070006)
07:22:13 [ERROR] could not get window rect for HWND(0x1410d4): The handle is invalid. (0x80070006)
07:22:20 [ERROR] could not get window rect for HWND(0xa10ea): The handle is invalid. (0x80070006)
07:22:22 [ERROR] could not get window rect for HWND(0xb10ea): The handle is invalid. (0x80070006)
07:22:24 [ERROR] could not get window rect for HWND(0xc04c2): The handle is invalid. (0x80070006)
07:22:24 [ERROR] could not get window rect for HWND(0xd10ea): The handle is invalid. (0x80070006)
07:22:24 [ERROR] could not get window rect for HWND(0x1910d4): The handle is invalid. (0x80070006)
08:09:47 [ERROR] could not get window rect for HWND(0x3409c4): The handle is invalid. (0x80070006)
20:08:40 [INFO] starting tacky-borders
20:08:42 [INFO] border is disabled for HWND(0x1067e)
20:11:42 [INFO] border is disabled for HWND(0x1803fc)
20:17:21 [ERROR] could not get window rect for HWND(0x20576): The handle is invalid. (0x80070006)
20:17:45 [INFO] border is disabled for HWND(0x206a2)
20:26:21 [INFO] border is disabled for HWND(0x206a2)
21:19:00 [INFO] border is disabled for HWND(0x206a2)
21:22:22 [INFO] border is disabled for HWND(0x206a2)
21:23:27 [INFO] border is disabled for HWND(0x206a2)
21:23:39 [INFO] border is disabled for HWND(0x206a2)
21:24:10 [INFO] border is disabled for HWND(0x206a2)
21:27:06 [INFO] border is disabled for HWND(0x206a2)
21:28:50 [INFO] border is disabled for HWND(0x206a2)
21:29:11 [INFO] border is disabled for HWND(0x206a2)
21:31:25 [INFO] border is disabled for HWND(0x206a2)
21:38:55 [INFO] border is disabled for HWND(0x206a2)
22:00:45 [INFO] border is disabled for HWND(0x206a2)
22:00:50 [INFO] border is disabled for HWND(0x206a2)
22:00:51 [INFO] border is disabled for HWND(0x206a2)
22:00:53 [INFO] border is disabled for HWND(0x206a2)
22:01:02 [INFO] border is disabled for HWND(0x206a2)
22:01:07 [INFO] border is disabled for HWND(0x206a2)
22:01:10 [INFO] border is disabled for HWND(0x206a2)
22:01:14 [INFO] border is disabled for HWND(0x206a2)
22:01:16 [INFO] border is disabled for HWND(0x206a2)
22:01:23 [INFO] border is disabled for HWND(0x206a2)
22:01:24 [INFO] border is disabled for HWND(0x206a2)
22:01:25 [INFO] border is disabled for HWND(0x206a2)
22:01:26 [INFO] border is disabled for HWND(0x206a2)
22:01:32 [INFO] border is disabled for HWND(0x1803fc)
22:01:32 [ERROR] could not set window position for HWND(0x61c088e): Access is denied. (0x80070005)
22:01:32 [ERROR] could not set window position for HWND(0x61c088e): Access is denied. (0x80070005)
22:02:05 [INFO] border is disabled for HWND(0x206a2)
22:02:09 [INFO] border is disabled for HWND(0x206a2)
22:02:10 [INFO] border is disabled for HWND(0x206a2)
22:02:13 [INFO] border is disabled for HWND(0x206a2)
22:02:32 [INFO] border is disabled for HWND(0x206a2)
22:02:53 [INFO] border is disabled for HWND(0x206a2)
22:03:21 [INFO] border is disabled for HWND(0x206a2)
22:03:25 [INFO] border is disabled for HWND(0x206a2)
22:03:25 [INFO] border is disabled for HWND(0x206a2)
22:03:26 [INFO] border is disabled for HWND(0x206a2)
22:03:27 [INFO] border is disabled for HWND(0x206a2)
22:03:45 [INFO] border is disabled for HWND(0x206a2)
22:05:53 [INFO] border is disabled for HWND(0x206a2)
22:06:50 [INFO] border is disabled for HWND(0x206a2)
22:07:41 [INFO] border is disabled for HWND(0x206a2)
22:07:45 [INFO] border is disabled for HWND(0x206a2)
22:09:21 [INFO] border is disabled for HWND(0x206a2)
22:09:31 [INFO] border is disabled for HWND(0x206a2)
22:11:23 [INFO] border is disabled for HWND(0x206a2)
22:13:22 [INFO] border is disabled for HWND(0x206a2)
22:15:11 [INFO] border is disabled for HWND(0x206a2)
22:16:00 [INFO] border is disabled for HWND(0x206a2)
22:42:18 [INFO] border is disabled for HWND(0x206a2)
22:42:25 [INFO] border is disabled for HWND(0x206a2)
22:43:18 [INFO] border is disabled for HWND(0x206a2)
22:43:31 [INFO] border is disabled for HWND(0x206a2)
22:43:35 [INFO] border is disabled for HWND(0x206a2)
22:43:42 [INFO] border is disabled for HWND(0x206a2)
22:43:44 [INFO] border is disabled for HWND(0x206a2)
22:43:46 [INFO] border is disabled for HWND(0x206a2)
22:44:17 [INFO] border is disabled for HWND(0x206a2)
22:44:28 [INFO] border is disabled for HWND(0x206a2)
22:45:02 [INFO] border is disabled for HWND(0x206a2)
22:45:37 [INFO] border is disabled for HWND(0x206a2)
22:45:54 [INFO] border is disabled for HWND(0x206a2)
22:46:02 [ERROR] could not set window position for HWND(0xe0b12): Access is denied. (0x80070005)
22:46:02 [ERROR] could not set window position for HWND(0xe0b12): Access is denied. (0x80070005)
22:46:07 [INFO] border is disabled for HWND(0x206a2)
22:46:14 [INFO] border is disabled for HWND(0x206a2)
22:46:47 [INFO] border is disabled for HWND(0x206a2)
22:47:18 [INFO] border is disabled for HWND(0x206a2)
22:47:36 [INFO] border is disabled for HWND(0x206a2)
22:47:41 [INFO] border is disabled for HWND(0x206a2)
22:47:45 [INFO] border is disabled for HWND(0x206a2)
22:47:54 [INFO] border is disabled for HWND(0x206a2)
22:48:07 [ERROR] could not set window position for HWND(0x6cd0902): Access is denied. (0x80070005)
22:48:07 [ERROR] could not set window position for HWND(0x6cd0902): Access is denied. (0x80070005)
23:02:32 [INFO] border is disabled for HWND(0x206a2)
23:02:34 [INFO] border is disabled for HWND(0x206a2)
23:03:02 [INFO] border is disabled for HWND(0x206a2)
23:10:56 [INFO] border is disabled for HWND(0x206a2)
23:12:32 [INFO] border is disabled for HWND(0x206a2)
23:12:43 [INFO] border is disabled for HWND(0xff0afe)
23:12:44 [INFO] border is disabled for HWND(0x1000afe)
23:13:22 [INFO] border is disabled for HWND(0x206a2)
23:13:25 [INFO] border is disabled for HWND(0x206a2)
23:14:30 [INFO] border is disabled for HWND(0x206a2)
23:15:31 [INFO] border is disabled for HWND(0x206a2)
23:35:54 [INFO] border is disabled for HWND(0x1803fc)
23:36:03 [INFO] border is disabled for HWND(0x1803fc)
23:38:49 [ERROR] could not set window position for HWND(0x3124a): Access is denied. (0x80070005)
23:38:49 [ERROR] could not set window position for HWND(0x3124a): Access is denied. (0x80070005)
23:39:00 [ERROR] could not set window position for HWND(0x31204): Access is denied. (0x80070005)
23:39:10 [ERROR] could not set window position for HWND(0x1970b9a): Access is denied. (0x80070005)
23:39:10 [ERROR] could not set window position for HWND(0x1970b9a): Access is denied. (0x80070005)
00:03:00 [INFO] border is disabled for HWND(0x101f8)
00:03:00 [INFO] border is disabled for HWND(0x301fe)
00:28:43 [INFO] border is disabled for HWND(0x206a2)
00:35:22 [INFO] border is disabled for HWND(0x206a2)
00:39:05 [INFO] border is disabled for HWND(0x206a2)
00:40:13 [INFO] border is disabled for HWND(0x1803fc)
00:42:48 [INFO] border is disabled for HWND(0x1803fc)
00:51:24 [ERROR] could not resize render_target: The requested size is larger than the guaranteed supported texture size at the Direct3D device's current feature level. (0x8899001D)
00:53:15 [INFO] border is disabled for HWND(0x131330)
00:53:15 [INFO] border is disabled for HWND(0x31478)
00:53:21 [INFO] border is disabled for HWND(0x213aa)
00:54:13 [ERROR] could not resize render_target: The requested size is larger than the guaranteed supported texture size at the Direct3D device's current feature level. (0x8899001D)
01:03:13 [ERROR] could not get window rect for HWND(0x11c88): The handle is invalid. (0x80070006)
01:03:14 [ERROR] could not get window rect for HWND(0x21c8a): The handle is invalid. (0x80070006)
01:04:15 [ERROR] could not get window rect for HWND(0x11eee): The handle is invalid. (0x80070006)
01:04:21 [ERROR] could not get window rect for HWND(0x41ef4): The handle is invalid. (0x80070006)
01:07:38 [ERROR] could not get window rect for HWND(0x61c54): The handle is invalid. (0x80070006)
01:07:38 [ERROR] could not get window rect for HWND(0x71c54): The handle is invalid. (0x80070006)
01:07:40 [ERROR] could not get window rect for HWND(0x4b0ab2): The handle is invalid. (0x80070006)
01:07:46 [ERROR] could not get window rect for HWND(0x31a9a): The handle is invalid. (0x80070006)
01:07:54 [ERROR] could not get window rect for HWND(0x21069e): The handle is invalid. (0x80070006)
01:07:58 [ERROR] could not get window rect for HWND(0xd1fa8): The handle is invalid. (0x80070006)
01:08:00 [ERROR] could not get window rect for HWND(0xf1fa8): The handle is invalid. (0x80070006)
01:08:07 [ERROR] could not get window rect for HWND(0xe1206): The handle is invalid. (0x80070006)
01:08:11 [ERROR] could not get window rect for HWND(0x13111e): The handle is invalid. (0x80070006)
01:21:30 [ERROR] could not get window rect for HWND(0x101fa0): The handle is invalid. (0x80070006)
01:21:41 [ERROR] could not get window rect for HWND(0x3411de): The handle is invalid. (0x80070006)
01:22:11 [ERROR] could not get window rect for HWND(0x172112): The handle is invalid. (0x80070006)
01:22:16 [ERROR] could not get window rect for HWND(0x210d42): The handle is invalid. (0x80070006)
01:22:19 [ERROR] could not get window rect for HWND(0x230d42): The handle is invalid. (0x80070006)
01:22:21 [ERROR] could not get window rect for HWND(0x250d42): The handle is invalid. (0x80070006)
01:22:22 [INFO] border is disabled for HWND(0x206a2)
01:22:45 [ERROR] could not get window rect for HWND(0x101218): The handle is invalid. (0x80070006)
01:22:50 [ERROR] could not get window rect for HWND(0x1606d8): The handle is invalid. (0x80070006)
01:22:50 [ERROR] could not get window rect for HWND(0x91f8e): The handle is invalid. (0x80070006)
01:22:51 [ERROR] could not get window rect for HWND(0xe111c): The handle is invalid. (0x80070006)
01:22:55 [ERROR] could not get window rect for HWND(0xd1f3a): The handle is invalid. (0x80070006)
01:22:55 [ERROR] could not get window rect for HWND(0xe1f3a): The handle is invalid. (0x80070006)
01:22:57 [ERROR] could not get window rect for HWND(0x12136e): The handle is invalid. (0x80070006)
01:23:01 [ERROR] could not get window rect for HWND(0x401244): The handle is invalid. (0x80070006)
01:23:03 [ERROR] could not get window rect for HWND(0x141476): The handle is invalid. (0x80070006)
01:23:20 [ERROR] could not get window rect for HWND(0x19136e): The handle is invalid. (0x80070006)
01:23:20 [ERROR] could not get window rect for HWND(0x1a136e): The handle is invalid. (0x80070006)
01:23:28 [ERROR] could not get window rect for HWND(0x1d1218): The handle is invalid. (0x80070006)
01:23:31 [ERROR] could not get window rect for HWND(0x1b1476): The handle is invalid. (0x80070006)
01:23:35 [ERROR] could not get window rect for HWND(0x1f1218): The handle is invalid. (0x80070006)
01:23:36 [ERROR] could not get window rect for HWND(0x201218): The handle is invalid. (0x80070006)
01:23:38 [ERROR] could not get window rect for HWND(0x1720c8): The handle is invalid. (0x80070006)
01:23:38 [ERROR] could not get window rect for HWND(0x1d2152): The handle is invalid. (0x80070006)
01:23:38 [ERROR] could not get window rect for HWND(0x141f78): The handle is invalid. (0x80070006)
01:25:45 [ERROR] could not get window rect for HWND(0x51c5c): The handle is invalid. (0x80070006)
01:27:09 [ERROR] could not get window rect for HWND(0xf20b4): The handle is invalid. (0x80070006)
01:27:09 [ERROR] could not get window rect for HWND(0x131fc8): The handle is invalid. (0x80070006)
01:27:09 [ERROR] could not get window rect for HWND(0x132162): The handle is invalid. (0x80070006)
01:27:09 [ERROR] could not get window rect for HWND(0x1f2090): The handle is invalid. (0x80070006)
01:27:11 [ERROR] could not get window rect for HWND(0xf212a): The handle is invalid. (0x80070006)
01:36:43 [INFO] border is disabled for HWND(0x206a2)
01:42:27 [INFO] border is disabled for HWND(0x206a2)
01:42:34 [INFO] border is disabled for HWND(0x81250)
01:42:38 [INFO] border is disabled for HWND(0x206a2)
01:51:55 [INFO] border is disabled for HWND(0x206a2)
01:56:17 [ERROR] could not get window rect for HWND(0x2120c2): The handle is invalid. (0x80070006)
02:01:14 [INFO] border is disabled for HWND(0x206a2)
02:31:35 [INFO] border is disabled for HWND(0x206a2)
03:33:06 [INFO] border is disabled for HWND(0x206a2)
03:33:11 [INFO] border is disabled for HWND(0x206a2)
03:33:17 [INFO] border is disabled for HWND(0x206a2)
03:33:20 [INFO] border is disabled for HWND(0x206a2)
03:34:12 [INFO] border is disabled for HWND(0x6e068a)
03:34:14 [INFO] border is disabled for HWND(0x1b20c6)
03:34:16 [INFO] border is disabled for HWND(0x1c20c6)
03:34:17 [INFO] border is disabled for HWND(0x1d20c6)
03:34:23 [INFO] border is disabled for HWND(0x206a2)
03:34:41 [INFO] border is disabled for HWND(0xe04e4)
03:37:56 [INFO] border is disabled for HWND(0x206a2)
04:43:01 [INFO] border is disabled for HWND(0x511d4)
04:43:34 [INFO] border is disabled for HWND(0x206a2)
05:29:06 [INFO] border is disabled for HWND(0x206a2)
05:29:06 [INFO] border is disabled for HWND(0x206a2)
05:29:51 [INFO] border is disabled for HWND(0x206a2)
05:32:15 [INFO] border is disabled for HWND(0x206a2)
05:33:42 [INFO] border is disabled for HWND(0x206a2)
05:36:33 [INFO] border is disabled for HWND(0x206a2)
05:37:16 [INFO] border is disabled for HWND(0x206a2)
05:38:03 [INFO] border is disabled for HWND(0x206a2)
05:38:37 [INFO] border is disabled for HWND(0x206a2)
05:39:21 [INFO] border is disabled for HWND(0x206a2)
05:40:08 [INFO] border is disabled for HWND(0x206a2)
05:40:44 [INFO] border is disabled for HWND(0x206a2)
05:41:43 [INFO] border is disabled for HWND(0x206a2)
05:42:00 [INFO] border is disabled for HWND(0x206a2)
05:42:31 [INFO] border is disabled for HWND(0x206a2)
05:43:07 [INFO] border is disabled for HWND(0x206a2)
05:43:26 [INFO] border is disabled for HWND(0x206a2)
05:43:47 [INFO] border is disabled for HWND(0x206a2)
05:44:59 [INFO] border is disabled for HWND(0x206a2)
05:45:35 [INFO] border is disabled for HWND(0x206a2)
05:46:38 [INFO] border is disabled for HWND(0x206a2)
05:46:57 [INFO] border is disabled for HWND(0x206a2)
05:54:49 [INFO] border is disabled for HWND(0x206a2)
05:55:37 [INFO] border is disabled for HWND(0x206a2)
05:55:42 [INFO] border is disabled for HWND(0x206a2)
05:55:46 [ERROR] could not set window position for HWND(0x57218e): Access is denied. (0x80070005)
05:55:46 [ERROR] could not set window position for HWND(0x57218e): Access is denied. (0x80070005)
05:57:28 [INFO] border is disabled for HWND(0x206a2)
05:58:07 [INFO] border is disabled for HWND(0x206a2)
05:58:14 [INFO] border is disabled for HWND(0x206a2)
05:58:23 [INFO] border is disabled for HWND(0x206a2)
05:58:24 [INFO] border is disabled for HWND(0x206a2)
05:59:45 [INFO] border is disabled for HWND(0x206a2)
06:00:04 [INFO] border is disabled for HWND(0x206a2)
06:00:33 [INFO] border is disabled for HWND(0x206a2)
06:04:01 [INFO] border is disabled for HWND(0x360cd4)
06:04:12 [INFO] border is disabled for HWND(0x206a2)
06:04:14 [INFO] border is disabled for HWND(0x206a2)
06:07:52 [INFO] border is disabled for HWND(0x206a2)
06:08:18 [INFO] border is disabled for HWND(0x206a2)
06:10:46 [INFO] border is disabled for HWND(0x206a2)
06:10:48 [INFO] border is disabled for HWND(0x206a2)
06:22:02 [INFO] border is disabled for HWND(0x206a2)
06:22:04 [INFO] border is disabled for HWND(0x206a2)
06:22:11 [INFO] border is disabled for HWND(0x206a2)
06:22:12 [INFO] border is disabled for HWND(0x206a2)
06:22:14 [INFO] border is disabled for HWND(0x206a2)
06:22:17 [INFO] border is disabled for HWND(0x206a2)
06:22:19 [INFO] border is disabled for HWND(0x206a2)
06:22:21 [INFO] border is disabled for HWND(0x206a2)
06:22:23 [INFO] border is disabled for HWND(0x206a2)
06:22:31 [INFO] border is disabled for HWND(0x206a2)
06:22:35 [ERROR] could not set window position for HWND(0x651f7c): Access is denied. (0x80070005)
06:22:35 [ERROR] could not set window position for HWND(0x651f7c): Access is denied. (0x80070005)
08:26:45 [INFO] border is disabled for HWND(0x206a2)
09:11:15 [INFO] border is disabled for HWND(0x206a2)
09:11:21 [INFO] border is disabled for HWND(0x206a2)
09:11:42 [INFO] border is disabled for HWND(0x206a2)
09:12:50 [INFO] border is disabled for HWND(0x206a2)
09:50:27 [INFO] border is disabled for HWND(0x206a2)
10:09:16 [INFO] border is disabled for HWND(0x206a2)
10:14:06 [INFO] border is disabled for HWND(0x206a2)
10:17:51 [INFO] border is disabled for HWND(0x206a2)
10:19:19 [INFO] border is disabled for HWND(0x206a2)
10:23:17 [INFO] border is disabled for HWND(0x206a2)
10:23:18 [INFO] border is disabled for HWND(0x206a2)
10:24:45 [INFO] border is disabled for HWND(0x206a2)
10:25:30 [INFO] border is disabled for HWND(0x1803fc)
10:28:24 [INFO] border is disabled for HWND(0x206a2)
12:04:28 [ERROR] could not get window rect for HWND(0x54040c): The handle is invalid. (0x80070006)
12:04:29 [ERROR] could not get window rect for HWND(0x2b0792): The handle is invalid. (0x80070006)
22:02:34 [INFO] starting tacky-borders
22:02:36 [INFO] border is disabled for HWND(0x10688)
22:02:38 [INFO] border is disabled for HWND(0x10400)
22:37:57 [INFO] border is disabled for HWND(0x501c8)
22:37:58 [INFO] border is disabled for HWND(0x601c8)
22:38:09 [INFO] border is disabled for HWND(0xd04dc)
22:38:15 [INFO] border is disabled for HWND(0x80506)
22:38:17 [INFO] border is disabled for HWND(0x90506)
22:38:26 [INFO] border is disabled for HWND(0x30202)
22:38:28 [INFO] border is disabled for HWND(0x80746)
22:45:22 [INFO] border is disabled for HWND(0xd04dc)
23:29:46 [INFO] border is disabled for HWND(0xd04dc)
00:29:22 [INFO] border is disabled for HWND(0xd04dc)
01:04:48 [INFO] border is disabled for HWND(0xd04dc)
01:06:31 [INFO] border is disabled for HWND(0x2bd2088c)
01:06:32 [INFO] border is disabled for HWND(0x2bd3088c)
01:06:32 [INFO] border is disabled for HWND(0x1a2907fe)
01:06:37 [INFO] border is disabled for HWND(0xd04dc)
01:06:58 [INFO] border is disabled for HWND(0xd04dc)
01:28:33 [INFO] border is disabled for HWND(0xd04dc)
01:29:06 [INFO] border is disabled for HWND(0x130209b2)
01:29:06 [INFO] border is disabled for HWND(0x130309b2)
01:29:06 [INFO] border is disabled for HWND(0x2e2c0924)
01:29:09 [INFO] border is disabled for HWND(0x2fb408f8)
01:29:11 [INFO] border is disabled for HWND(0x2e2e0924)
01:29:33 [INFO] border is disabled for HWND(0x2e2f0924)
01:29:37 [INFO] border is disabled for HWND(0x2e300924)
01:29:38 [INFO] border is disabled for HWND(0x2e310924)
01:35:40 [INFO] border is disabled for HWND(0xd04dc)
01:36:03 [INFO] border is disabled for HWND(0x2cde089c)
01:36:10 [INFO] border is disabled for HWND(0x19c504da)
01:36:13 [INFO] border is disabled for HWND(0x20c1081e)
01:37:16 [INFO] border is disabled for HWND(0x2f7b0912)
01:37:21 [INFO] border is disabled for HWND(0x2f7c0912)
01:38:25 [INFO] border is disabled for HWND(0x80732)
01:39:50 [INFO] border is disabled for HWND(0xd04dc)
01:39:52 [INFO] border is disabled for HWND(0xd04dc)
01:39:58 [INFO] border is disabled for HWND(0x10400)
01:39:58 [ERROR] could not set window position for HWND(0x701c2): Access is denied. (0x80070005)
01:39:58 [ERROR] could not set window position for HWND(0x701c2): Access is denied. (0x80070005)
01:41:05 [INFO] border is disabled for HWND(0xd04dc)
03:23:42 [INFO] border is disabled for HWND(0x42550a04)
03:23:43 [INFO] border is disabled for HWND(0x42560a04)
03:23:44 [INFO] border is disabled for HWND(0x42570a04)
03:23:45 [INFO] border is disabled for HWND(0x42580a04)
05:21:50 [INFO] border is disabled for HWND(0xd04dc)
05:21:55 [INFO] border is disabled for HWND(0xd04dc)
05:23:23 [INFO] border is disabled for HWND(0xd04dc)
06:04:02 [INFO] border is disabled for HWND(0x3477045c)
06:06:30 [INFO] border is disabled for HWND(0x1f7d070e)
06:10:29 [INFO] border is disabled for HWND(0x10400)
06:10:52 [INFO] border is disabled for HWND(0x10400)
08:08:52 [INFO] border is disabled for HWND(0x10400)
08:10:27 [ERROR] could not get window rect for HWND(0xa0f84): The handle is invalid. (0x80070006)
08:13:22 [ERROR] could not get window rect for HWND(0x41ce0): The handle is invalid. (0x80070006)
08:15:51 [ERROR] could not get window rect for HWND(0xc1976): The handle is invalid. (0x80070006)
08:16:20 [ERROR] could not get window rect for HWND(0x91cd8): The handle is invalid. (0x80070006)
08:16:43 [ERROR] could not get window rect for HWND(0x11dca): The handle is invalid. (0x80070006)
08:17:50 [ERROR] could not get window rect for HWND(0x31efe): The handle is invalid. (0x80070006)
08:17:51 [ERROR] could not get window rect for HWND(0x51f1c): The handle is invalid. (0x80070006)
08:19:02 [ERROR] could not get window rect for HWND(0x81f74): The handle is invalid. (0x80070006)
08:19:16 [ERROR] could not get window rect for HWND(0x11fc2): The handle is invalid. (0x80070006)
08:19:21 [ERROR] could not get window rect for HWND(0x51fc4): The handle is invalid. (0x80070006)
08:19:21 [ERROR] could not get window rect for HWND(0x41fc2): The handle is invalid. (0x80070006)
08:19:21 [ERROR] could not get window rect for HWND(0x11fc6): The handle is invalid. (0x80070006)
08:19:21 [ERROR] could not get window rect for HWND(0x11fca): The handle is invalid. (0x80070006)
08:19:34 [ERROR] could not get window rect for HWND(0x61fcc): The handle is invalid. (0x80070006)
08:19:37 [ERROR] could not get window rect for HWND(0x81fcc): The handle is invalid. (0x80070006)
08:21:42 [ERROR] could not get window rect for HWND(0x820ee): The handle is invalid. (0x80070006)
08:21:42 [ERROR] could not get window rect for HWND(0x32110): The handle is invalid. (0x80070006)
08:21:42 [ERROR] could not get window rect for HWND(0x220f4): The handle is invalid. (0x80070006)
08:21:42 [ERROR] could not get window rect for HWND(0x22050): The handle is invalid. (0x80070006)
08:22:02 [INFO] border is disabled for HWND(0x10400)
08:23:14 [ERROR] could not get window rect for HWND(0x522c2): The handle is invalid. (0x80070006)
08:23:29 [ERROR] could not get window rect for HWND(0x62368): The handle is invalid. (0x80070006)
08:25:01 [ERROR] could not get window rect for HWND(0x1020f2): The handle is invalid. (0x80070006)
08:25:06 [ERROR] could not get window rect for HWND(0x61f88): The handle is invalid. (0x80070006)
08:25:10 [ERROR] could not get window rect for HWND(0xb2174): The handle is invalid. (0x80070006)
08:25:20 [ERROR] could not get window rect for HWND(0x122174): The handle is invalid. (0x80070006)
08:25:21 [ERROR] could not get window rect for HWND(0x7204e): The handle is invalid. (0x80070006)
08:25:21 [ERROR] could not get window rect for HWND(0x1820f2): The handle is invalid. (0x80070006)
08:25:22 [ERROR] could not get window rect for HWND(0x62232): The handle is invalid. (0x80070006)
08:25:43 [ERROR] could not get window rect for HWND(0x1a20f2): The handle is invalid. (0x80070006)
08:28:15 [ERROR] could not get window rect for HWND(0x220f7c): The handle is invalid. (0x80070006)
08:28:15 [ERROR] could not get window rect for HWND(0xb1cde): The handle is invalid. (0x80070006)
08:28:25 [ERROR] could not get window rect for HWND(0xd1918): The handle is invalid. (0x80070006)
08:28:39 [ERROR] could not get window rect for HWND(0xa22b6): The handle is invalid. (0x80070006)
08:28:40 [ERROR] could not get window rect for HWND(0x310f7c): The handle is invalid. (0x80070006)
08:28:58 [ERROR] could not get window rect for HWND(0x1122b6): The handle is invalid. (0x80070006)
08:28:58 [ERROR] could not get window rect for HWND(0x80f80): The handle is invalid. (0x80070006)
08:28:58 [ERROR] could not get window rect for HWND(0xd1cde): The handle is invalid. (0x80070006)
08:28:58 [ERROR] could not get window rect for HWND(0x91aac): The handle is invalid. (0x80070006)
08:30:18 [ERROR] could not get window rect for HWND(0xa1eba): The handle is invalid. (0x80070006)
08:30:36 [ERROR] could not get window rect for HWND(0x121eba): The handle is invalid. (0x80070006)
08:32:22 [ERROR] could not get window rect for HWND(0xa1974): The handle is invalid. (0x80070006)
08:32:29 [ERROR] could not get window rect for HWND(0xc1974): The handle is invalid. (0x80070006)
08:34:09 [ERROR] could not get window rect for HWND(0x1c22c2): The handle is invalid. (0x80070006)
08:34:17 [ERROR] could not get window rect for HWND(0xd204c): The handle is invalid. (0x80070006)
08:34:18 [ERROR] could not get window rect for HWND(0xe204c): The handle is invalid. (0x80070006)
08:34:22 [ERROR] could not get window rect for HWND(0x11204c): The handle is invalid. (0x80070006)
08:34:37 [ERROR] could not get window rect for HWND(0x191426): The handle is invalid. (0x80070006)
08:34:50 [ERROR] could not get window rect for HWND(0x100f98): The handle is invalid. (0x80070006)
08:35:11 [ERROR] could not get window rect for HWND(0x161978): The handle is invalid. (0x80070006)
08:35:11 [ERROR] could not get window rect for HWND(0x110f98): The handle is invalid. (0x80070006)
08:35:11 [ERROR] could not get window rect for HWND(0xc1914): The handle is invalid. (0x80070006)
08:35:11 [ERROR] could not get window rect for HWND(0x1e22b6): The handle is invalid. (0x80070006)
08:35:14 [ERROR] could not get window rect for HWND(0x2620f2): The handle is invalid. (0x80070006)
08:35:39 [ERROR] could not get window rect for HWND(0x9206c): The handle is invalid. (0x80070006)
08:35:47 [ERROR] could not get window rect for HWND(0x9216e): The handle is invalid. (0x80070006)
08:36:02 [ERROR] could not get window rect for HWND(0x10206c): The handle is invalid. (0x80070006)
08:36:15 [ERROR] could not get window rect for HWND(0x10216e): The handle is invalid. (0x80070006)
08:36:23 [ERROR] could not get window rect for HWND(0x14216e): The handle is invalid. (0x80070006)
08:36:26 [ERROR] could not get window rect for HWND(0x161914): The handle is invalid. (0x80070006)
08:36:31 [ERROR] could not get window rect for HWND(0x19216e): The handle is invalid. (0x80070006)
08:37:31 [ERROR] could not get window rect for HWND(0x1f1914): The handle is invalid. (0x80070006)
08:37:48 [ERROR] could not get window rect for HWND(0x25216e): The handle is invalid. (0x80070006)
08:38:03 [ERROR] could not get window rect for HWND(0x29216e): The handle is invalid. (0x80070006)
08:38:46 [ERROR] could not get window rect for HWND(0x361914): The handle is invalid. (0x80070006)
08:40:30 [ERROR] could not get window rect for HWND(0x3e216e): The handle is invalid. (0x80070006)
08:40:49 [ERROR] could not get window rect for HWND(0x820e0): The handle is invalid. (0x80070006)
08:41:02 [ERROR] could not get window rect for HWND(0x43216e): The handle is invalid. (0x80070006)
08:41:18 [ERROR] could not get window rect for HWND(0xd20c4): The handle is invalid. (0x80070006)
08:41:30 [ERROR] could not get window rect for HWND(0x1220c4): The handle is invalid. (0x80070006)
08:41:35 [ERROR] could not get window rect for HWND(0x1020a4): The handle is invalid. (0x80070006)
08:41:37 [ERROR] could not get window rect for HWND(0x1420c4): The handle is invalid. (0x80070006)
08:41:37 [ERROR] could not get window rect for HWND(0x72058): The handle is invalid. (0x80070006)
08:41:37 [ERROR] could not get window rect for HWND(0x620a8): The handle is invalid. (0x80070006)
08:41:37 [ERROR] could not get window rect for HWND(0x620ac): The handle is invalid. (0x80070006)
08:41:37 [ERROR] could not get window rect for HWND(0x920dc): The handle is invalid. (0x80070006)
08:41:37 [ERROR] could not get window rect for HWND(0x920a0): The handle is invalid. (0x80070006)
08:41:39 [ERROR] could not get window rect for HWND(0x820a8): The handle is invalid. (0x80070006)
08:41:39 [ERROR] could not get window rect for HWND(0x820ac): The handle is invalid. (0x80070006)
08:41:39 [ERROR] could not get window rect for HWND(0xa20b2): The handle is invalid. (0x80070006)
08:41:39 [ERROR] could not get window rect for HWND(0xb20c2): The handle is invalid. (0x80070006)
08:41:40 [ERROR] could not get window rect for HWND(0x4a216e): The handle is invalid. (0x80070006)
08:41:40 [ERROR] could not get window rect for HWND(0xa2058): The handle is invalid. (0x80070006)
08:41:40 [ERROR] could not get window rect for HWND(0x920ac): The handle is invalid. (0x80070006)
08:41:40 [ERROR] could not get window rect for HWND(0xc20c2): The handle is invalid. (0x80070006)
08:42:38 [ERROR] could not get window rect for HWND(0xd20a8): The handle is invalid. (0x80070006)
08:42:58 [ERROR] could not get window rect for HWND(0x422b0): The handle is invalid. (0x80070006)
08:43:00 [ERROR] could not get window rect for HWND(0xa22ac): The handle is invalid. (0x80070006)
08:43:00 [ERROR] could not get window rect for HWND(0x622b0): The handle is invalid. (0x80070006)
08:43:13 [ERROR] could not get window rect for HWND(0x92242): The handle is invalid. (0x80070006)
08:43:13 [ERROR] could not get window rect for HWND(0x7223c): The handle is invalid. (0x80070006)
08:43:13 [ERROR] could not get window rect for HWND(0x62244): The handle is invalid. (0x80070006)
08:43:13 [ERROR] could not get window rect for HWND(0x62240): The handle is invalid. (0x80070006)
08:43:22 [ERROR] could not get window rect for HWND(0xe22b0): The handle is invalid. (0x80070006)
08:43:47 [ERROR] could not get window rect for HWND(0xf223e): The handle is invalid. (0x80070006)
08:43:48 [ERROR] could not get window rect for HWND(0x1c2128): The handle is invalid. (0x80070006)
08:44:13 [ERROR] could not get window rect for HWND(0x14223e): The handle is invalid. (0x80070006)
08:44:13 [ERROR] could not get window rect for HWND(0x202128): The handle is invalid. (0x80070006)
08:44:22 [ERROR] could not get window rect for HWND(0x1b223e): The handle is invalid. (0x80070006)
08:44:22 [ERROR] could not get window rect for HWND(0x262128): The handle is invalid. (0x80070006)
08:44:36 [ERROR] could not get window rect for HWND(0xa223c): The handle is invalid. (0x80070006)
08:44:56 [ERROR] could not get window rect for HWND(0x112242): The handle is invalid. (0x80070006)
08:44:57 [ERROR] could not get window rect for HWND(0x362128): The handle is invalid. (0x80070006)
08:45:00 [ERROR] could not get window rect for HWND(0x26223e): The handle is invalid. (0x80070006)
08:45:11 [ERROR] could not get window rect for HWND(0x3b2128): The handle is invalid. (0x80070006)
08:45:39 [ERROR] could not get window rect for HWND(0x202242): The handle is invalid. (0x80070006)
08:45:43 [ERROR] could not get window rect for HWND(0x2c223e): The handle is invalid. (0x80070006)
08:45:47 [ERROR] could not get window rect for HWND(0x11223c): The handle is invalid. (0x80070006)
08:45:47 [ERROR] could not get window rect for HWND(0x222242): The handle is invalid. (0x80070006)
08:45:47 [ERROR] could not get window rect for HWND(0xa2244): The handle is invalid. (0x80070006)
08:45:48 [ERROR] could not get window rect for HWND(0x1822ac): The handle is invalid. (0x80070006)
08:46:08 [ERROR] could not get window rect for HWND(0x1b22ac): The handle is invalid. (0x80070006)
08:46:13 [ERROR] could not get window rect for HWND(0x482128): The handle is invalid. (0x80070006)
08:46:15 [ERROR] could not get window rect for HWND(0x492128): The handle is invalid. (0x80070006)
08:46:36 [ERROR] could not get window rect for HWND(0x282242): The handle is invalid. (0x80070006)
08:46:38 [ERROR] could not get window rect for HWND(0x2222ac): The handle is invalid. (0x80070006)
08:46:49 [ERROR] could not get window rect for HWND(0x2e2242): The handle is invalid. (0x80070006)
08:46:55 [ERROR] could not get window rect for HWND(0x2c22ac): The handle is invalid. (0x80070006)
08:47:25 [ERROR] could not get window rect for HWND(0x3c2242): The handle is invalid. (0x80070006)
08:47:34 [ERROR] could not get window rect for HWND(0x412242): The handle is invalid. (0x80070006)
08:47:34 [ERROR] could not get window rect for HWND(0x3922ac): The handle is invalid. (0x80070006)
08:47:44 [ERROR] could not get window rect for HWND(0x3c22ac): The handle is invalid. (0x80070006)
08:48:06 [ERROR] could not get window rect for HWND(0x492242): The handle is invalid. (0x80070006)
08:48:13 [ERROR] could not get window rect for HWND(0x4122ac): The handle is invalid. (0x80070006)
08:48:13 [ERROR] could not get window rect for HWND(0xf2244): The handle is invalid. (0x80070006)
08:48:13 [ERROR] could not get window rect for HWND(0xe2240): The handle is invalid. (0x80070006)
08:48:13 [ERROR] could not get window rect for HWND(0x6224c): The handle is invalid. (0x80070006)
08:48:27 [ERROR] could not get window rect for HWND(0x2022b0): The handle is invalid. (0x80070006)
08:48:42 [ERROR] could not get window rect for HWND(0x2722b0): The handle is invalid. (0x80070006)
08:48:43 [ERROR] could not get window rect for HWND(0x21223c): The handle is invalid. (0x80070006)
08:48:58 [ERROR] could not get window rect for HWND(0x26223c): The handle is invalid. (0x80070006)
08:49:11 [ERROR] could not get window rect for HWND(0x29223c): The handle is invalid. (0x80070006)
08:49:18 [ERROR] could not get window rect for HWND(0x2b223c): The handle is invalid. (0x80070006)
08:49:19 [ERROR] could not get window rect for HWND(0x4f2128): The handle is invalid. (0x80070006)
08:49:19 [ERROR] could not get window rect for HWND(0x2c223c): The handle is invalid. (0x80070006)
08:49:19 [ERROR] could not get window rect for HWND(0x32223e): The handle is invalid. (0x80070006)
08:49:19 [ERROR] could not get window rect for HWND(0x4322ac): The handle is invalid. (0x80070006)
08:51:07 [ERROR] could not get window rect for HWND(0x1722cc): The handle is invalid. (0x80070006)
08:51:07 [ERROR] could not get window rect for HWND(0xd22d8): The handle is invalid. (0x80070006)
08:51:07 [ERROR] could not get window rect for HWND(0x422e0): The handle is invalid. (0x80070006)
08:51:07 [ERROR] could not get window rect for HWND(0x1122ce): The handle is invalid. (0x80070006)
08:51:08 [ERROR] could not get window rect for HWND(0x522de): The handle is invalid. (0x80070006)
08:51:08 [ERROR] could not get window rect for HWND(0x522e4): The handle is invalid. (0x80070006)
08:51:08 [ERROR] could not get window rect for HWND(0x622dc): The handle is invalid. (0x80070006)
08:51:08 [ERROR] could not get window rect for HWND(0x622e4): The handle is invalid. (0x80070006)
08:51:33 [ERROR] could not get window rect for HWND(0x722de): The handle is invalid. (0x80070006)
08:51:33 [ERROR] could not get window rect for HWND(0x722e2): The handle is invalid. (0x80070006)
08:51:33 [ERROR] could not get window rect for HWND(0xe22d8): The handle is invalid. (0x80070006)
08:51:33 [ERROR] could not get window rect for HWND(0x1222ce): The handle is invalid. (0x80070006)
08:51:38 [ERROR] could not get window rect for HWND(0x822e0): The handle is invalid. (0x80070006)
08:51:57 [ERROR] could not get window rect for HWND(0xb22dc): The handle is invalid. (0x80070006)
08:51:58 [ERROR] could not get window rect for HWND(0x2422cc): The handle is invalid. (0x80070006)
08:51:58 [ERROR] could not get window rect for HWND(0xd22dc): The handle is invalid. (0x80070006)
08:51:58 [ERROR] could not get window rect for HWND(0xa22e4): The handle is invalid. (0x80070006)
08:51:58 [ERROR] could not get window rect for HWND(0xa22de): The handle is invalid. (0x80070006)
08:51:58 [ERROR] could not get window rect for HWND(0x1122d8): The handle is invalid. (0x80070006)
08:51:58 [ERROR] could not get window rect for HWND(0x522d2): The handle is invalid. (0x80070006)
08:51:58 [ERROR] could not get window rect for HWND(0x1022d0): The handle is invalid. (0x80070006)
08:52:11 [ERROR] could not get window rect for HWND(0x1222e0): The handle is invalid. (0x80070006)
08:52:18 [ERROR] could not get window rect for HWND(0x822e6): The handle is invalid. (0x80070006)
08:52:21 [ERROR] could not get window rect for HWND(0x1522e0): The handle is invalid. (0x80070006)
08:52:24 [ERROR] could not get window rect for HWND(0x1022dc): The handle is invalid. (0x80070006)
08:52:27 [ERROR] could not get window rect for HWND(0x822e8): The handle is invalid. (0x80070006)
08:52:31 [ERROR] could not get window rect for HWND(0x1322dc): The handle is invalid. (0x80070006)
08:52:31 [ERROR] could not get window rect for HWND(0xa22e8): The handle is invalid. (0x80070006)
08:52:37 [ERROR] could not get window rect for HWND(0x1722dc): The handle is invalid. (0x80070006)
08:52:37 [ERROR] could not get window rect for HWND(0xe22e8): The handle is invalid. (0x80070006)
08:52:42 [ERROR] could not get window rect for HWND(0x1022e8): The handle is invalid. (0x80070006)
08:52:42 [ERROR] could not get window rect for HWND(0x1b22dc): The handle is invalid. (0x80070006)
08:52:56 [ERROR] could not get window rect for HWND(0x1d22dc): The handle is invalid. (0x80070006)
08:52:56 [ERROR] could not get window rect for HWND(0x1422e8): The handle is invalid. (0x80070006)
08:53:06 [ERROR] could not get window rect for HWND(0x1622e8): The handle is invalid. (0x80070006)
08:53:07 [ERROR] could not get window rect for HWND(0x2122dc): The handle is invalid. (0x80070006)
08:53:07 [ERROR] could not get window rect for HWND(0x1822e8): The handle is invalid. (0x80070006)
08:53:08 [ERROR] could not get window rect for HWND(0x2322dc): The handle is invalid. (0x80070006)
08:53:09 [ERROR] could not get window rect for HWND(0x1a22e8): The handle is invalid. (0x80070006)
08:53:09 [ERROR] could not get window rect for HWND(0x1122e6): The handle is invalid. (0x80070006)
08:53:09 [ERROR] could not get window rect for HWND(0x1122e4): The handle is invalid. (0x80070006)
08:53:09 [ERROR] could not get window rect for HWND(0x1b22ce): The handle is invalid. (0x80070006)
08:53:18 [ERROR] could not get window rect for HWND(0x1422e2): The handle is invalid. (0x80070006)
08:53:19 [ERROR] could not get window rect for HWND(0x1122d2): The handle is invalid. (0x80070006)
08:53:21 [ERROR] could not get window rect for HWND(0x1622e2): The handle is invalid. (0x80070006)
08:53:49 [ERROR] could not get window rect for HWND(0x1622d2): The handle is invalid. (0x80070006)
08:54:18 [ERROR] could not get window rect for HWND(0x3233c): The handle is invalid. (0x80070006)
08:54:21 [ERROR] could not get window rect for HWND(0x5233a): The handle is invalid. (0x80070006)
08:54:25 [ERROR] could not get window rect for HWND(0x5233c): The handle is invalid. (0x80070006)
08:54:27 [ERROR] could not get window rect for HWND(0x7233a): The handle is invalid. (0x80070006)
08:54:30 [ERROR] could not get window rect for HWND(0x7233c): The handle is invalid. (0x80070006)
08:54:44 [ERROR] could not get window rect for HWND(0x9233a): The handle is invalid. (0x80070006)
08:54:45 [ERROR] could not get window rect for HWND(0x9233c): The handle is invalid. (0x80070006)
08:54:46 [ERROR] could not get window rect for HWND(0xb233a): The handle is invalid. (0x80070006)
08:54:47 [ERROR] could not get window rect for HWND(0xb233c): The handle is invalid. (0x80070006)
08:54:48 [ERROR] could not get window rect for HWND(0xd233a): The handle is invalid. (0x80070006)
08:54:49 [ERROR] could not get window rect for HWND(0xd233c): The handle is invalid. (0x80070006)
08:55:14 [ERROR] could not get window rect for HWND(0x52334): The handle is invalid. (0x80070006)
08:55:30 [ERROR] could not get window rect for HWND(0x12233a): The handle is invalid. (0x80070006)
08:55:41 [ERROR] could not get window rect for HWND(0x102338): The handle is invalid. (0x80070006)
08:55:42 [ERROR] could not get window rect for HWND(0xb2334): The handle is invalid. (0x80070006)
08:55:48 [ERROR] could not get window rect for HWND(0x152338): The handle is invalid. (0x80070006)
08:55:50 [ERROR] could not get window rect for HWND(0x162338): The handle is invalid. (0x80070006)
08:55:57 [ERROR] could not get window rect for HWND(0xf2334): The handle is invalid. (0x80070006)
08:56:02 [ERROR] could not get window rect for HWND(0x1d233a): The handle is invalid. (0x80070006)
08:56:03 [ERROR] could not get window rect for HWND(0x122334): The handle is invalid. (0x80070006)
08:56:05 [ERROR] could not get window rect for HWND(0x20233a): The handle is invalid. (0x80070006)
08:56:18 [ERROR] could not get window rect for HWND(0x1922d8): The handle is invalid. (0x80070006)
08:56:33 [ERROR] could not get window rect for HWND(0x1e2338): The handle is invalid. (0x80070006)
08:56:37 [ERROR] could not get window rect for HWND(0x2822d2): The handle is invalid. (0x80070006)
08:56:42 [ERROR] could not get window rect for HWND(0x222338): The handle is invalid. (0x80070006)
08:56:57 [ERROR] could not get window rect for HWND(0x4222cc): The handle is invalid. (0x80070006)
08:56:59 [ERROR] could not get window rect for HWND(0x4322cc): The handle is invalid. (0x80070006)
08:57:36 [ERROR] could not get window rect for HWND(0x31233a): The handle is invalid. (0x80070006)
08:57:36 [ERROR] could not get window rect for HWND(0x2c2338): The handle is invalid. (0x80070006)
08:57:37 [ERROR] could not get window rect for HWND(0x33233a): The handle is invalid. (0x80070006)
08:57:38 [ERROR] could not get window rect for HWND(0x2e2338): The handle is invalid. (0x80070006)
08:57:42 [ERROR] could not get window rect for HWND(0x35233a): The handle is invalid. (0x80070006)
08:57:51 [ERROR] could not get window rect for HWND(0x37233a): The handle is invalid. (0x80070006)
08:57:52 [ERROR] could not get window rect for HWND(0x322338): The handle is invalid. (0x80070006)
08:57:53 [ERROR] could not get window rect for HWND(0x39233a): The handle is invalid. (0x80070006)
08:57:55 [ERROR] could not get window rect for HWND(0x342338): The handle is invalid. (0x80070006)
08:57:55 [ERROR] could not get window rect for HWND(0x3b233a): The handle is invalid. (0x80070006)
08:57:57 [ERROR] could not get window rect for HWND(0x362338): The handle is invalid. (0x80070006)
08:58:26 [ERROR] could not get window rect for HWND(0x7232c): The handle is invalid. (0x80070006)
08:58:31 [ERROR] could not get window rect for HWND(0x82332): The handle is invalid. (0x80070006)
08:58:32 [ERROR] could not get window rect for HWND(0x9232c): The handle is invalid. (0x80070006)
08:58:56 [ERROR] could not get window rect for HWND(0x10232e): The handle is invalid. (0x80070006)
09:02:22 [ERROR] could not get window rect for HWND(0x13232e): The handle is invalid. (0x80070006)
09:04:07 [ERROR] could not get window rect for HWND(0x10233e): The handle is invalid. (0x80070006)
09:04:09 [ERROR] could not get window rect for HWND(0x112330): The handle is invalid. (0x80070006)
09:06:11 [ERROR] could not get window rect for HWND(0x252334): The handle is invalid. (0x80070006)
09:06:24 [ERROR] could not get window rect for HWND(0xe2326): The handle is invalid. (0x80070006)
09:06:26 [ERROR] could not get window rect for HWND(0x102326): The handle is invalid. (0x80070006)
09:06:29 [ERROR] could not get window rect for HWND(0x2622ce): The handle is invalid. (0x80070006)
09:06:31 [ERROR] could not get window rect for HWND(0x1f2328): The handle is invalid. (0x80070006)
09:06:39 [ERROR] could not get window rect for HWND(0x2822ce): The handle is invalid. (0x80070006)
09:06:40 [ERROR] could not get window rect for HWND(0x212328): The handle is invalid. (0x80070006)
09:06:40 [ERROR] could not get window rect for HWND(0x2a22ce): The handle is invalid. (0x80070006)
09:06:42 [ERROR] could not get window rect for HWND(0x232328): The handle is invalid. (0x80070006)
09:06:43 [ERROR] could not get window rect for HWND(0x2c22ce): The handle is invalid. (0x80070006)
09:06:45 [ERROR] could not get window rect for HWND(0x252328): The handle is invalid. (0x80070006)
09:06:52 [ERROR] could not get window rect for HWND(0x3022ce): The handle is invalid. (0x80070006)
09:06:55 [ERROR] could not get window rect for HWND(0x272328): The handle is invalid. (0x80070006)
09:07:07 [ERROR] could not get window rect for HWND(0x3522ce): The handle is invalid. (0x80070006)
09:07:13 [ERROR] could not get window rect for HWND(0x1922de): The handle is invalid. (0x80070006)
09:07:16 [ERROR] could not get window rect for HWND(0x1a22de): The handle is invalid. (0x80070006)
09:07:22 [ERROR] could not get window rect for HWND(0x322328): The handle is invalid. (0x80070006)
09:07:33 [ERROR] could not get window rect for HWND(0x132348): The handle is invalid. (0x80070006)
09:07:47 [ERROR] could not get window rect for HWND(0x3b2328): The handle is invalid. (0x80070006)
09:08:01 [ERROR] could not get window rect for HWND(0x3c2328): The handle is invalid. (0x80070006)
09:08:06 [ERROR] could not get window rect for HWND(0x2b232e): The handle is invalid. (0x80070006)
09:08:24 [ERROR] could not get window rect for HWND(0x36232e): The handle is invalid. (0x80070006)
09:08:31 [ERROR] could not get window rect for HWND(0x442334): The handle is invalid. (0x80070006)
09:08:34 [ERROR] could not get window rect for HWND(0x462334): The handle is invalid. (0x80070006)
09:08:35 [ERROR] could not get window rect for HWND(0x3f232e): The handle is invalid. (0x80070006)
09:08:45 [ERROR] could not get window rect for HWND(0x44232e): The handle is invalid. (0x80070006)
09:09:40 [ERROR] could not get window rect for HWND(0x5f2334): The handle is invalid. (0x80070006)
09:10:10 [ERROR] could not get window rect for HWND(0x18231c): The handle is invalid. (0x80070006)
09:10:32 [ERROR] could not get window rect for HWND(0x21231c): The handle is invalid. (0x80070006)
09:10:46 [ERROR] could not get window rect for HWND(0x212348): The handle is invalid. (0x80070006)
09:11:12 [ERROR] could not get window rect for HWND(0x2122d4): The handle is invalid. (0x80070006)
09:11:15 [ERROR] could not get window rect for HWND(0x2422f2): The handle is invalid. (0x80070006)
09:11:33 [ERROR] could not get window rect for HWND(0x2d231c): The handle is invalid. (0x80070006)
09:11:40 [ERROR] could not get window rect for HWND(0x2822d4): The handle is invalid. (0x80070006)
09:11:48 [ERROR] could not get window rect for HWND(0x31231c): The handle is invalid. (0x80070006)
09:11:51 [ERROR] could not get window rect for HWND(0x32231c): The handle is invalid. (0x80070006)
09:11:52 [ERROR] could not get window rect for HWND(0x452328): The handle is invalid. (0x80070006)
09:11:53 [ERROR] could not get window rect for HWND(0x2c22d4): The handle is invalid. (0x80070006)
09:11:58 [ERROR] could not get window rect for HWND(0x492328): The handle is invalid. (0x80070006)
09:11:59 [ERROR] could not get window rect for HWND(0x2e22d4): The handle is invalid. (0x80070006)
09:11:59 [ERROR] could not get window rect for HWND(0x4b2328): The handle is invalid. (0x80070006)
09:12:10 [ERROR] could not get window rect for HWND(0x4e2328): The handle is invalid. (0x80070006)
09:12:11 [ERROR] could not get window rect for HWND(0x3222d4): The handle is invalid. (0x80070006)
09:12:11 [ERROR] could not get window rect for HWND(0x502328): The handle is invalid. (0x80070006)
09:12:11 [ERROR] could not get window rect for HWND(0x33231c): The handle is invalid. (0x80070006)
09:12:11 [ERROR] could not get window rect for HWND(0x19232a): The handle is invalid. (0x80070006)
09:12:11 [ERROR] could not get window rect for HWND(0x1722f6): The handle is invalid. (0x80070006)
09:12:16 [ERROR] could not get window rect for HWND(0x272348): The handle is invalid. (0x80070006)
09:12:29 [ERROR] could not get window rect for HWND(0x2422de): The handle is invalid. (0x80070006)
09:12:30 [ERROR] could not get window rect for HWND(0x292348): The handle is invalid. (0x80070006)
09:12:30 [ERROR] could not get window rect for HWND(0x2622de): The handle is invalid. (0x80070006)
09:12:34 [ERROR] could not get window rect for HWND(0x2822de): The handle is invalid. (0x80070006)
09:12:35 [ERROR] could not get window rect for HWND(0x2d2348): The handle is invalid. (0x80070006)
09:12:38 [ERROR] could not get window rect for HWND(0x2a22de): The handle is invalid. (0x80070006)
09:12:39 [ERROR] could not get window rect for HWND(0x2f2348): The handle is invalid. (0x80070006)
09:12:42 [ERROR] could not get window rect for HWND(0x312348): The handle is invalid. (0x80070006)
09:12:59 [ERROR] could not get window rect for HWND(0x362348): The handle is invalid. (0x80070006)
09:12:59 [ERROR] could not get window rect for HWND(0x3222de): The handle is invalid. (0x80070006)
09:13:03 [ERROR] could not get window rect for HWND(0x3422de): The handle is invalid. (0x80070006)
09:13:08 [ERROR] could not get window rect for HWND(0x3a2348): The handle is invalid. (0x80070006)
09:13:27 [ERROR] could not get window rect for HWND(0x672334): The handle is invalid. (0x80070006)
09:13:39 [ERROR] could not get window rect for HWND(0x232326): The handle is invalid. (0x80070006)
09:13:40 [ERROR] could not get window rect for HWND(0x6f2334): The handle is invalid. (0x80070006)
09:14:11 [ERROR] could not get window rect for HWND(0x732334): The handle is invalid. (0x80070006)
09:14:12 [ERROR] could not get window rect for HWND(0x292326): The handle is invalid. (0x80070006)
09:14:14 [ERROR] could not get window rect for HWND(0x2b2326): The handle is invalid. (0x80070006)
09:14:15 [ERROR] could not get window rect for HWND(0x772334): The handle is invalid. (0x80070006)
09:14:20 [ERROR] could not get window rect for HWND(0x792334): The handle is invalid. (0x80070006)
09:14:21 [ERROR] could not get window rect for HWND(0x2f2326): The handle is invalid. (0x80070006)
09:14:33 [ERROR] could not get window rect for HWND(0x7d2334): The handle is invalid. (0x80070006)
09:14:38 [ERROR] could not get window rect for HWND(0x332326): The handle is invalid. (0x80070006)
09:15:29 [ERROR] could not get window rect for HWND(0x1522ec): The handle is invalid. (0x80070006)
09:15:32 [ERROR] could not get window rect for HWND(0x3222d8): The handle is invalid. (0x80070006)
09:15:42 [ERROR] could not get window rect for HWND(0x3422d8): The handle is invalid. (0x80070006)
09:15:42 [ERROR] could not get window rect for HWND(0xa2344): The handle is invalid. (0x80070006)
09:16:11 [ERROR] could not get window rect for HWND(0x3e2326): The handle is invalid. (0x80070006)
09:17:31 [ERROR] could not get window rect for HWND(0x4f2326): The handle is invalid. (0x80070006)
09:17:32 [ERROR] could not get window rect for HWND(0x4b22d8): The handle is invalid. (0x80070006)
09:17:39 [ERROR] could not get window rect for HWND(0x532326): The handle is invalid. (0x80070006)
09:17:39 [ERROR] could not get window rect for HWND(0x4f22d8): The handle is invalid. (0x80070006)
09:17:40 [ERROR] could not get window rect for HWND(0x552326): The handle is invalid. (0x80070006)
09:17:55 [ERROR] could not get window rect for HWND(0x572326): The handle is invalid. (0x80070006)
09:17:56 [ERROR] could not get window rect for HWND(0x5322d8): The handle is invalid. (0x80070006)
09:17:57 [ERROR] could not get window rect for HWND(0x592326): The handle is invalid. (0x80070006)
09:17:58 [ERROR] could not get window rect for HWND(0x5522d8): The handle is invalid. (0x80070006)
09:17:59 [ERROR] could not get window rect for HWND(0x5b2326): The handle is invalid. (0x80070006)
09:18:18 [ERROR] could not get window rect for HWND(0x5822d8): The handle is invalid. (0x80070006)
09:18:21 [ERROR] could not get window rect for HWND(0x5f2326): The handle is invalid. (0x80070006)
09:18:26 [ERROR] could not get window rect for HWND(0x5a22d8): The handle is invalid. (0x80070006)
09:18:26 [ERROR] could not get window rect for HWND(0x6d232e): The handle is invalid. (0x80070006)
09:18:27 [ERROR] could not get window rect for HWND(0x632326): The handle is invalid. (0x80070006)
09:18:29 [ERROR] could not get window rect for HWND(0x5d22d8): The handle is invalid. (0x80070006)
09:18:33 [ERROR] could not get window rect for HWND(0x652326): The handle is invalid. (0x80070006)
09:18:52 [ERROR] could not get window rect for HWND(0x6e2326): The handle is invalid. (0x80070006)
09:18:53 [ERROR] could not get window rect for HWND(0x7a232e): The handle is invalid. (0x80070006)
09:18:53 [ERROR] could not get window rect for HWND(0x5e22d8): The handle is invalid. (0x80070006)
09:18:53 [ERROR] could not get window rect for HWND(0x2f22f0): The handle is invalid. (0x80070006)
09:18:53 [ERROR] could not get window rect for HWND(0x122324): The handle is invalid. (0x80070006)
09:18:53 [ERROR] could not get window rect for HWND(0x132318): The handle is invalid. (0x80070006)
09:18:53 [ERROR] could not get window rect for HWND(0x4922ce): The handle is invalid. (0x80070006)
09:21:19 [ERROR] could not get window rect for HWND(0x6234e): The handle is invalid. (0x80070006)
09:21:21 [ERROR] could not get window rect for HWND(0x162318): The handle is invalid. (0x80070006)
09:21:54 [ERROR] could not get window rect for HWND(0x6b22d8): The handle is invalid. (0x80070006)
09:21:54 [ERROR] could not get window rect for HWND(0x1522f4): The handle is invalid. (0x80070006)
09:21:54 [ERROR] could not get window rect for HWND(0x1a2318): The handle is invalid. (0x80070006)
09:23:29 [ERROR] could not get window rect for HWND(0x4a2338): The handle is invalid. (0x80070006)
09:23:49 [ERROR] could not get window rect for HWND(0x82356): The handle is invalid. (0x80070006)
09:24:07 [ERROR] could not get window rect for HWND(0x102356): The handle is invalid. (0x80070006)
09:24:08 [ERROR] could not get window rect for HWND(0x7238e): The handle is invalid. (0x80070006)
09:24:16 [ERROR] could not get window rect for HWND(0xf238e): The handle is invalid. (0x80070006)
09:24:16 [ERROR] could not get window rect for HWND(0x252344): The handle is invalid. (0x80070006)
09:24:17 [ERROR] could not get window rect for HWND(0x11238e): The handle is invalid. (0x80070006)
09:24:21 [ERROR] could not get window rect for HWND(0x13238e): The handle is invalid. (0x80070006)
09:24:22 [ERROR] could not get window rect for HWND(0x292344): The handle is invalid. (0x80070006)
09:24:22 [ERROR] could not get window rect for HWND(0x15238e): The handle is invalid. (0x80070006)
09:24:23 [ERROR] could not get window rect for HWND(0x2b2344): The handle is invalid. (0x80070006)
09:24:27 [ERROR] could not get window rect for HWND(0x2c2344): The handle is invalid. (0x80070006)
09:24:37 [ERROR] could not get window rect for HWND(0x72392): The handle is invalid. (0x80070006)
09:24:51 [ERROR] could not get window rect for HWND(0x1b2346): The handle is invalid. (0x80070006)
09:24:53 [ERROR] could not get window rect for HWND(0xb2388): The handle is invalid. (0x80070006)
09:24:55 [ERROR] could not get window rect for HWND(0xc2362): The handle is invalid. (0x80070006)
09:24:59 [ERROR] could not get window rect for HWND(0x1f2346): The handle is invalid. (0x80070006)
09:25:03 [ERROR] could not get window rect for HWND(0x102362): The handle is invalid. (0x80070006)
09:25:12 [ERROR] could not get window rect for HWND(0xa2392): The handle is invalid. (0x80070006)
09:25:16 [ERROR] could not get window rect for HWND(0xe2392): The handle is invalid. (0x80070006)
09:25:30 [ERROR] could not get window rect for HWND(0x172362): The handle is invalid. (0x80070006)
09:25:37 [ERROR] could not get window rect for HWND(0x192362): The handle is invalid. (0x80070006)
09:25:47 [ERROR] could not get window rect for HWND(0x272388): The handle is invalid. (0x80070006)
09:25:52 [ERROR] could not get window rect for HWND(0x1f2362): The handle is invalid. (0x80070006)
09:25:54 [ERROR] could not get window rect for HWND(0x2b2388): The handle is invalid. (0x80070006)
09:26:17 [ERROR] could not get window rect for HWND(0x242362): The handle is invalid. (0x80070006)
09:26:18 [ERROR] could not get window rect for HWND(0x2f2388): The handle is invalid. (0x80070006)
09:26:31 [ERROR] could not get window rect for HWND(0x5236e): The handle is invalid. (0x80070006)
09:26:39 [ERROR] could not get window rect for HWND(0x332362): The handle is invalid. (0x80070006)
09:27:00 [ERROR] could not get window rect for HWND(0x382362): The handle is invalid. (0x80070006)
09:32:12 [ERROR] could not get window rect for HWND(0x572338): The handle is invalid. (0x80070006)
09:32:14 [ERROR] could not get window rect for HWND(0x592338): The handle is invalid. (0x80070006)
09:32:16 [ERROR] could not get window rect for HWND(0x5b2338): The handle is invalid. (0x80070006)
09:32:21 [ERROR] could not get window rect for HWND(0x7022ce): The handle is invalid. (0x80070006)
09:32:24 [ERROR] could not get window rect for HWND(0x5f2338): The handle is invalid. (0x80070006)
09:32:30 [ERROR] could not get window rect for HWND(0x4c2362): The handle is invalid. (0x80070006)
09:32:30 [ERROR] could not get window rect for HWND(0x7422ce): The handle is invalid. (0x80070006)
09:32:30 [ERROR] could not get window rect for HWND(0x2b2346): The handle is invalid. (0x80070006)
09:32:30 [ERROR] could not get window rect for HWND(0x92384): The handle is invalid. (0x80070006)
09:32:30 [ERROR] could not get window rect for HWND(0x723a6): The handle is invalid. (0x80070006)
09:32:30 [ERROR] could not get window rect for HWND(0xa2396): The handle is invalid. (0x80070006)
09:34:14 [ERROR] could not get window rect for HWND(0x112396): The handle is invalid. (0x80070006)
09:34:17 [ERROR] could not get window rect for HWND(0x132396): The handle is invalid. (0x80070006)
09:34:26 [ERROR] could not get window rect for HWND(0x7d2338): The handle is invalid. (0x80070006)
09:34:28 [ERROR] could not get window rect for HWND(0x172396): The handle is invalid. (0x80070006)
09:34:37 [ERROR] could not get window rect for HWND(0x822338): The handle is invalid. (0x80070006)
09:35:41 [ERROR] could not get window rect for HWND(0x1d2358): The handle is invalid. (0x80070006)
09:36:25 [ERROR] could not get window rect for HWND(0x252396): The handle is invalid. (0x80070006)
09:36:28 [ERROR] could not get window rect for HWND(0x272396): The handle is invalid. (0x80070006)
09:36:29 [ERROR] could not get window rect for HWND(0xf239c): The handle is invalid. (0x80070006)
09:36:31 [ERROR] could not get window rect for HWND(0x292396): The handle is invalid. (0x80070006)
09:36:31 [ERROR] could not get window rect for HWND(0x11239c): The handle is invalid. (0x80070006)
09:36:32 [ERROR] could not get window rect for HWND(0x2b2396): The handle is invalid. (0x80070006)
09:36:40 [ERROR] could not get window rect for HWND(0x2d2396): The handle is invalid. (0x80070006)
09:36:40 [ERROR] could not get window rect for HWND(0x15239c): The handle is invalid. (0x80070006)
09:36:46 [ERROR] could not get window rect for HWND(0x17239c): The handle is invalid. (0x80070006)
09:36:54 [ERROR] could not get window rect for HWND(0x322396): The handle is invalid. (0x80070006)
09:36:55 [ERROR] could not get window rect for HWND(0x1a239c): The handle is invalid. (0x80070006)
09:37:01 [ERROR] could not get window rect for HWND(0x1c239c): The handle is invalid. (0x80070006)
09:37:04 [ERROR] could not get window rect for HWND(0x1e239c): The handle is invalid. (0x80070006)
09:37:07 [ERROR] could not get window rect for HWND(0x382396): The handle is invalid. (0x80070006)
09:37:12 [ERROR] could not get window rect for HWND(0x3a2396): The handle is invalid. (0x80070006)
09:37:12 [ERROR] could not get window rect for HWND(0x22239c): The handle is invalid. (0x80070006)
09:37:13 [ERROR] could not get window rect for HWND(0x3c2396): The handle is invalid. (0x80070006)
09:37:13 [ERROR] could not get window rect for HWND(0x24239c): The handle is invalid. (0x80070006)
09:37:26 [ERROR] could not get window rect for HWND(0x432396): The handle is invalid. (0x80070006)
09:37:31 [ERROR] could not get window rect for HWND(0x27239c): The handle is invalid. (0x80070006)
09:37:43 [ERROR] could not get window rect for HWND(0x29239c): The handle is invalid. (0x80070006)
09:37:48 [ERROR] could not get window rect for HWND(0x492396): The handle is invalid. (0x80070006)
09:37:48 [ERROR] could not get window rect for HWND(0x2c239c): The handle is invalid. (0x80070006)
09:37:49 [ERROR] could not get window rect for HWND(0x4b2396): The handle is invalid. (0x80070006)
09:37:54 [ERROR] could not get window rect for HWND(0x33208c): The handle is invalid. (0x80070006)
09:37:54 [ERROR] could not get window rect for HWND(0x1c2392): The handle is invalid. (0x80070006)
09:37:54 [ERROR] could not get window rect for HWND(0x4f2396): The handle is invalid. (0x80070006)
09:37:54 [ERROR] could not get window rect for HWND(0x272358): The handle is invalid. (0x80070006)
09:38:30 [ERROR] could not get window rect for HWND(0x8922ce): The handle is invalid. (0x80070006)
09:38:30 [ERROR] could not get window rect for HWND(0x3b239c): The handle is invalid. (0x80070006)
09:38:31 [ERROR] could not get window rect for HWND(0x8b22ce): The handle is invalid. (0x80070006)
09:38:36 [ERROR] could not get window rect for HWND(0x8d22ce): The handle is invalid. (0x80070006)
09:38:39 [ERROR] could not get window rect for HWND(0x9022ce): The handle is invalid. (0x80070006)
09:38:39 [ERROR] could not get window rect for HWND(0x2c2358): The handle is invalid. (0x80070006)
09:38:39 [ERROR] could not get window rect for HWND(0xf2386): The handle is invalid. (0x80070006)
09:38:39 [ERROR] could not get window rect for HWND(0x1d237a): The handle is invalid. (0x80070006)
09:38:49 [ERROR] could not get window rect for HWND(0x40239c): The handle is invalid. (0x80070006)
09:39:57 [ERROR] could not get window rect for HWND(0x622396): The handle is invalid. (0x80070006)
09:39:58 [ERROR] could not get window rect for HWND(0x9c22ce): The handle is invalid. (0x80070006)
09:39:59 [ERROR] could not get window rect for HWND(0x642396): The handle is invalid. (0x80070006)
09:40:01 [ERROR] could not get window rect for HWND(0x9e22ce): The handle is invalid. (0x80070006)
09:40:02 [ERROR] could not get window rect for HWND(0x662396): The handle is invalid. (0x80070006)
09:40:04 [ERROR] could not get window rect for HWND(0xa022ce): The handle is invalid. (0x80070006)
09:41:04 [ERROR] could not get window rect for HWND(0x6622cc): The handle is invalid. (0x80070006)
09:46:45 [ERROR] could not get window rect for HWND(0x252384): The handle is invalid. (0x80070006)
09:46:57 [ERROR] could not get window rect for HWND(0x742362): The handle is invalid. (0x80070006)
09:47:21 [ERROR] could not get window rect for HWND(0x272352): The handle is invalid. (0x80070006)
09:48:03 [ERROR] could not get window rect for HWND(0x162370): The handle is invalid. (0x80070006)
09:48:11 [ERROR] could not get window rect for HWND(0x172370): The handle is invalid. (0x80070006)
09:48:13 [ERROR] could not get window rect for HWND(0x382352): The handle is invalid. (0x80070006)
09:48:28 [ERROR] could not get window rect for HWND(0x3d2352): The handle is invalid. (0x80070006)
09:48:36 [ERROR] could not get window rect for HWND(0x202370): The handle is invalid. (0x80070006)
09:48:41 [ERROR] could not get window rect for HWND(0x232370): The handle is invalid. (0x80070006)
09:48:53 [ERROR] could not get window rect for HWND(0x442352): The handle is invalid. (0x80070006)
09:49:05 [ERROR] could not get window rect for HWND(0x2f2370): The handle is invalid. (0x80070006)
09:49:13 [ERROR] could not get window rect for HWND(0x7d22d8): The handle is invalid. (0x80070006)
09:49:23 [ERROR] could not get window rect for HWND(0x562352): The handle is invalid. (0x80070006)
09:49:52 [ERROR] could not get window rect for HWND(0x612352): The handle is invalid. (0x80070006)
09:49:57 [ERROR] could not get window rect for HWND(0x792396): The handle is invalid. (0x80070006)
09:50:06 [ERROR] could not get window rect for HWND(0x652352): The handle is invalid. (0x80070006)
09:50:35 [ERROR] could not get window rect for HWND(0x8c2362): The handle is invalid. (0x80070006)
09:51:22 [ERROR] could not get window rect for HWND(0x932362): The handle is invalid. (0x80070006)
09:51:51 [ERROR] could not get window rect for HWND(0x2923a6): The handle is invalid. (0x80070006)
09:53:28 [ERROR] could not get window rect for HWND(0x2c2380): The handle is invalid. (0x80070006)
09:53:28 [ERROR] could not get window rect for HWND(0x222364): The handle is invalid. (0x80070006)
09:53:28 [ERROR] could not get window rect for HWND(0xb922ce): The handle is invalid. (0x80070006)
09:53:28 [ERROR] could not get window rect for HWND(0x6f2388): The handle is invalid. (0x80070006)
09:54:06 [ERROR] could not get window rect for HWND(0x302376): The handle is invalid. (0x80070006)
09:54:56 [ERROR] could not get window rect for HWND(0x9b2352): The handle is invalid. (0x80070006)
09:54:56 [ERROR] could not get window rect for HWND(0xa02362): The handle is invalid. (0x80070006)
09:55:17 [ERROR] could not get window rect for HWND(0x74237a): The handle is invalid. (0x80070006)
09:55:24 [ERROR] could not get window rect for HWND(0x332376): The handle is invalid. (0x80070006)
09:56:07 [ERROR] could not get window rect for HWND(0x9722d8): The handle is invalid. (0x80070006)
09:56:08 [ERROR] could not get window rect for HWND(0x3a2346): The handle is invalid. (0x80070006)
09:56:38 [ERROR] could not get window rect for HWND(0x2f23a4): The handle is invalid. (0x80070006)
09:56:39 [ERROR] could not get window rect for HWND(0x782388): The handle is invalid. (0x80070006)
09:56:40 [ERROR] could not get window rect for HWND(0x3123a4): The handle is invalid. (0x80070006)
09:56:40 [ERROR] could not get window rect for HWND(0x7a2388): The handle is invalid. (0x80070006)
09:56:52 [ERROR] could not get window rect for HWND(0x7c2388): The handle is invalid. (0x80070006)
09:56:56 [ERROR] could not get window rect for HWND(0x3523a4): The handle is invalid. (0x80070006)
09:57:06 [ERROR] could not get window rect for HWND(0x822388): The handle is invalid. (0x80070006)
09:57:11 [ERROR] could not get window rect for HWND(0x3b23a4): The handle is invalid. (0x80070006)
09:57:11 [ERROR] could not get window rect for HWND(0x852388): The handle is invalid. (0x80070006)
09:57:12 [ERROR] could not get window rect for HWND(0x3d23a4): The handle is invalid. (0x80070006)
09:57:17 [ERROR] could not get window rect for HWND(0x8a2388): The handle is invalid. (0x80070006)
09:57:19 [ERROR] could not get window rect for HWND(0x4123a4): The handle is invalid. (0x80070006)
09:57:19 [ERROR] could not get window rect for HWND(0x8c2388): The handle is invalid. (0x80070006)
09:57:19 [ERROR] could not get window rect for HWND(0x4323a4): The handle is invalid. (0x80070006)
09:57:27 [ERROR] could not get window rect for HWND(0x4523a4): The handle is invalid. (0x80070006)
09:57:27 [ERROR] could not get window rect for HWND(0x902388): The handle is invalid. (0x80070006)
09:57:40 [ERROR] could not get window rect for HWND(0x942388): The handle is invalid. (0x80070006)
09:57:41 [ERROR] could not get window rect for HWND(0x4c23a4): The handle is invalid. (0x80070006)
09:57:43 [ERROR] could not get window rect for HWND(0x962388): The handle is invalid. (0x80070006)
09:57:44 [ERROR] could not get window rect for HWND(0x4e23a4): The handle is invalid. (0x80070006)
09:57:44 [ERROR] could not get window rect for HWND(0x982388): The handle is invalid. (0x80070006)
09:57:47 [ERROR] could not get window rect for HWND(0x5123a4): The handle is invalid. (0x80070006)
09:57:48 [ERROR] could not get window rect for HWND(0x9a2388): The handle is invalid. (0x80070006)
09:57:54 [ERROR] could not get window rect for HWND(0x5523a4): The handle is invalid. (0x80070006)
09:57:54 [ERROR] could not get window rect for HWND(0x9c2388): The handle is invalid. (0x80070006)
09:58:13 [ERROR] could not get window rect for HWND(0x452376): The handle is invalid. (0x80070006)
09:58:14 [ERROR] could not get window rect for HWND(0x28237c): The handle is invalid. (0x80070006)
09:58:15 [ERROR] could not get window rect for HWND(0x472376): The handle is invalid. (0x80070006)
09:58:16 [ERROR] could not get window rect for HWND(0x2a237c): The handle is invalid. (0x80070006)
09:58:16 [ERROR] could not get window rect for HWND(0x492376): The handle is invalid. (0x80070006)
09:58:17 [ERROR] could not get window rect for HWND(0x2c237c): The handle is invalid. (0x80070006)
09:58:35 [ERROR] could not get window rect for HWND(0x46208c): The handle is invalid. (0x80070006)
09:58:41 [ERROR] could not get window rect for HWND(0x47208c): The handle is invalid. (0x80070006)
09:58:48 [ERROR] could not get window rect for HWND(0xa62338): The handle is invalid. (0x80070006)
09:58:48 [ERROR] could not get window rect for HWND(0x4f2376): The handle is invalid. (0x80070006)
09:58:48 [ERROR] could not get window rect for HWND(0x3e2364): The handle is invalid. (0x80070006)
09:58:48 [ERROR] could not get window rect for HWND(0x15235e): The handle is invalid. (0x80070006)
09:59:22 [ERROR] could not get window rect for HWND(0xd422ce): The handle is invalid. (0x80070006)
09:59:32 [ERROR] could not get window rect for HWND(0xd522ce): The handle is invalid. (0x80070006)
09:59:37 [ERROR] could not get window rect for HWND(0x4c208c): The handle is invalid. (0x80070006)
09:59:50 [ERROR] could not get window rect for HWND(0x622374): The handle is invalid. (0x80070006)
09:59:58 [ERROR] could not get window rect for HWND(0x642374): The handle is invalid. (0x80070006)
10:00:54 [ERROR] could not get window rect for HWND(0xe222ce): The handle is invalid. (0x80070006)
10:01:50 [ERROR] could not get window rect for HWND(0x3e237c): The handle is invalid. (0x80070006)
10:02:29 [ERROR] could not get window rect for HWND(0x7f2374): The handle is invalid. (0x80070006)
10:02:35 [ERROR] could not get window rect for HWND(0x65208c): The handle is invalid. (0x80070006)
10:02:46 [ERROR] could not get window rect for HWND(0x43237c): The handle is invalid. (0x80070006)
10:02:46 [ERROR] could not get window rect for HWND(0x852374): The handle is invalid. (0x80070006)
10:03:06 [ERROR] could not get window rect for HWND(0x49237c): The handle is invalid. (0x80070006)
10:03:07 [ERROR] could not get window rect for HWND(0x6f208c): The handle is invalid. (0x80070006)
10:03:30 [ERROR] could not get window rect for HWND(0x8e2374): The handle is invalid. (0x80070006)
10:05:05 [ERROR] could not get window rect for HWND(0x6a237c): The handle is invalid. (0x80070006)
10:05:06 [ERROR] could not get window rect for HWND(0x82208c): The handle is invalid. (0x80070006)
10:05:40 [ERROR] could not get window rect for HWND(0x7c237a): The handle is invalid. (0x80070006)
10:06:04 [ERROR] could not get window rect for HWND(0x84237a): The handle is invalid. (0x80070006)
10:06:05 [ERROR] could not get window rect for HWND(0x1c2378): The handle is invalid. (0x80070006)
10:06:06 [ERROR] could not get window rect for HWND(0x86237a): The handle is invalid. (0x80070006)
10:06:07 [ERROR] could not get window rect for HWND(0x1e2378): The handle is invalid. (0x80070006)
10:06:08 [ERROR] could not get window rect for HWND(0x88237a): The handle is invalid. (0x80070006)
10:06:09 [ERROR] could not get window rect for HWND(0x202378): The handle is invalid. (0x80070006)
10:06:12 [ERROR] could not get window rect for HWND(0x8a237a): The handle is invalid. (0x80070006)
10:06:14 [ERROR] could not get window rect for HWND(0x222378): The handle is invalid. (0x80070006)
10:06:15 [ERROR] could not get window rect for HWND(0x8c237a): The handle is invalid. (0x80070006)
10:06:16 [ERROR] could not get window rect for HWND(0x242378): The handle is invalid. (0x80070006)
10:06:17 [ERROR] could not get window rect for HWND(0x8e237a): The handle is invalid. (0x80070006)
10:06:18 [ERROR] could not get window rect for HWND(0x262378): The handle is invalid. (0x80070006)
10:06:19 [ERROR] could not get window rect for HWND(0x90237a): The handle is invalid. (0x80070006)
10:06:23 [ERROR] could not get window rect for HWND(0x17235a): The handle is invalid. (0x80070006)
10:06:50 [ERROR] could not get window rect for HWND(0x4a22f6): The handle is invalid. (0x80070006)
10:06:50 [ERROR] could not get window rect for HWND(0x2c2378): The handle is invalid. (0x80070006)
10:06:51 [ERROR] could not get window rect for HWND(0x4c22f6): The handle is invalid. (0x80070006)
10:06:52 [ERROR] could not get window rect for HWND(0x2e2378): The handle is invalid. (0x80070006)
10:06:53 [ERROR] could not get window rect for HWND(0x4e22f6): The handle is invalid. (0x80070006)
10:06:53 [ERROR] could not get window rect for HWND(0x302378): The handle is invalid. (0x80070006)
10:07:10 [ERROR] could not get window rect for HWND(0xa82362): The handle is invalid. (0x80070006)
10:07:11 [ERROR] could not get window rect for HWND(0x4523a0): The handle is invalid. (0x80070006)
10:07:12 [ERROR] could not get window rect for HWND(0xaa2362): The handle is invalid. (0x80070006)
10:07:13 [ERROR] could not get window rect for HWND(0x4723a0): The handle is invalid. (0x80070006)
10:07:14 [ERROR] could not get window rect for HWND(0xac2362): The handle is invalid. (0x80070006)
10:07:16 [ERROR] could not get window rect for HWND(0x4923a0): The handle is invalid. (0x80070006)
10:07:17 [ERROR] could not get window rect for HWND(0xae2362): The handle is invalid. (0x80070006)
10:07:26 [ERROR] could not get window rect for HWND(0x6123a4): The handle is invalid. (0x80070006)
10:07:38 [ERROR] could not get window rect for HWND(0xa42352): The handle is invalid. (0x80070006)
10:08:56 [ERROR] could not get window rect for HWND(0x662376): The handle is invalid. (0x80070006)
10:08:57 [ERROR] could not get window rect for HWND(0xb32338): The handle is invalid. (0x80070006)
10:08:58 [ERROR] could not get window rect for HWND(0x682376): The handle is invalid. (0x80070006)
10:08:59 [ERROR] could not get window rect for HWND(0xb52338): The handle is invalid. (0x80070006)
10:09:01 [ERROR] could not get window rect for HWND(0x6a2376): The handle is invalid. (0x80070006)
10:09:02 [ERROR] could not get window rect for HWND(0xaa22d8): The handle is invalid. (0x80070006)
10:09:06 [ERROR] could not get window rect for HWND(0xb82338): The handle is invalid. (0x80070006)
10:09:08 [ERROR] could not get window rect for HWND(0xac22d8): The handle is invalid. (0x80070006)
10:09:18 [ERROR] could not get window rect for HWND(0x4b2364): The handle is invalid. (0x80070006)
10:09:18 [ERROR] could not get window rect for HWND(0x6c2376): The handle is invalid. (0x80070006)
10:09:18 [ERROR] could not get window rect for HWND(0xab2352): The handle is invalid. (0x80070006)
10:09:18 [ERROR] could not get window rect for HWND(0xaf2388): The handle is invalid. (0x80070006)
10:09:18 [ERROR] could not get window rect for HWND(0x6723a4): The handle is invalid. (0x80070006)
10:09:19 [ERROR] could not get window rect for HWND(0xb62362): The handle is invalid. (0x80070006)
10:09:21 [ERROR] could not get window rect for HWND(0xb022d8): The handle is invalid. (0x80070006)
10:09:25 [ERROR] could not get window rect for HWND(0xb02388): The handle is invalid. (0x80070006)
10:09:28 [ERROR] could not get window rect for HWND(0x6a23a4): The handle is invalid. (0x80070006)
10:09:29 [ERROR] could not get window rect for HWND(0x702376): The handle is invalid. (0x80070006)
10:09:31 [ERROR] could not get window rect for HWND(0xb32388): The handle is invalid. (0x80070006)
10:11:10 [ERROR] could not get window rect for HWND(0x98208c): The handle is invalid. (0x80070006)
10:11:32 [ERROR] could not get window rect for HWND(0xa52374): The handle is invalid. (0x80070006)
10:12:19 [ERROR] could not get window rect for HWND(0xad2374): The handle is invalid. (0x80070006)
10:12:55 [ERROR] could not get window rect for HWND(0x602346): The handle is invalid. (0x80070006)
10:13:07 [ERROR] could not get window rect for HWND(0x642346): The handle is invalid. (0x80070006)
10:13:51 [ERROR] could not get window rect for HWND(0x102490): The handle is invalid. (0x80070006)
10:13:59 [ERROR] could not get window rect for HWND(0x132490): The handle is invalid. (0x80070006)
10:14:11 [ERROR] could not get window rect for HWND(0x172490): The handle is invalid. (0x80070006)
10:14:25 [ERROR] could not get window rect for HWND(0x1b2490): The handle is invalid. (0x80070006)
10:14:26 [ERROR] could not get window rect for HWND(0x1724be): The handle is invalid. (0x80070006)
10:14:26 [ERROR] could not get window rect for HWND(0xb2454): The handle is invalid. (0x80070006)
10:14:26 [ERROR] could not get window rect for HWND(0xb2484): The handle is invalid. (0x80070006)
10:15:41 [ERROR] could not get window rect for HWND(0x202490): The handle is invalid. (0x80070006)
10:15:44 [ERROR] could not get window rect for HWND(0x172422): The handle is invalid. (0x80070006)
10:15:45 [ERROR] could not get window rect for HWND(0x222490): The handle is invalid. (0x80070006)
10:16:06 [ERROR] could not get window rect for HWND(0x1a24be): The handle is invalid. (0x80070006)
10:23:37 [ERROR] could not get window rect for HWND(0x8121e): The handle is invalid. (0x80070006)
10:37:39 [ERROR] could not get window rect for HWND(0x111002): The handle is invalid. (0x80070006)
10:46:52 [INFO] border is disabled for HWND(0x10400)
10:49:16 [INFO] border is disabled for HWND(0x10400)
10:49:17 [INFO] border is disabled for HWND(0x10400)
10:49:40 [INFO] border is disabled for HWND(0x10400)
10:51:59 [INFO] border is disabled for HWND(0x10400)
10:52:58 [INFO] border is disabled for HWND(0x10400)
10:53:01 [INFO] border is disabled for HWND(0x10400)
10:54:49 [INFO] border is disabled for HWND(0x10400)
10:55:12 [INFO] border is disabled for HWND(0x10400)
10:55:45 [INFO] border is disabled for HWND(0x10400)
11:36:47 [INFO] border is disabled for HWND(0x10400)
11:41:39 [INFO] border is disabled for HWND(0x10400)
11:48:18 [INFO] border is disabled for HWND(0xd04dc)
11:48:20 [INFO] border is disabled for HWND(0xd04dc)
11:48:22 [INFO] border is disabled for HWND(0xd04dc)
11:48:22 [INFO] border is disabled for HWND(0xd04dc)
11:48:23 [INFO] border is disabled for HWND(0xd04dc)
11:48:24 [INFO] border is disabled for HWND(0xd04dc)
11:48:25 [INFO] border is disabled for HWND(0xd04dc)
12:32:44 [ERROR] could not get window rect for HWND(0x31108): The handle is invalid. (0x80070006)
21:55:12 [INFO] starting tacky-borders
21:55:12 [INFO] border is disabled for HWND(0x20688)
21:57:30 [INFO] border is disabled for HWND(0x304ae)
22:32:37 [INFO] border is disabled for HWND(0x304ae)
22:58:19 [INFO] border is disabled for HWND(0xa0804)
22:59:21 [INFO] border is disabled for HWND(0xa0804)
23:03:28 [INFO] border is disabled for HWND(0x30688)
23:04:17 [INFO] border is disabled for HWND(0xa0804)
23:05:18 [INFO] border is disabled for HWND(0xa0804)
23:33:59 [INFO] border is disabled for HWND(0xa0804)
00:16:13 [INFO] border is disabled for HWND(0xa0804)
00:16:18 [INFO] border is disabled for HWND(0xa0804)
00:21:15 [INFO] border is disabled for HWND(0xa0804)
02:01:03 [INFO] border is disabled for HWND(0xa0804)
02:09:59 [INFO] border is disabled for HWND(0xa0804)
02:55:27 [INFO] border is disabled for HWND(0xa0804)
05:08:57 [INFO] border is disabled for HWND(0xa0804)
05:12:17 [INFO] border is disabled for HWND(0xa0804)
05:12:23 [INFO] border is disabled for HWND(0xa0804)
05:20:48 [INFO] border is disabled for HWND(0xa0804)
05:22:57 [INFO] border is disabled for HWND(0x304ae)
05:23:06 [INFO] border is disabled for HWND(0x304ae)
05:23:42 [ERROR] could not get window rect for HWND(0x5151c): The handle is invalid. (0x80070006)
05:24:45 [INFO] border is disabled for HWND(0x10008bc)
05:24:50 [INFO] border is disabled for HWND(0xf073a)
05:24:50 [INFO] border is disabled for HWND(0x40de8)
09:11:05 [INFO] border is disabled for HWND(0x70cda)
09:15:05 [ERROR] could not get window rect for HWND(0x41d26): The handle is invalid. (0x80070006)
09:22:22 [ERROR] could not get window rect for HWND(0x82a04ea): The handle is invalid. (0x80070006)
09:22:59 [ERROR] could not get window rect for HWND(0xa1004): The handle is invalid. (0x80070006)
09:31:51 [ERROR] could not get window rect for HWND(0xdaf0a6e): The handle is invalid. (0x80070006)
09:41:33 [INFO] border is disabled for HWND(0x304ae)
09:43:40 [INFO] border is disabled for HWND(0x10108bc)
09:47:04 [INFO] border is disabled for HWND(0x10208bc)
09:50:11 [INFO] border is disabled for HWND(0x304ae)
10:17:46 [ERROR] could not get window rect for HWND(0x2a07a8): The handle is invalid. (0x80070006)
10:30:00 [INFO] border is disabled for HWND(0x304ae)
10:34:11 [ERROR] could not get window rect for HWND(0x31c70): The handle is invalid. (0x80070006)
10:35:39 [ERROR] could not get window rect for HWND(0x170cf2): The handle is invalid. (0x80070006)
10:42:10 [ERROR] could not get window rect for HWND(0x170fbc): The handle is invalid. (0x80070006)
10:42:16 [ERROR] could not get window rect for HWND(0x60ffa): The handle is invalid. (0x80070006)
10:43:51 [ERROR] could not get window rect for HWND(0x611ee): The handle is invalid. (0x80070006)
10:44:14 [ERROR] could not get window rect for HWND(0x911f0): The handle is invalid. (0x80070006)
10:44:54 [ERROR] could not get window rect for HWND(0xb0f62): The handle is invalid. (0x80070006)
10:44:56 [ERROR] could not get window rect for HWND(0xa1202): The handle is invalid. (0x80070006)
10:45:08 [ERROR] could not get window rect for HWND(0x713ea): The handle is invalid. (0x80070006)
10:45:10 [ERROR] could not get window rect for HWND(0xd1444): The handle is invalid. (0x80070006)
10:45:39 [ERROR] could not get window rect for HWND(0xf12e2): The handle is invalid. (0x80070006)
10:46:42 [INFO] border is disabled for HWND(0x304ae)
10:55:56 [ERROR] could not get window rect for HWND(0xa13c6): The handle is invalid. (0x80070006)
11:30:11 [INFO] border is disabled for HWND(0x304ae)
11:33:43 [INFO] border is disabled for HWND(0x304ae)
11:39:47 [INFO] border is disabled for HWND(0x304ae)
11:49:29 [INFO] border is disabled for HWND(0x304ae)
11:49:35 [INFO] border is disabled for HWND(0x304ae)
11:52:24 [INFO] border is disabled for HWND(0x304ae)
11:52:30 [INFO] border is disabled for HWND(0x304ae)
11:52:39 [INFO] border is disabled for HWND(0x304ae)
11:54:41 [INFO] border is disabled for HWND(0x304ae)
11:55:13 [INFO] border is disabled for HWND(0x150eba)
11:55:18 [INFO] border is disabled for HWND(0x180ed0)
11:55:18 [INFO] border is disabled for HWND(0x101332)
11:56:45 [INFO] border is disabled for HWND(0xa0804)
12:13:37 [INFO] border is disabled for HWND(0xa0804)
12:48:34 [INFO] border is disabled for HWND(0xa0804)
12:50:41 [INFO] border is disabled for HWND(0xa0804)
13:02:12 [INFO] border is disabled for HWND(0xa0804)
13:04:35 [INFO] border is disabled for HWND(0xa0804)
13:15:45 [INFO] border is disabled for HWND(0xa0804)
13:15:46 [INFO] border is disabled for HWND(0xa0804)
13:34:40 [INFO] border is disabled for HWND(0xa0804)
14:10:06 [INFO] border is disabled for HWND(0xa0804)
14:10:13 [INFO] border is disabled for HWND(0xa0804)
14:11:44 [INFO] border is disabled for HWND(0x304ae)
14:12:36 [INFO] border is disabled for HWND(0x304ae)
14:14:34 [INFO] border is disabled for HWND(0x304ae)
14:14:58 [INFO] border is disabled for HWND(0x304ae)
14:16:10 [INFO] border is disabled for HWND(0x304ae)
14:16:10 [ERROR] could not get window rect for HWND(0x1c551432): The handle is invalid. (0x80070006)
22:55:11 [INFO] starting tacky-borders
22:55:12 [INFO] border is disabled for HWND(0x2062a)
23:00:33 [INFO] border is disabled for HWND(0x3053a)
23:00:34 [INFO] border is disabled for HWND(0x3053a)
23:01:32 [INFO] border is disabled for HWND(0x3053a)
23:40:48 [INFO] border is disabled for HWND(0x1080a)
23:41:07 [INFO] border is disabled for HWND(0x1080a)
00:11:34 [ERROR] could not get window rect for HWND(0xa870886): The handle is invalid. (0x80070006)
00:11:45 [ERROR] could not get window rect for HWND(0xe670846): The handle is invalid. (0x80070006)
00:12:01 [ERROR] could not set window position for HWND(0x406f6): Access is denied. (0x80070005)
00:12:02 [ERROR] could not get window rect for HWND(0xc580848): The handle is invalid. (0x80070006)
00:12:37 [INFO] border is disabled for HWND(0x1080a)
00:20:15 [INFO] border is disabled for HWND(0x1080a)
00:56:43 [INFO] border is disabled for HWND(0x1080a)
00:56:47 [INFO] border is disabled for HWND(0x1080a)
02:04:25 [INFO] border is disabled for HWND(0x1080a)
02:11:20 [INFO] border is disabled for HWND(0x1080a)
02:11:25 [INFO] border is disabled for HWND(0x3053a)
02:11:26 [ERROR] could not set window position for HWND(0x403e4): Access is denied. (0x80070005)
02:11:26 [ERROR] could not set window position for HWND(0x403e4): Access is denied. (0x80070005)
02:11:46 [INFO] border is disabled for HWND(0x1080a)
02:11:47 [INFO] border is disabled for HWND(0x1080a)
02:29:36 [INFO] border is disabled for HWND(0x1080a)
03:58:41 [INFO] border is disabled for HWND(0x1080a)
04:22:32 [INFO] border is disabled for HWND(0x1080a)
04:49:50 [INFO] border is disabled for HWND(0x1080a)
05:20:25 [INFO] border is disabled for HWND(0x1080a)
05:21:03 [INFO] border is disabled for HWND(0x1080a)
05:21:10 [INFO] border is disabled for HWND(0x1080a)
05:26:09 [INFO] border is disabled for HWND(0x1080a)
05:29:41 [INFO] border is disabled for HWND(0x1080a)
05:29:44 [INFO] border is disabled for HWND(0x1080a)
07:08:28 [INFO] border is disabled for HWND(0x1080a)
07:10:17 [INFO] border is disabled for HWND(0x3062a)
07:15:23 [INFO] border is disabled for HWND(0x1080a)
07:18:32 [INFO] border is disabled for HWND(0x201c6)
07:19:05 [INFO] border is disabled for HWND(0x4bd30892)
07:19:24 [INFO] border is disabled for HWND(0x51160980)
07:19:24 [INFO] border is disabled for HWND(0x51170980)
07:20:08 [INFO] border is disabled for HWND(0x482c0a26)
07:20:08 [INFO] border is disabled for HWND(0x482d0a26)
07:20:47 [INFO] border is disabled for HWND(0x609908d6)
07:20:48 [INFO] border is disabled for HWND(0x609a08d6)
07:20:50 [INFO] border is disabled for HWND(0x100696)
07:20:51 [INFO] border is disabled for HWND(0x1206d0)
07:21:02 [ERROR] could not get window rect for HWND(0x450a0a0e): The handle is invalid. (0x80070006)
07:21:05 [INFO] border is disabled for HWND(0x3059c)
07:21:21 [INFO] border is disabled for HWND(0x4059c)
07:21:29 [INFO] border is disabled for HWND(0x54fd088c)
07:21:47 [INFO] border is disabled for HWND(0x732908aa)
07:21:51 [INFO] border is disabled for HWND(0x1080a)
07:21:52 [INFO] border is disabled for HWND(0x1080a)
07:21:56 [ERROR] could not set window position for HWND(0x6b06d4): Access is denied. (0x80070005)
07:21:56 [ERROR] could not set window position for HWND(0x6b06d4): Access is denied. (0x80070005)
07:22:41 [INFO] border is disabled for HWND(0x1080a)
07:22:44 [INFO] border is disabled for HWND(0x1080a)
07:22:46 [INFO] border is disabled for HWND(0x1080a)
07:29:25 [INFO] border is disabled for HWND(0x1080a)
07:29:28 [INFO] border is disabled for HWND(0x1080a)
07:32:50 [INFO] border is disabled for HWND(0x1080a)
07:36:09 [INFO] border is disabled for HWND(0x100676)
07:36:46 [ERROR] could not check for changes in config dir: The I/O operation has been aborted because of either a thread exit or an application request. (0x800703E3)
07:36:46 [INFO] exiting tacky-borders
07:05:21 [INFO] starting tacky-borders
07:07:30 [INFO] border is disabled for HWND(0x70440)
07:07:41 [INFO] border is disabled for HWND(0x70440)
07:08:14 [INFO] border is disabled for HWND(0x70440)
07:08:49 [INFO] config.yaml has changed; reloading borders
07:10:30 [ERROR] could not get window rect for HWND(0x1a076c): The handle is invalid. (0x80070006)
07:10:30 [ERROR] could not get window rect for HWND(0x1007a2): The handle is invalid. (0x80070006)
07:10:30 [ERROR] could not get window rect for HWND(0x1c076c): The handle is invalid. (0x80070006)
07:13:09 [INFO] border is disabled for HWND(0x70608)
07:18:38 [INFO] border is disabled for HWND(0x70608)
07:18:42 [INFO] border is disabled for HWND(0x60b50)
07:19:17 [INFO] border is disabled for HWND(0x70440)
07:20:33 [INFO] border is disabled for HWND(0x420aaa)
07:23:41 [ERROR] could not get window rect for HWND(0xa0990): The handle is invalid. (0x80070006)
07:23:41 [ERROR] could not get window rect for HWND(0xa0b74): The handle is invalid. (0x80070006)
07:23:41 [ERROR] could not get window rect for HWND(0xc0990): The handle is invalid. (0x80070006)
07:23:49 [ERROR] could not get window rect for HWND(0x80a18): The handle is invalid. (0x80070006)
07:23:49 [ERROR] could not get window rect for HWND(0xa0a18): The handle is invalid. (0x80070006)
07:28:01 [INFO] border is disabled for HWND(0x70440)
07:28:16 [ERROR] could not get window rect for HWND(0x80b36): The handle is invalid. (0x80070006)
07:28:16 [ERROR] could not get window rect for HWND(0xb0b1a): The handle is invalid. (0x80070006)
07:28:16 [ERROR] could not get window rect for HWND(0xa0b36): The handle is invalid. (0x80070006)
07:28:26 [INFO] border is disabled for HWND(0x70608)
07:28:32 [INFO] border is disabled for HWND(0x70608)
07:28:40 [INFO] border is disabled for HWND(0xc0ba6)
07:29:22 [INFO] border is disabled for HWND(0x100ba6)
07:34:26 [INFO] border is disabled for HWND(0x70440)
07:34:57 [INFO] border is disabled for HWND(0x70440)
07:36:24 [INFO] border is disabled for HWND(0x70440)
07:36:36 [INFO] border is disabled for HWND(0x70440)
07:37:30 [INFO] border is disabled for HWND(0x70440)
07:37:33 [INFO] border is disabled for HWND(0x70440)
07:47:54 [INFO] border is disabled for HWND(0x70440)
07:49:03 [INFO] border is disabled for HWND(0x70440)
07:49:18 [INFO] border is disabled for HWND(0x70440)
07:55:26 [INFO] border is disabled for HWND(0x70440)
07:55:35 [INFO] border is disabled for HWND(0x70440)
07:59:32 [INFO] border is disabled for HWND(0x70608)
07:59:54 [INFO] border is disabled for HWND(0x70608)
08:00:20 [INFO] border is disabled for HWND(0x70608)
08:00:23 [INFO] border is disabled for HWND(0x70608)
08:01:21 [INFO] border is disabled for HWND(0x70440)
08:01:26 [INFO] border is disabled for HWND(0x70440)
08:01:28 [ERROR] could not set window position for HWND(0xc0648): Access is denied. (0x80070005)
08:01:28 [ERROR] could not set window position for HWND(0xc0648): Access is denied. (0x80070005)
08:01:30 [INFO] border is disabled for HWND(0xf0a5a)
08:01:31 [INFO] border is disabled for HWND(0x30cf2)
08:02:04 [INFO] border is disabled for HWND(0x70440)
08:05:55 [INFO] border is disabled for HWND(0x70608)
08:06:29 [INFO] border is disabled for HWND(0x70608)
08:23:04 [INFO] border is disabled for HWND(0x70608)
08:23:38 [INFO] border is disabled for HWND(0x70608)
08:26:53 [INFO] border is disabled for HWND(0x70608)
08:32:57 [INFO] border is disabled for HWND(0x70608)
08:35:39 [INFO] border is disabled for HWND(0x70608)
08:35:41 [INFO] border is disabled for HWND(0x70608)
08:47:12 [INFO] border is disabled for HWND(0x1a0668)
09:04:54 [INFO] border is disabled for HWND(0x70440)
09:05:00 [INFO] border is disabled for HWND(0x70440)
09:05:27 [INFO] border is disabled for HWND(0x70440)
09:06:16 [INFO] border is disabled for HWND(0x70440)
09:06:54 [INFO] border is disabled for HWND(0x70440)
09:07:01 [INFO] border is disabled for HWND(0x70440)
09:07:16 [INFO] border is disabled for HWND(0x70440)
09:07:24 [INFO] border is disabled for HWND(0x70440)
09:07:28 [INFO] border is disabled for HWND(0x70440)
09:07:48 [INFO] border is disabled for HWND(0x70440)
09:12:36 [INFO] border is disabled for HWND(0x70440)
09:12:44 [INFO] border is disabled for HWND(0x70440)
09:12:53 [INFO] border is disabled for HWND(0x70440)
09:26:01 [INFO] border is disabled for HWND(0x70440)
09:26:33 [INFO] border is disabled for HWND(0x70440)
09:26:43 [INFO] border is disabled for HWND(0x70440)
09:27:25 [INFO] border is disabled for HWND(0x70440)
09:55:05 [INFO] border is disabled for HWND(0x70440)
09:55:13 [INFO] border is disabled for HWND(0x70440)
09:57:48 [INFO] border is disabled for HWND(0x70440)
09:57:57 [INFO] border is disabled for HWND(0x70440)
09:58:06 [INFO] border is disabled for HWND(0x70440)
09:58:19 [INFO] border is disabled for HWND(0x70440)
10:05:47 [INFO] border is disabled for HWND(0x70440)
10:05:58 [INFO] border is disabled for HWND(0x70440)
10:07:29 [INFO] border is disabled for HWND(0x70440)
10:07:36 [INFO] border is disabled for HWND(0x70440)
10:07:50 [INFO] border is disabled for HWND(0x70440)
10:08:05 [INFO] border is disabled for HWND(0x70440)
10:08:16 [INFO] border is disabled for HWND(0x70440)
10:08:24 [INFO] border is disabled for HWND(0x70440)
10:08:35 [INFO] border is disabled for HWND(0x70440)
10:09:42 [INFO] border is disabled for HWND(0x70440)
10:09:56 [INFO] border is disabled for HWND(0x70440)
10:10:10 [INFO] border is disabled for HWND(0x70440)
10:15:55 [INFO] border is disabled for HWND(0xd3107ae)
10:15:56 [INFO] border is disabled for HWND(0xd3207ae)
10:15:56 [INFO] border is disabled for HWND(0xd3307ae)
10:15:57 [INFO] border is disabled for HWND(0xd3407ae)
10:15:59 [INFO] border is disabled for HWND(0xd3507ae)
10:16:03 [INFO] border is disabled for HWND(0xd3607ae)
10:16:04 [INFO] border is disabled for HWND(0xd3707ae)
10:16:10 [INFO] border is disabled for HWND(0xd3807ae)
10:17:59 [INFO] border is disabled for HWND(0x70608)
10:18:15 [INFO] border is disabled for HWND(0xe4a0950)
10:26:33 [INFO] border is disabled for HWND(0x70440)
10:26:41 [INFO] border is disabled for HWND(0x70440)
10:27:30 [INFO] border is disabled for HWND(0x70440)
10:27:40 [INFO] border is disabled for HWND(0x70440)
10:54:58 [INFO] border is disabled for HWND(0x70440)
10:56:17 [INFO] border is disabled for HWND(0x70440)
11:33:55 [INFO] border is disabled for HWND(0x9a10c68)
11:41:12 [INFO] border is disabled for HWND(0x70440)
11:41:20 [INFO] border is disabled for HWND(0x70440)
11:41:30 [INFO] border is disabled for HWND(0x70440)
11:41:42 [INFO] border is disabled for HWND(0x70440)
13:00:48 [INFO] border is disabled for HWND(0x70440)
13:00:53 [INFO] border is disabled for HWND(0x70440)
13:00:58 [INFO] border is disabled for HWND(0x70440)
13:19:37 [INFO] border is disabled for HWND(0x70440)
14:38:47 [INFO] border is disabled for HWND(0x70440)
14:38:57 [INFO] border is disabled for HWND(0x70440)
14:56:33 [INFO] border is disabled for HWND(0x70440)
02:25:10 [INFO] starting tacky-borders
02:32:31 [INFO] border is disabled for HWND(0x2506fe)
02:42:01 [INFO] border is disabled for HWND(0x2506fe)
02:45:17 [INFO] border is disabled for HWND(0x2506fe)
02:45:50 [INFO] border is disabled for HWND(0x2506fe)
02:46:24 [INFO] border is disabled for HWND(0x2506fe)
02:56:54 [INFO] border is disabled for HWND(0x2506fe)
03:00:22 [INFO] border is disabled for HWND(0x2506fe)
03:00:27 [INFO] border is disabled for HWND(0x2506fe)
03:00:42 [INFO] border is disabled for HWND(0x2506fe)
03:29:42 [INFO] border is disabled for HWND(0x2506fe)
03:30:47 [INFO] border is disabled for HWND(0x2506fe)
03:30:53 [ERROR] could not get window rect for HWND(0x4098e): The handle is invalid. (0x80070006)
03:49:08 [INFO] border is disabled for HWND(0xa0a96)
03:56:04 [INFO] border is disabled for HWND(0x205da)
03:56:14 [INFO] border is disabled for HWND(0xc03b0)
03:56:14 [INFO] border is disabled for HWND(0xd03b0)
03:56:16 [INFO] border is disabled for HWND(0xe03b0)
03:56:16 [INFO] border is disabled for HWND(0x205da)
03:57:44 [INFO] border is disabled for HWND(0x205da)
03:57:49 [INFO] border is disabled for HWND(0x205da)
03:57:58 [INFO] border is disabled for HWND(0x205da)
04:00:22 [INFO] border is disabled for HWND(0x205da)
04:11:37 [INFO] border is disabled for HWND(0x205da)
04:11:38 [INFO] border is disabled for HWND(0x2506fe)
04:12:01 [INFO] border is disabled for HWND(0x205da)
04:35:02 [INFO] border is disabled for HWND(0x205da)
04:35:04 [INFO] border is disabled for HWND(0x205da)
05:22:36 [INFO] border is disabled for HWND(0x205da)
05:37:46 [INFO] border is disabled for HWND(0x2506fe)
05:38:39 [INFO] border is disabled for HWND(0x2506fe)
05:38:56 [INFO] border is disabled for HWND(0x2506fe)
05:39:57 [INFO] border is disabled for HWND(0x2506fe)
05:40:04 [INFO] border is disabled for HWND(0x2506fe)
05:40:09 [INFO] border is disabled for HWND(0x2506fe)
05:40:21 [INFO] border is disabled for HWND(0x2506fe)
05:43:11 [INFO] border is disabled for HWND(0x2506fe)
07:02:43 [INFO] border is disabled for HWND(0x2506fe)
08:04:09 [INFO] border is disabled for HWND(0x40036)
08:04:09 [INFO] border is disabled for HWND(0x101d6)
08:05:24 [INFO] border is disabled for HWND(0x205da)
08:05:35 [INFO] border is disabled for HWND(0x205da)
08:06:28 [INFO] border is disabled for HWND(0x40036)
08:06:28 [INFO] border is disabled for HWND(0x101d6)
08:11:38 [INFO] border is disabled for HWND(0x205da)
08:12:38 [INFO] border is disabled for HWND(0x205da)
08:12:54 [INFO] border is disabled for HWND(0x205da)
08:13:41 [INFO] border is disabled for HWND(0x205da)
08:13:49 [INFO] border is disabled for HWND(0x205da)
08:18:12 [INFO] border is disabled for HWND(0x205da)
09:12:08 [INFO] border is disabled for HWND(0x205da)
09:12:09 [INFO] border is disabled for HWND(0x40036)
09:12:09 [INFO] border is disabled for HWND(0x101d6)
09:14:06 [INFO] border is disabled for HWND(0x2506fe)
09:15:35 [INFO] border is disabled for HWND(0x205da)
09:48:23 [INFO] border is disabled for HWND(0x124e0248)
09:48:24 [INFO] border is disabled for HWND(0x124f0248)
10:37:02 [INFO] border is disabled for HWND(0x2506fe)
10:39:59 [INFO] border is disabled for HWND(0x205da)
10:40:04 [INFO] border is disabled for HWND(0x205da)
10:40:14 [INFO] border is disabled for HWND(0xdd30c86)
10:40:15 [INFO] border is disabled for HWND(0xdd40c86)
10:40:21 [INFO] border is disabled for HWND(0x40036)
10:40:21 [INFO] border is disabled for HWND(0x101d6)
10:40:54 [INFO] border is disabled for HWND(0x14f90444)
10:42:48 [INFO] border is disabled for HWND(0x205da)
10:42:52 [INFO] border is disabled for HWND(0x207d07e0)
10:43:14 [INFO] border is disabled for HWND(0x40036)
10:43:14 [INFO] border is disabled for HWND(0x101d6)
10:43:30 [INFO] border is disabled for HWND(0x205da)
10:43:43 [INFO] border is disabled for HWND(0x205da)
10:44:16 [INFO] border is disabled for HWND(0xb770c78)
10:44:19 [INFO] border is disabled for HWND(0x205da)
10:44:53 [INFO] border is disabled for HWND(0x1f560be0)
10:44:55 [INFO] border is disabled for HWND(0x40036)
10:44:55 [INFO] border is disabled for HWND(0x101d6)
10:45:37 [INFO] border is disabled for HWND(0x2506fe)
10:45:43 [INFO] border is disabled for HWND(0x205da)
10:45:57 [INFO] border is disabled for HWND(0x205da)
10:46:58 [INFO] border is disabled for HWND(0x205da)
10:47:00 [INFO] border is disabled for HWND(0x205da)
10:47:15 [INFO] border is disabled for HWND(0x205da)
10:49:36 [INFO] border is disabled for HWND(0x205da)
10:50:48 [INFO] border is disabled for HWND(0x40036)
10:50:48 [INFO] border is disabled for HWND(0x101d6)
10:50:51 [INFO] border is disabled for HWND(0x40036)
10:50:51 [INFO] border is disabled for HWND(0x101d6)
10:51:09 [INFO] border is disabled for HWND(0xe0b56)
10:52:24 [INFO] border is disabled for HWND(0x2506fe)
10:53:35 [INFO] border is disabled for HWND(0x205da)
11:24:23 [INFO] border is disabled for HWND(0x150509ae)
11:24:24 [INFO] border is disabled for HWND(0x150609ae)
11:29:16 [ERROR] could not get window rect for HWND(0x1ecd0be2): The handle is invalid. (0x80070006)
11:29:22 [ERROR] could not get window rect for HWND(0x1fa007c4): The handle is invalid. (0x80070006)
11:30:32 [ERROR] could not get window rect for HWND(0x217e0736): The handle is invalid. (0x80070006)
11:30:32 [ERROR] could not get window rect for HWND(0x217f0736): The handle is invalid. (0x80070006)
11:30:34 [ERROR] could not get window rect for HWND(0x1f1e07c6): The handle is invalid. (0x80070006)
11:30:36 [ERROR] could not get window rect for HWND(0x21810736): The handle is invalid. (0x80070006)
11:30:47 [ERROR] could not get window rect for HWND(0x110d0c56): The handle is invalid. (0x80070006)
11:32:47 [ERROR] could not get window rect for HWND(0xc040bbe): The handle is invalid. (0x80070006)
11:32:48 [ERROR] could not get window rect for HWND(0x1ff30bb8): The handle is invalid. (0x80070006)
11:34:51 [INFO] border is disabled for HWND(0x205da)
11:42:07 [INFO] border is disabled for HWND(0x205da)
11:42:14 [INFO] border is disabled for HWND(0x205da)
11:42:16 [INFO] border is disabled for HWND(0x40036)
11:42:16 [INFO] border is disabled for HWND(0x101d6)
13:14:42 [INFO] border is disabled for HWND(0x205da)
13:14:47 [INFO] border is disabled for HWND(0x40036)
13:14:47 [INFO] border is disabled for HWND(0x101d6)
13:16:14 [INFO] border is disabled for HWND(0x205da)
13:16:21 [INFO] border is disabled for HWND(0x40036)
13:16:21 [INFO] border is disabled for HWND(0x101d6)
13:16:34 [INFO] border is disabled for HWND(0x205da)
13:16:39 [INFO] border is disabled for HWND(0x205da)
13:17:30 [INFO] border is disabled for HWND(0x205da)
13:17:46 [INFO] border is disabled for HWND(0x205da)
13:17:52 [INFO] border is disabled for HWND(0x205da)
13:17:56 [INFO] border is disabled for HWND(0x2506fe)
13:18:41 [INFO] border is disabled for HWND(0x205da)
